filepath,filename,video_id,original_class,shot_type,has_text,joint_label,split,embedding_index
C:\Temp\shot-classification\labeled_dataset\medium_text\0001_cut_001.jpg,0001_cut_001.jpg,0001,medium_text,medium,1,medium_text,train,0
C:\Temp\shot-classification\labeled_dataset\medium_text\0001_cut_002.jpg,0001_cut_002.jpg,0001,medium_text,medium,1,medium_text,train,1
C:\Temp\shot-classification\labeled_dataset\medium_text\0001_cut_004.jpg,0001_cut_004.jpg,0001,medium_text,medium,1,medium_text,train,2
C:\Temp\shot-classification\labeled_dataset\wide_text\0001_cut_003.jpg,0001_cut_003.jpg,0001,wide_text,wide,1,wide_text,train,3
C:\Temp\shot-classification\labeled_dataset\close-up_text\0002_cut_006.jpg,0002_cut_006.jpg,0002,close-up_text,close-up,1,close-up_text,train,4
C:\Temp\shot-classification\labeled_dataset\close-up_text\0002_cut_007.jpg,0002_cut_007.jpg,0002,close-up_text,close-up,1,close-up_text,train,5
C:\Temp\shot-classification\labeled_dataset\close-up_text\0002_cut_008.jpg,0002_cut_008.jpg,0002,close-up_text,close-up,1,close-up_text,train,6
C:\Temp\shot-classification\labeled_dataset\close-up_text\0002_cut_013.jpg,0002_cut_013.jpg,0002,close-up_text,close-up,1,close-up_text,train,7
C:\Temp\shot-classification\labeled_dataset\close-up_text\0002_cut_014.jpg,0002_cut_014.jpg,0002,close-up_text,close-up,1,close-up_text,train,8
C:\Temp\shot-classification\labeled_dataset\object_text\0002_cut_001.jpg,0002_cut_001.jpg,0002,object_text,object,1,object_text,train,9
C:\Temp\shot-classification\labeled_dataset\object_text\0002_cut_002.jpg,0002_cut_002.jpg,0002,object_text,object,1,object_text,train,10
C:\Temp\shot-classification\labeled_dataset\object_text\0002_cut_003.jpg,0002_cut_003.jpg,0002,object_text,object,1,object_text,train,11
C:\Temp\shot-classification\labeled_dataset\object_text\0002_cut_004.jpg,0002_cut_004.jpg,0002,object_text,object,1,object_text,train,12
C:\Temp\shot-classification\labeled_dataset\object_text\0002_cut_005.jpg,0002_cut_005.jpg,0002,object_text,object,1,object_text,train,13
C:\Temp\shot-classification\labeled_dataset\object_text\0002_cut_009.jpg,0002_cut_009.jpg,0002,object_text,object,1,object_text,train,14
C:\Temp\shot-classification\labeled_dataset\object_text\0002_cut_010.jpg,0002_cut_010.jpg,0002,object_text,object,1,object_text,train,15
C:\Temp\shot-classification\labeled_dataset\object_text\0002_cut_011.jpg,0002_cut_011.jpg,0002,object_text,object,1,object_text,train,16
C:\Temp\shot-classification\labeled_dataset\object_text\0002_cut_012.jpg,0002_cut_012.jpg,0002,object_text,object,1,object_text,train,17
C:\Temp\shot-classification\labeled_dataset\object_text\0002_cut_015.jpg,0002_cut_015.jpg,0002,object_text,object,1,object_text,train,18
C:\Temp\shot-classification\labeled_dataset\medium_text\0003_cut_002.jpg,0003_cut_002.jpg,0003,medium_text,medium,1,medium_text,train,19
C:\Temp\shot-classification\labeled_dataset\medium_text\0003_cut_004.jpg,0003_cut_004.jpg,0003,medium_text,medium,1,medium_text,train,20
C:\Temp\shot-classification\labeled_dataset\medium_text\0003_cut_005.jpg,0003_cut_005.jpg,0003,medium_text,medium,1,medium_text,train,21
C:\Temp\shot-classification\labeled_dataset\medium_text\0003_cut_006.jpg,0003_cut_006.jpg,0003,medium_text,medium,1,medium_text,train,22
C:\Temp\shot-classification\labeled_dataset\medium_text\0003_cut_008.jpg,0003_cut_008.jpg,0003,medium_text,medium,1,medium_text,train,23
C:\Temp\shot-classification\labeled_dataset\medium_text\0003_cut_009.jpg,0003_cut_009.jpg,0003,medium_text,medium,1,medium_text,train,24
C:\Temp\shot-classification\labeled_dataset\medium_text\0003_cut_011.jpg,0003_cut_011.jpg,0003,medium_text,medium,1,medium_text,train,25
C:\Temp\shot-classification\labeled_dataset\medium_text\0003_cut_013.jpg,0003_cut_013.jpg,0003,medium_text,medium,1,medium_text,train,26
C:\Temp\shot-classification\labeled_dataset\wide_notext\0003_cut_003.jpg,0003_cut_003.jpg,0003,wide_notext,wide,0,wide_notext,train,27
C:\Temp\shot-classification\labeled_dataset\wide_notext\0003_cut_007.jpg,0003_cut_007.jpg,0003,wide_notext,wide,0,wide_notext,train,28
C:\Temp\shot-classification\labeled_dataset\wide_notext\0003_cut_010.jpg,0003_cut_010.jpg,0003,wide_notext,wide,0,wide_notext,train,29
C:\Temp\shot-classification\labeled_dataset\wide_notext\0003_cut_012.jpg,0003_cut_012.jpg,0003,wide_notext,wide,0,wide_notext,train,30
C:\Temp\shot-classification\labeled_dataset\wide_notext\0003_cut_014.jpg,0003_cut_014.jpg,0003,wide_notext,wide,0,wide_notext,train,31
C:\Temp\shot-classification\labeled_dataset\wide_text\0003_cut_001.jpg,0003_cut_001.jpg,0003,wide_text,wide,1,wide_text,train,32
C:\Temp\shot-classification\labeled_dataset\close-up_text\0004_cut_006.jpg,0004_cut_006.jpg,0004,close-up_text,close-up,1,close-up_text,train,33
C:\Temp\shot-classification\labeled_dataset\close-up_text\0004_cut_009.jpg,0004_cut_009.jpg,0004,close-up_text,close-up,1,close-up_text,train,34
C:\Temp\shot-classification\labeled_dataset\close-up_text\0004_cut_010.jpg,0004_cut_010.jpg,0004,close-up_text,close-up,1,close-up_text,train,35
C:\Temp\shot-classification\labeled_dataset\object_text\0004_cut_001.jpg,0004_cut_001.jpg,0004,object_text,object,1,object_text,train,36
C:\Temp\shot-classification\labeled_dataset\object_text\0004_cut_002.jpg,0004_cut_002.jpg,0004,object_text,object,1,object_text,train,37
C:\Temp\shot-classification\labeled_dataset\object_text\0004_cut_003.jpg,0004_cut_003.jpg,0004,object_text,object,1,object_text,train,38
C:\Temp\shot-classification\labeled_dataset\object_text\0004_cut_004.jpg,0004_cut_004.jpg,0004,object_text,object,1,object_text,train,39
C:\Temp\shot-classification\labeled_dataset\object_text\0004_cut_005.jpg,0004_cut_005.jpg,0004,object_text,object,1,object_text,train,40
C:\Temp\shot-classification\labeled_dataset\object_text\0004_cut_007.jpg,0004_cut_007.jpg,0004,object_text,object,1,object_text,train,41
C:\Temp\shot-classification\labeled_dataset\object_text\0004_cut_008.jpg,0004_cut_008.jpg,0004,object_text,object,1,object_text,train,42
C:\Temp\shot-classification\labeled_dataset\object_text\0004_cut_011.jpg,0004_cut_011.jpg,0004,object_text,object,1,object_text,train,43
C:\Temp\shot-classification\labeled_dataset\wide_text\0004_cut_012.jpg,0004_cut_012.jpg,0004,wide_text,wide,1,wide_text,train,44
C:\Temp\shot-classification\labeled_dataset\medium_text\0005_cut_013.jpg,0005_cut_013.jpg,0005,medium_text,medium,1,medium_text,train,45
C:\Temp\shot-classification\labeled_dataset\object_notext\0005_cut_001.jpg,0005_cut_001.jpg,0005,object_notext,object,0,object_notext,train,46
C:\Temp\shot-classification\labeled_dataset\object_text\0005_cut_003.jpg,0005_cut_003.jpg,0005,object_text,object,1,object_text,train,47
C:\Temp\shot-classification\labeled_dataset\object_text\0005_cut_005.jpg,0005_cut_005.jpg,0005,object_text,object,1,object_text,train,48
C:\Temp\shot-classification\labeled_dataset\object_text\0005_cut_007.jpg,0005_cut_007.jpg,0005,object_text,object,1,object_text,train,49
C:\Temp\shot-classification\labeled_dataset\object_text\0005_cut_008.jpg,0005_cut_008.jpg,0005,object_text,object,1,object_text,train,50
C:\Temp\shot-classification\labeled_dataset\object_text\0005_cut_010.jpg,0005_cut_010.jpg,0005,object_text,object,1,object_text,train,51
C:\Temp\shot-classification\labeled_dataset\object_text\0005_cut_012.jpg,0005_cut_012.jpg,0005,object_text,object,1,object_text,train,52
C:\Temp\shot-classification\labeled_dataset\object_text\0005_cut_014.jpg,0005_cut_014.jpg,0005,object_text,object,1,object_text,train,53
C:\Temp\shot-classification\labeled_dataset\object_text\0005_cut_016.jpg,0005_cut_016.jpg,0005,object_text,object,1,object_text,train,54
C:\Temp\shot-classification\labeled_dataset\object_text\0005_cut_017.jpg,0005_cut_017.jpg,0005,object_text,object,1,object_text,train,55
C:\Temp\shot-classification\labeled_dataset\object_text\0005_cut_018.jpg,0005_cut_018.jpg,0005,object_text,object,1,object_text,train,56
C:\Temp\shot-classification\labeled_dataset\object_text\0005_cut_019.jpg,0005_cut_019.jpg,0005,object_text,object,1,object_text,train,57
C:\Temp\shot-classification\labeled_dataset\object_text\0005_cut_020.jpg,0005_cut_020.jpg,0005,object_text,object,1,object_text,train,58
C:\Temp\shot-classification\labeled_dataset\object_text\0005_cut_021.jpg,0005_cut_021.jpg,0005,object_text,object,1,object_text,train,59
C:\Temp\shot-classification\labeled_dataset\space_text\0005_cut_009.jpg,0005_cut_009.jpg,0005,space_text,space,1,space_text,train,60
C:\Temp\shot-classification\labeled_dataset\wide_text\0005_cut_002.jpg,0005_cut_002.jpg,0005,wide_text,wide,1,wide_text,train,61
C:\Temp\shot-classification\labeled_dataset\wide_text\0005_cut_004.jpg,0005_cut_004.jpg,0005,wide_text,wide,1,wide_text,train,62
C:\Temp\shot-classification\labeled_dataset\wide_text\0005_cut_011.jpg,0005_cut_011.jpg,0005,wide_text,wide,1,wide_text,train,63
C:\Temp\shot-classification\labeled_dataset\medium_text\0006_cut_001.jpg,0006_cut_001.jpg,0006,medium_text,medium,1,medium_text,test,64
C:\Temp\shot-classification\labeled_dataset\medium_text\0006_cut_002.jpg,0006_cut_002.jpg,0006,medium_text,medium,1,medium_text,test,65
C:\Temp\shot-classification\labeled_dataset\medium_text\0006_cut_003.jpg,0006_cut_003.jpg,0006,medium_text,medium,1,medium_text,test,66
C:\Temp\shot-classification\labeled_dataset\medium_text\0006_cut_004.jpg,0006_cut_004.jpg,0006,medium_text,medium,1,medium_text,test,67
C:\Temp\shot-classification\labeled_dataset\medium_text\0006_cut_005.jpg,0006_cut_005.jpg,0006,medium_text,medium,1,medium_text,test,68
C:\Temp\shot-classification\labeled_dataset\medium_text\0007_cut_001.jpg,0007_cut_001.jpg,0007,medium_text,medium,1,medium_text,train,69
C:\Temp\shot-classification\labeled_dataset\object_text\0007_cut_002.jpg,0007_cut_002.jpg,0007,object_text,object,1,object_text,train,70
C:\Temp\shot-classification\labeled_dataset\object_text\0007_cut_003.jpg,0007_cut_003.jpg,0007,object_text,object,1,object_text,train,71
C:\Temp\shot-classification\labeled_dataset\object_text\0007_cut_004.jpg,0007_cut_004.jpg,0007,object_text,object,1,object_text,train,72
C:\Temp\shot-classification\labeled_dataset\space_text\0007_cut_006.jpg,0007_cut_006.jpg,0007,space_text,space,1,space_text,train,73
C:\Temp\shot-classification\labeled_dataset\wide_text\0007_cut_005.jpg,0007_cut_005.jpg,0007,wide_text,wide,1,wide_text,train,74
C:\Temp\shot-classification\labeled_dataset\wide_text\0007_cut_007.jpg,0007_cut_007.jpg,0007,wide_text,wide,1,wide_text,train,75
C:\Temp\shot-classification\labeled_dataset\wide_text\0007_cut_008.jpg,0007_cut_008.jpg,0007,wide_text,wide,1,wide_text,train,76
C:\Temp\shot-classification\labeled_dataset\object_text\0008_cut_003.jpg,0008_cut_003.jpg,0008,object_text,object,1,object_text,train,77
C:\Temp\shot-classification\labeled_dataset\object_text\0008_cut_009.jpg,0008_cut_009.jpg,0008,object_text,object,1,object_text,train,78
C:\Temp\shot-classification\labeled_dataset\object_text\0008_cut_011.jpg,0008_cut_011.jpg,0008,object_text,object,1,object_text,train,79
C:\Temp\shot-classification\labeled_dataset\object_text\0008_cut_012.jpg,0008_cut_012.jpg,0008,object_text,object,1,object_text,train,80
C:\Temp\shot-classification\labeled_dataset\object_text\0008_cut_013.jpg,0008_cut_013.jpg,0008,object_text,object,1,object_text,train,81
C:\Temp\shot-classification\labeled_dataset\object_text\0008_cut_016.jpg,0008_cut_016.jpg,0008,object_text,object,1,object_text,train,82
C:\Temp\shot-classification\labeled_dataset\object_text\0008_cut_017.jpg,0008_cut_017.jpg,0008,object_text,object,1,object_text,train,83
C:\Temp\shot-classification\labeled_dataset\object_text\0008_cut_021.jpg,0008_cut_021.jpg,0008,object_text,object,1,object_text,train,84
C:\Temp\shot-classification\labeled_dataset\object_text\0008_cut_022.jpg,0008_cut_022.jpg,0008,object_text,object,1,object_text,train,85
C:\Temp\shot-classification\labeled_dataset\object_text\0008_cut_023.jpg,0008_cut_023.jpg,0008,object_text,object,1,object_text,train,86
C:\Temp\shot-classification\labeled_dataset\space_text\0008_cut_001.jpg,0008_cut_001.jpg,0008,space_text,space,1,space_text,train,87
C:\Temp\shot-classification\labeled_dataset\space_text\0008_cut_002.jpg,0008_cut_002.jpg,0008,space_text,space,1,space_text,train,88
C:\Temp\shot-classification\labeled_dataset\space_text\0008_cut_004.jpg,0008_cut_004.jpg,0008,space_text,space,1,space_text,train,89
C:\Temp\shot-classification\labeled_dataset\space_text\0008_cut_005.jpg,0008_cut_005.jpg,0008,space_text,space,1,space_text,train,90
C:\Temp\shot-classification\labeled_dataset\space_text\0008_cut_006.jpg,0008_cut_006.jpg,0008,space_text,space,1,space_text,train,91
C:\Temp\shot-classification\labeled_dataset\space_text\0008_cut_007.jpg,0008_cut_007.jpg,0008,space_text,space,1,space_text,train,92
C:\Temp\shot-classification\labeled_dataset\space_text\0008_cut_010.jpg,0008_cut_010.jpg,0008,space_text,space,1,space_text,train,93
C:\Temp\shot-classification\labeled_dataset\space_text\0008_cut_014.jpg,0008_cut_014.jpg,0008,space_text,space,1,space_text,train,94
C:\Temp\shot-classification\labeled_dataset\space_text\0008_cut_018.jpg,0008_cut_018.jpg,0008,space_text,space,1,space_text,train,95
C:\Temp\shot-classification\labeled_dataset\space_text\0008_cut_019.jpg,0008_cut_019.jpg,0008,space_text,space,1,space_text,train,96
C:\Temp\shot-classification\labeled_dataset\space_text\0008_cut_024.jpg,0008_cut_024.jpg,0008,space_text,space,1,space_text,train,97
C:\Temp\shot-classification\labeled_dataset\space_text\0008_cut_025.jpg,0008_cut_025.jpg,0008,space_text,space,1,space_text,train,98
C:\Temp\shot-classification\labeled_dataset\wide_text\0008_cut_015.jpg,0008_cut_015.jpg,0008,wide_text,wide,1,wide_text,train,99
C:\Temp\shot-classification\labeled_dataset\object_text\0009_cut_001.jpg,0009_cut_001.jpg,0009,object_text,object,1,object_text,train,100
C:\Temp\shot-classification\labeled_dataset\object_text\0009_cut_002.jpg,0009_cut_002.jpg,0009,object_text,object,1,object_text,train,101
C:\Temp\shot-classification\labeled_dataset\object_text\0009_cut_003.jpg,0009_cut_003.jpg,0009,object_text,object,1,object_text,train,102
C:\Temp\shot-classification\labeled_dataset\object_text\0009_cut_004.jpg,0009_cut_004.jpg,0009,object_text,object,1,object_text,train,103
C:\Temp\shot-classification\labeled_dataset\object_text\0009_cut_005.jpg,0009_cut_005.jpg,0009,object_text,object,1,object_text,train,104
C:\Temp\shot-classification\labeled_dataset\object_text\0009_cut_006.jpg,0009_cut_006.jpg,0009,object_text,object,1,object_text,train,105
C:\Temp\shot-classification\labeled_dataset\medium_notext\0010_cut_002.jpg,0010_cut_002.jpg,0010,medium_notext,medium,0,medium_notext,val,106
C:\Temp\shot-classification\labeled_dataset\medium_text\0010_cut_001.jpg,0010_cut_001.jpg,0010,medium_text,medium,1,medium_text,val,107
C:\Temp\shot-classification\labeled_dataset\medium_text\0010_cut_003.jpg,0010_cut_003.jpg,0010,medium_text,medium,1,medium_text,val,108
C:\Temp\shot-classification\labeled_dataset\medium_text\0010_cut_008.jpg,0010_cut_008.jpg,0010,medium_text,medium,1,medium_text,val,109
C:\Temp\shot-classification\labeled_dataset\medium_text\0010_cut_011.jpg,0010_cut_011.jpg,0010,medium_text,medium,1,medium_text,val,110
C:\Temp\shot-classification\labeled_dataset\medium_text\0010_cut_012.jpg,0010_cut_012.jpg,0010,medium_text,medium,1,medium_text,val,111
C:\Temp\shot-classification\labeled_dataset\medium_text\0010_cut_013.jpg,0010_cut_013.jpg,0010,medium_text,medium,1,medium_text,val,112
C:\Temp\shot-classification\labeled_dataset\medium_text\0010_cut_016.jpg,0010_cut_016.jpg,0010,medium_text,medium,1,medium_text,val,113
C:\Temp\shot-classification\labeled_dataset\medium_text\0010_cut_021.jpg,0010_cut_021.jpg,0010,medium_text,medium,1,medium_text,val,114
C:\Temp\shot-classification\labeled_dataset\object_text\0010_cut_004.jpg,0010_cut_004.jpg,0010,object_text,object,1,object_text,val,115
C:\Temp\shot-classification\labeled_dataset\object_text\0010_cut_005.jpg,0010_cut_005.jpg,0010,object_text,object,1,object_text,val,116
C:\Temp\shot-classification\labeled_dataset\object_text\0010_cut_006.jpg,0010_cut_006.jpg,0010,object_text,object,1,object_text,val,117
C:\Temp\shot-classification\labeled_dataset\object_text\0010_cut_007.jpg,0010_cut_007.jpg,0010,object_text,object,1,object_text,val,118
C:\Temp\shot-classification\labeled_dataset\object_text\0010_cut_009.jpg,0010_cut_009.jpg,0010,object_text,object,1,object_text,val,119
C:\Temp\shot-classification\labeled_dataset\object_text\0010_cut_010.jpg,0010_cut_010.jpg,0010,object_text,object,1,object_text,val,120
C:\Temp\shot-classification\labeled_dataset\object_text\0010_cut_014.jpg,0010_cut_014.jpg,0010,object_text,object,1,object_text,val,121
C:\Temp\shot-classification\labeled_dataset\object_text\0010_cut_017.jpg,0010_cut_017.jpg,0010,object_text,object,1,object_text,val,122
C:\Temp\shot-classification\labeled_dataset\object_text\0010_cut_018.jpg,0010_cut_018.jpg,0010,object_text,object,1,object_text,val,123
C:\Temp\shot-classification\labeled_dataset\object_text\0010_cut_020.jpg,0010_cut_020.jpg,0010,object_text,object,1,object_text,val,124
C:\Temp\shot-classification\labeled_dataset\space_text\0010_cut_019.jpg,0010_cut_019.jpg,0010,space_text,space,1,space_text,val,125
C:\Temp\shot-classification\labeled_dataset\close-up_text\0011_cut_002.jpg,0011_cut_002.jpg,0011,close-up_text,close-up,1,close-up_text,train,126
C:\Temp\shot-classification\labeled_dataset\close-up_text\0011_cut_015.jpg,0011_cut_015.jpg,0011,close-up_text,close-up,1,close-up_text,train,127
C:\Temp\shot-classification\labeled_dataset\close-up_text\0011_cut_016.jpg,0011_cut_016.jpg,0011,close-up_text,close-up,1,close-up_text,train,128
C:\Temp\shot-classification\labeled_dataset\medium_text\0011_cut_001.jpg,0011_cut_001.jpg,0011,medium_text,medium,1,medium_text,train,129
C:\Temp\shot-classification\labeled_dataset\medium_text\0011_cut_003.jpg,0011_cut_003.jpg,0011,medium_text,medium,1,medium_text,train,130
C:\Temp\shot-classification\labeled_dataset\medium_text\0011_cut_005.jpg,0011_cut_005.jpg,0011,medium_text,medium,1,medium_text,train,131
C:\Temp\shot-classification\labeled_dataset\medium_text\0011_cut_009.jpg,0011_cut_009.jpg,0011,medium_text,medium,1,medium_text,train,132
C:\Temp\shot-classification\labeled_dataset\medium_text\0011_cut_010.jpg,0011_cut_010.jpg,0011,medium_text,medium,1,medium_text,train,133
C:\Temp\shot-classification\labeled_dataset\medium_text\0011_cut_012.jpg,0011_cut_012.jpg,0011,medium_text,medium,1,medium_text,train,134
C:\Temp\shot-classification\labeled_dataset\medium_text\0011_cut_013.jpg,0011_cut_013.jpg,0011,medium_text,medium,1,medium_text,train,135
C:\Temp\shot-classification\labeled_dataset\medium_text\0011_cut_014.jpg,0011_cut_014.jpg,0011,medium_text,medium,1,medium_text,train,136
C:\Temp\shot-classification\labeled_dataset\object_text\0011_cut_008.jpg,0011_cut_008.jpg,0011,object_text,object,1,object_text,train,137
C:\Temp\shot-classification\labeled_dataset\wide_text\0011_cut_004.jpg,0011_cut_004.jpg,0011,wide_text,wide,1,wide_text,train,138
C:\Temp\shot-classification\labeled_dataset\wide_text\0011_cut_006.jpg,0011_cut_006.jpg,0011,wide_text,wide,1,wide_text,train,139
C:\Temp\shot-classification\labeled_dataset\wide_text\0011_cut_007.jpg,0011_cut_007.jpg,0011,wide_text,wide,1,wide_text,train,140
C:\Temp\shot-classification\labeled_dataset\wide_text\0011_cut_011.jpg,0011_cut_011.jpg,0011,wide_text,wide,1,wide_text,train,141
C:\Temp\shot-classification\labeled_dataset\object_text\0012_cut_002.jpg,0012_cut_002.jpg,0012,object_text,object,1,object_text,train,142
C:\Temp\shot-classification\labeled_dataset\object_text\0012_cut_005.jpg,0012_cut_005.jpg,0012,object_text,object,1,object_text,train,143
C:\Temp\shot-classification\labeled_dataset\object_text\0012_cut_006.jpg,0012_cut_006.jpg,0012,object_text,object,1,object_text,train,144
C:\Temp\shot-classification\labeled_dataset\space_text\0012_cut_001.jpg,0012_cut_001.jpg,0012,space_text,space,1,space_text,train,145
C:\Temp\shot-classification\labeled_dataset\space_text\0012_cut_003.jpg,0012_cut_003.jpg,0012,space_text,space,1,space_text,train,146
C:\Temp\shot-classification\labeled_dataset\wide_text\0012_cut_004.jpg,0012_cut_004.jpg,0012,wide_text,wide,1,wide_text,train,147
C:\Temp\shot-classification\labeled_dataset\close-up_notext\0013_cut_006.jpg,0013_cut_006.jpg,0013,close-up_notext,close-up,0,close-up_notext,train,148
C:\Temp\shot-classification\labeled_dataset\close-up_notext\0013_cut_012.jpg,0013_cut_012.jpg,0013,close-up_notext,close-up,0,close-up_notext,train,149
C:\Temp\shot-classification\labeled_dataset\close-up_notext\0013_cut_017.jpg,0013_cut_017.jpg,0013,close-up_notext,close-up,0,close-up_notext,train,150
C:\Temp\shot-classification\labeled_dataset\close-up_text\0013_cut_002.jpg,0013_cut_002.jpg,0013,close-up_text,close-up,1,close-up_text,train,151
C:\Temp\shot-classification\labeled_dataset\medium_notext\0013_cut_009.jpg,0013_cut_009.jpg,0013,medium_notext,medium,0,medium_notext,train,152
C:\Temp\shot-classification\labeled_dataset\medium_notext\0013_cut_014.jpg,0013_cut_014.jpg,0013,medium_notext,medium,0,medium_notext,train,153
C:\Temp\shot-classification\labeled_dataset\medium_notext\0013_cut_021.jpg,0013_cut_021.jpg,0013,medium_notext,medium,0,medium_notext,train,154
C:\Temp\shot-classification\labeled_dataset\object_notext\0013_cut_003.jpg,0013_cut_003.jpg,0013,object_notext,object,0,object_notext,train,155
C:\Temp\shot-classification\labeled_dataset\object_notext\0013_cut_004.jpg,0013_cut_004.jpg,0013,object_notext,object,0,object_notext,train,156
C:\Temp\shot-classification\labeled_dataset\object_notext\0013_cut_005.jpg,0013_cut_005.jpg,0013,object_notext,object,0,object_notext,train,157
C:\Temp\shot-classification\labeled_dataset\object_notext\0013_cut_007.jpg,0013_cut_007.jpg,0013,object_notext,object,0,object_notext,train,158
C:\Temp\shot-classification\labeled_dataset\object_notext\0013_cut_008.jpg,0013_cut_008.jpg,0013,object_notext,object,0,object_notext,train,159
C:\Temp\shot-classification\labeled_dataset\object_notext\0013_cut_010.jpg,0013_cut_010.jpg,0013,object_notext,object,0,object_notext,train,160
C:\Temp\shot-classification\labeled_dataset\object_notext\0013_cut_011.jpg,0013_cut_011.jpg,0013,object_notext,object,0,object_notext,train,161
C:\Temp\shot-classification\labeled_dataset\object_notext\0013_cut_013.jpg,0013_cut_013.jpg,0013,object_notext,object,0,object_notext,train,162
C:\Temp\shot-classification\labeled_dataset\object_notext\0013_cut_015.jpg,0013_cut_015.jpg,0013,object_notext,object,0,object_notext,train,163
C:\Temp\shot-classification\labeled_dataset\object_notext\0013_cut_016.jpg,0013_cut_016.jpg,0013,object_notext,object,0,object_notext,train,164
C:\Temp\shot-classification\labeled_dataset\object_notext\0013_cut_018.jpg,0013_cut_018.jpg,0013,object_notext,object,0,object_notext,train,165
C:\Temp\shot-classification\labeled_dataset\object_notext\0013_cut_019.jpg,0013_cut_019.jpg,0013,object_notext,object,0,object_notext,train,166
C:\Temp\shot-classification\labeled_dataset\object_text\0013_cut_001.jpg,0013_cut_001.jpg,0013,object_text,object,1,object_text,train,167
C:\Temp\shot-classification\labeled_dataset\wide_notext\0013_cut_022.jpg,0013_cut_022.jpg,0013,wide_notext,wide,0,wide_notext,train,168
C:\Temp\shot-classification\labeled_dataset\medium_text\0014_cut_006.jpg,0014_cut_006.jpg,0014,medium_text,medium,1,medium_text,train,169
C:\Temp\shot-classification\labeled_dataset\medium_text\0014_cut_007.jpg,0014_cut_007.jpg,0014,medium_text,medium,1,medium_text,train,170
C:\Temp\shot-classification\labeled_dataset\wide_text\0014_cut_001.jpg,0014_cut_001.jpg,0014,wide_text,wide,1,wide_text,train,171
C:\Temp\shot-classification\labeled_dataset\wide_text\0014_cut_002.jpg,0014_cut_002.jpg,0014,wide_text,wide,1,wide_text,train,172
C:\Temp\shot-classification\labeled_dataset\wide_text\0014_cut_003.jpg,0014_cut_003.jpg,0014,wide_text,wide,1,wide_text,train,173
C:\Temp\shot-classification\labeled_dataset\wide_text\0014_cut_004.jpg,0014_cut_004.jpg,0014,wide_text,wide,1,wide_text,train,174
C:\Temp\shot-classification\labeled_dataset\wide_text\0014_cut_005.jpg,0014_cut_005.jpg,0014,wide_text,wide,1,wide_text,train,175
C:\Temp\shot-classification\labeled_dataset\wide_text\0014_cut_008.jpg,0014_cut_008.jpg,0014,wide_text,wide,1,wide_text,train,176
C:\Temp\shot-classification\labeled_dataset\close-up_notext\0015_cut_001.jpg,0015_cut_001.jpg,0015,close-up_notext,close-up,0,close-up_notext,train,177
C:\Temp\shot-classification\labeled_dataset\close-up_text\0015_cut_004.jpg,0015_cut_004.jpg,0015,close-up_text,close-up,1,close-up_text,train,178
C:\Temp\shot-classification\labeled_dataset\close-up_text\0015_cut_007.jpg,0015_cut_007.jpg,0015,close-up_text,close-up,1,close-up_text,train,179
C:\Temp\shot-classification\labeled_dataset\close-up_text\0015_cut_009.jpg,0015_cut_009.jpg,0015,close-up_text,close-up,1,close-up_text,train,180
C:\Temp\shot-classification\labeled_dataset\close-up_text\0015_cut_010.jpg,0015_cut_010.jpg,0015,close-up_text,close-up,1,close-up_text,train,181
C:\Temp\shot-classification\labeled_dataset\close-up_text\0015_cut_011.jpg,0015_cut_011.jpg,0015,close-up_text,close-up,1,close-up_text,train,182
C:\Temp\shot-classification\labeled_dataset\close-up_text\0015_cut_012.jpg,0015_cut_012.jpg,0015,close-up_text,close-up,1,close-up_text,train,183
C:\Temp\shot-classification\labeled_dataset\close-up_text\0015_cut_013.jpg,0015_cut_013.jpg,0015,close-up_text,close-up,1,close-up_text,train,184
C:\Temp\shot-classification\labeled_dataset\close-up_text\0015_cut_014.jpg,0015_cut_014.jpg,0015,close-up_text,close-up,1,close-up_text,train,185
C:\Temp\shot-classification\labeled_dataset\close-up_text\0015_cut_015.jpg,0015_cut_015.jpg,0015,close-up_text,close-up,1,close-up_text,train,186
C:\Temp\shot-classification\labeled_dataset\object_text\0015_cut_005.jpg,0015_cut_005.jpg,0015,object_text,object,1,object_text,train,187
C:\Temp\shot-classification\labeled_dataset\object_text\0015_cut_006.jpg,0015_cut_006.jpg,0015,object_text,object,1,object_text,train,188
C:\Temp\shot-classification\labeled_dataset\object_text\0015_cut_008.jpg,0015_cut_008.jpg,0015,object_text,object,1,object_text,train,189
C:\Temp\shot-classification\labeled_dataset\medium_text\0016_cut_001.jpg,0016_cut_001.jpg,0016,medium_text,medium,1,medium_text,val,190
C:\Temp\shot-classification\labeled_dataset\medium_text\0016_cut_003.jpg,0016_cut_003.jpg,0016,medium_text,medium,1,medium_text,val,191
C:\Temp\shot-classification\labeled_dataset\medium_text\0016_cut_009.jpg,0016_cut_009.jpg,0016,medium_text,medium,1,medium_text,val,192
C:\Temp\shot-classification\labeled_dataset\medium_text\0016_cut_010.jpg,0016_cut_010.jpg,0016,medium_text,medium,1,medium_text,val,193
C:\Temp\shot-classification\labeled_dataset\medium_text\0016_cut_011.jpg,0016_cut_011.jpg,0016,medium_text,medium,1,medium_text,val,194
C:\Temp\shot-classification\labeled_dataset\medium_text\0016_cut_013.jpg,0016_cut_013.jpg,0016,medium_text,medium,1,medium_text,val,195
C:\Temp\shot-classification\labeled_dataset\space_text\0016_cut_002.jpg,0016_cut_002.jpg,0016,space_text,space,1,space_text,val,196
C:\Temp\shot-classification\labeled_dataset\space_text\0016_cut_004.jpg,0016_cut_004.jpg,0016,space_text,space,1,space_text,val,197
C:\Temp\shot-classification\labeled_dataset\space_text\0016_cut_006.jpg,0016_cut_006.jpg,0016,space_text,space,1,space_text,val,198
C:\Temp\shot-classification\labeled_dataset\space_text\0016_cut_008.jpg,0016_cut_008.jpg,0016,space_text,space,1,space_text,val,199
C:\Temp\shot-classification\labeled_dataset\space_text\0016_cut_012.jpg,0016_cut_012.jpg,0016,space_text,space,1,space_text,val,200
C:\Temp\shot-classification\labeled_dataset\wide_text\0016_cut_005.jpg,0016_cut_005.jpg,0016,wide_text,wide,1,wide_text,val,201
C:\Temp\shot-classification\labeled_dataset\wide_text\0016_cut_007.jpg,0016_cut_007.jpg,0016,wide_text,wide,1,wide_text,val,202
C:\Temp\shot-classification\labeled_dataset\close-up_text\0017_cut_005.jpg,0017_cut_005.jpg,0017,close-up_text,close-up,1,close-up_text,test,203
C:\Temp\shot-classification\labeled_dataset\medium_text\0017_cut_003.jpg,0017_cut_003.jpg,0017,medium_text,medium,1,medium_text,test,204
C:\Temp\shot-classification\labeled_dataset\medium_text\0017_cut_004.jpg,0017_cut_004.jpg,0017,medium_text,medium,1,medium_text,test,205
C:\Temp\shot-classification\labeled_dataset\medium_text\0017_cut_006.jpg,0017_cut_006.jpg,0017,medium_text,medium,1,medium_text,test,206
C:\Temp\shot-classification\labeled_dataset\medium_text\0017_cut_007.jpg,0017_cut_007.jpg,0017,medium_text,medium,1,medium_text,test,207
C:\Temp\shot-classification\labeled_dataset\medium_text\0017_cut_010.jpg,0017_cut_010.jpg,0017,medium_text,medium,1,medium_text,test,208
C:\Temp\shot-classification\labeled_dataset\medium_text\0017_cut_012.jpg,0017_cut_012.jpg,0017,medium_text,medium,1,medium_text,test,209
C:\Temp\shot-classification\labeled_dataset\wide_text\0017_cut_001.jpg,0017_cut_001.jpg,0017,wide_text,wide,1,wide_text,test,210
C:\Temp\shot-classification\labeled_dataset\wide_text\0017_cut_002.jpg,0017_cut_002.jpg,0017,wide_text,wide,1,wide_text,test,211
C:\Temp\shot-classification\labeled_dataset\wide_text\0017_cut_008.jpg,0017_cut_008.jpg,0017,wide_text,wide,1,wide_text,test,212
C:\Temp\shot-classification\labeled_dataset\wide_text\0017_cut_009.jpg,0017_cut_009.jpg,0017,wide_text,wide,1,wide_text,test,213
C:\Temp\shot-classification\labeled_dataset\wide_text\0017_cut_011.jpg,0017_cut_011.jpg,0017,wide_text,wide,1,wide_text,test,214
C:\Temp\shot-classification\labeled_dataset\wide_text\0017_cut_013.jpg,0017_cut_013.jpg,0017,wide_text,wide,1,wide_text,test,215
C:\Temp\shot-classification\labeled_dataset\wide_text\0017_cut_014.jpg,0017_cut_014.jpg,0017,wide_text,wide,1,wide_text,test,216
C:\Temp\shot-classification\labeled_dataset\medium_text\0018_cut_004.jpg,0018_cut_004.jpg,0018,medium_text,medium,1,medium_text,train,217
C:\Temp\shot-classification\labeled_dataset\wide_text\0018_cut_001.jpg,0018_cut_001.jpg,0018,wide_text,wide,1,wide_text,train,218
C:\Temp\shot-classification\labeled_dataset\wide_text\0018_cut_002.jpg,0018_cut_002.jpg,0018,wide_text,wide,1,wide_text,train,219
C:\Temp\shot-classification\labeled_dataset\close-up_text\0019_cut_002.jpg,0019_cut_002.jpg,0019,close-up_text,close-up,1,close-up_text,test,220
C:\Temp\shot-classification\labeled_dataset\medium_text\0019_cut_001.jpg,0019_cut_001.jpg,0019,medium_text,medium,1,medium_text,test,221
C:\Temp\shot-classification\labeled_dataset\object_text\0019_cut_003.jpg,0019_cut_003.jpg,0019,object_text,object,1,object_text,test,222
C:\Temp\shot-classification\labeled_dataset\wide_text\0019_cut_004.jpg,0019_cut_004.jpg,0019,wide_text,wide,1,wide_text,test,223
C:\Temp\shot-classification\labeled_dataset\medium_text\0020_cut_002.jpg,0020_cut_002.jpg,0020,medium_text,medium,1,medium_text,test,224
C:\Temp\shot-classification\labeled_dataset\medium_text\0020_cut_003.jpg,0020_cut_003.jpg,0020,medium_text,medium,1,medium_text,test,225
C:\Temp\shot-classification\labeled_dataset\medium_text\0020_cut_004.jpg,0020_cut_004.jpg,0020,medium_text,medium,1,medium_text,test,226
C:\Temp\shot-classification\labeled_dataset\medium_text\0020_cut_005.jpg,0020_cut_005.jpg,0020,medium_text,medium,1,medium_text,test,227
C:\Temp\shot-classification\labeled_dataset\medium_text\0020_cut_006.jpg,0020_cut_006.jpg,0020,medium_text,medium,1,medium_text,test,228
C:\Temp\shot-classification\labeled_dataset\close-up_text\0021_cut_001.jpg,0021_cut_001.jpg,0021,close-up_text,close-up,1,close-up_text,train,229
C:\Temp\shot-classification\labeled_dataset\medium_text\0021_cut_004.jpg,0021_cut_004.jpg,0021,medium_text,medium,1,medium_text,train,230
C:\Temp\shot-classification\labeled_dataset\medium_text\0021_cut_005.jpg,0021_cut_005.jpg,0021,medium_text,medium,1,medium_text,train,231
C:\Temp\shot-classification\labeled_dataset\wide_text\0021_cut_002.jpg,0021_cut_002.jpg,0021,wide_text,wide,1,wide_text,train,232
C:\Temp\shot-classification\labeled_dataset\wide_text\0021_cut_003.jpg,0021_cut_003.jpg,0021,wide_text,wide,1,wide_text,train,233
C:\Temp\shot-classification\labeled_dataset\medium_text\0022_cut_005.jpg,0022_cut_005.jpg,0022,medium_text,medium,1,medium_text,train,234
C:\Temp\shot-classification\labeled_dataset\medium_text\0022_cut_006.jpg,0022_cut_006.jpg,0022,medium_text,medium,1,medium_text,train,235
C:\Temp\shot-classification\labeled_dataset\object_notext\0022_cut_001.jpg,0022_cut_001.jpg,0022,object_notext,object,0,object_notext,train,236
C:\Temp\shot-classification\labeled_dataset\wide_notext\0022_cut_002.jpg,0022_cut_002.jpg,0022,wide_notext,wide,0,wide_notext,train,237
C:\Temp\shot-classification\labeled_dataset\wide_text\0022_cut_003.jpg,0022_cut_003.jpg,0022,wide_text,wide,1,wide_text,train,238
C:\Temp\shot-classification\labeled_dataset\wide_text\0022_cut_004.jpg,0022_cut_004.jpg,0022,wide_text,wide,1,wide_text,train,239
C:\Temp\shot-classification\labeled_dataset\medium_text\0023_cut_001.jpg,0023_cut_001.jpg,0023,medium_text,medium,1,medium_text,train,240
C:\Temp\shot-classification\labeled_dataset\medium_text\0023_cut_002.jpg,0023_cut_002.jpg,0023,medium_text,medium,1,medium_text,train,241
C:\Temp\shot-classification\labeled_dataset\medium_text\0023_cut_004.jpg,0023_cut_004.jpg,0023,medium_text,medium,1,medium_text,train,242
C:\Temp\shot-classification\labeled_dataset\medium_text\0023_cut_005.jpg,0023_cut_005.jpg,0023,medium_text,medium,1,medium_text,train,243
C:\Temp\shot-classification\labeled_dataset\medium_text\0023_cut_006.jpg,0023_cut_006.jpg,0023,medium_text,medium,1,medium_text,train,244
C:\Temp\shot-classification\labeled_dataset\medium_text\0023_cut_007.jpg,0023_cut_007.jpg,0023,medium_text,medium,1,medium_text,train,245
C:\Temp\shot-classification\labeled_dataset\medium_text\0023_cut_008.jpg,0023_cut_008.jpg,0023,medium_text,medium,1,medium_text,train,246
C:\Temp\shot-classification\labeled_dataset\medium_text\0023_cut_009.jpg,0023_cut_009.jpg,0023,medium_text,medium,1,medium_text,train,247
C:\Temp\shot-classification\labeled_dataset\medium_text\0023_cut_010.jpg,0023_cut_010.jpg,0023,medium_text,medium,1,medium_text,train,248
C:\Temp\shot-classification\labeled_dataset\medium_text\0023_cut_011.jpg,0023_cut_011.jpg,0023,medium_text,medium,1,medium_text,train,249
C:\Temp\shot-classification\labeled_dataset\medium_text\0023_cut_012.jpg,0023_cut_012.jpg,0023,medium_text,medium,1,medium_text,train,250
C:\Temp\shot-classification\labeled_dataset\medium_text\0023_cut_013.jpg,0023_cut_013.jpg,0023,medium_text,medium,1,medium_text,train,251
C:\Temp\shot-classification\labeled_dataset\medium_text\0023_cut_014.jpg,0023_cut_014.jpg,0023,medium_text,medium,1,medium_text,train,252
C:\Temp\shot-classification\labeled_dataset\medium_text\0023_cut_015.jpg,0023_cut_015.jpg,0023,medium_text,medium,1,medium_text,train,253
C:\Temp\shot-classification\labeled_dataset\medium_text\0023_cut_016.jpg,0023_cut_016.jpg,0023,medium_text,medium,1,medium_text,train,254
C:\Temp\shot-classification\labeled_dataset\medium_text\0023_cut_017.jpg,0023_cut_017.jpg,0023,medium_text,medium,1,medium_text,train,255
C:\Temp\shot-classification\labeled_dataset\medium_text\0023_cut_018.jpg,0023_cut_018.jpg,0023,medium_text,medium,1,medium_text,train,256
C:\Temp\shot-classification\labeled_dataset\medium_text\0023_cut_019.jpg,0023_cut_019.jpg,0023,medium_text,medium,1,medium_text,train,257
C:\Temp\shot-classification\labeled_dataset\medium_text\0023_cut_020.jpg,0023_cut_020.jpg,0023,medium_text,medium,1,medium_text,train,258
C:\Temp\shot-classification\labeled_dataset\wide_text\0023_cut_003.jpg,0023_cut_003.jpg,0023,wide_text,wide,1,wide_text,train,259
C:\Temp\shot-classification\labeled_dataset\close-up_notext\0024_cut_012.jpg,0024_cut_012.jpg,0024,close-up_notext,close-up,0,close-up_notext,train,260
C:\Temp\shot-classification\labeled_dataset\close-up_notext\0024_cut_016.jpg,0024_cut_016.jpg,0024,close-up_notext,close-up,0,close-up_notext,train,261
C:\Temp\shot-classification\labeled_dataset\close-up_notext\0024_cut_019.jpg,0024_cut_019.jpg,0024,close-up_notext,close-up,0,close-up_notext,train,262
C:\Temp\shot-classification\labeled_dataset\close-up_notext\0024_cut_026.jpg,0024_cut_026.jpg,0024,close-up_notext,close-up,0,close-up_notext,train,263
C:\Temp\shot-classification\labeled_dataset\close-up_text\0024_cut_010.jpg,0024_cut_010.jpg,0024,close-up_text,close-up,1,close-up_text,train,264
C:\Temp\shot-classification\labeled_dataset\close-up_text\0024_cut_011.jpg,0024_cut_011.jpg,0024,close-up_text,close-up,1,close-up_text,train,265
C:\Temp\shot-classification\labeled_dataset\close-up_text\0024_cut_024.jpg,0024_cut_024.jpg,0024,close-up_text,close-up,1,close-up_text,train,266
C:\Temp\shot-classification\labeled_dataset\close-up_text\0024_cut_027.jpg,0024_cut_027.jpg,0024,close-up_text,close-up,1,close-up_text,train,267
C:\Temp\shot-classification\labeled_dataset\close-up_text\0024_cut_029.jpg,0024_cut_029.jpg,0024,close-up_text,close-up,1,close-up_text,train,268
C:\Temp\shot-classification\labeled_dataset\close-up_text\0024_cut_030.jpg,0024_cut_030.jpg,0024,close-up_text,close-up,1,close-up_text,train,269
C:\Temp\shot-classification\labeled_dataset\close-up_text\0024_cut_031.jpg,0024_cut_031.jpg,0024,close-up_text,close-up,1,close-up_text,train,270
C:\Temp\shot-classification\labeled_dataset\close-up_text\0024_cut_033.jpg,0024_cut_033.jpg,0024,close-up_text,close-up,1,close-up_text,train,271
C:\Temp\shot-classification\labeled_dataset\medium_notext\0024_cut_017.jpg,0024_cut_017.jpg,0024,medium_notext,medium,0,medium_notext,train,272
C:\Temp\shot-classification\labeled_dataset\medium_notext\0024_cut_018.jpg,0024_cut_018.jpg,0024,medium_notext,medium,0,medium_notext,train,273
C:\Temp\shot-classification\labeled_dataset\medium_notext\0024_cut_020.jpg,0024_cut_020.jpg,0024,medium_notext,medium,0,medium_notext,train,274
C:\Temp\shot-classification\labeled_dataset\medium_notext\0024_cut_025.jpg,0024_cut_025.jpg,0024,medium_notext,medium,0,medium_notext,train,275
C:\Temp\shot-classification\labeled_dataset\medium_text\0024_cut_002.jpg,0024_cut_002.jpg,0024,medium_text,medium,1,medium_text,train,276
C:\Temp\shot-classification\labeled_dataset\medium_text\0024_cut_003.jpg,0024_cut_003.jpg,0024,medium_text,medium,1,medium_text,train,277
C:\Temp\shot-classification\labeled_dataset\medium_text\0024_cut_004.jpg,0024_cut_004.jpg,0024,medium_text,medium,1,medium_text,train,278
C:\Temp\shot-classification\labeled_dataset\medium_text\0024_cut_008.jpg,0024_cut_008.jpg,0024,medium_text,medium,1,medium_text,train,279
C:\Temp\shot-classification\labeled_dataset\medium_text\0024_cut_009.jpg,0024_cut_009.jpg,0024,medium_text,medium,1,medium_text,train,280
C:\Temp\shot-classification\labeled_dataset\medium_text\0024_cut_013.jpg,0024_cut_013.jpg,0024,medium_text,medium,1,medium_text,train,281
C:\Temp\shot-classification\labeled_dataset\medium_text\0024_cut_014.jpg,0024_cut_014.jpg,0024,medium_text,medium,1,medium_text,train,282
C:\Temp\shot-classification\labeled_dataset\medium_text\0024_cut_021.jpg,0024_cut_021.jpg,0024,medium_text,medium,1,medium_text,train,283
C:\Temp\shot-classification\labeled_dataset\medium_text\0024_cut_022.jpg,0024_cut_022.jpg,0024,medium_text,medium,1,medium_text,train,284
C:\Temp\shot-classification\labeled_dataset\medium_text\0024_cut_023.jpg,0024_cut_023.jpg,0024,medium_text,medium,1,medium_text,train,285
C:\Temp\shot-classification\labeled_dataset\medium_text\0024_cut_028.jpg,0024_cut_028.jpg,0024,medium_text,medium,1,medium_text,train,286
C:\Temp\shot-classification\labeled_dataset\medium_text\0024_cut_032.jpg,0024_cut_032.jpg,0024,medium_text,medium,1,medium_text,train,287
C:\Temp\shot-classification\labeled_dataset\wide_text\0024_cut_001.jpg,0024_cut_001.jpg,0024,wide_text,wide,1,wide_text,train,288
C:\Temp\shot-classification\labeled_dataset\wide_text\0024_cut_005.jpg,0024_cut_005.jpg,0024,wide_text,wide,1,wide_text,train,289
C:\Temp\shot-classification\labeled_dataset\wide_text\0024_cut_006.jpg,0024_cut_006.jpg,0024,wide_text,wide,1,wide_text,train,290
C:\Temp\shot-classification\labeled_dataset\wide_text\0024_cut_007.jpg,0024_cut_007.jpg,0024,wide_text,wide,1,wide_text,train,291
C:\Temp\shot-classification\labeled_dataset\wide_text\0024_cut_015.jpg,0024_cut_015.jpg,0024,wide_text,wide,1,wide_text,train,292
C:\Temp\shot-classification\labeled_dataset\close-up_text\0025_cut_011.jpg,0025_cut_011.jpg,0025,close-up_text,close-up,1,close-up_text,test,293
C:\Temp\shot-classification\labeled_dataset\medium_notext\0025_cut_005.jpg,0025_cut_005.jpg,0025,medium_notext,medium,0,medium_notext,test,294
C:\Temp\shot-classification\labeled_dataset\medium_notext\0025_cut_006.jpg,0025_cut_006.jpg,0025,medium_notext,medium,0,medium_notext,test,295
C:\Temp\shot-classification\labeled_dataset\medium_notext\0025_cut_007.jpg,0025_cut_007.jpg,0025,medium_notext,medium,0,medium_notext,test,296
C:\Temp\shot-classification\labeled_dataset\medium_text\0025_cut_001.jpg,0025_cut_001.jpg,0025,medium_text,medium,1,medium_text,test,297
C:\Temp\shot-classification\labeled_dataset\medium_text\0025_cut_003.jpg,0025_cut_003.jpg,0025,medium_text,medium,1,medium_text,test,298
C:\Temp\shot-classification\labeled_dataset\medium_text\0025_cut_004.jpg,0025_cut_004.jpg,0025,medium_text,medium,1,medium_text,test,299
C:\Temp\shot-classification\labeled_dataset\medium_text\0025_cut_008.jpg,0025_cut_008.jpg,0025,medium_text,medium,1,medium_text,test,300
C:\Temp\shot-classification\labeled_dataset\medium_text\0025_cut_009.jpg,0025_cut_009.jpg,0025,medium_text,medium,1,medium_text,test,301
C:\Temp\shot-classification\labeled_dataset\medium_text\0025_cut_010.jpg,0025_cut_010.jpg,0025,medium_text,medium,1,medium_text,test,302
C:\Temp\shot-classification\labeled_dataset\medium_text\0025_cut_012.jpg,0025_cut_012.jpg,0025,medium_text,medium,1,medium_text,test,303
C:\Temp\shot-classification\labeled_dataset\wide_text\0025_cut_002.jpg,0025_cut_002.jpg,0025,wide_text,wide,1,wide_text,test,304
C:\Temp\shot-classification\labeled_dataset\medium_text\0026_cut_001.jpg,0026_cut_001.jpg,0026,medium_text,medium,1,medium_text,val,305
C:\Temp\shot-classification\labeled_dataset\medium_text\0026_cut_003.jpg,0026_cut_003.jpg,0026,medium_text,medium,1,medium_text,val,306
C:\Temp\shot-classification\labeled_dataset\medium_text\0026_cut_004.jpg,0026_cut_004.jpg,0026,medium_text,medium,1,medium_text,val,307
C:\Temp\shot-classification\labeled_dataset\wide_text\0026_cut_002.jpg,0026_cut_002.jpg,0026,wide_text,wide,1,wide_text,val,308
C:\Temp\shot-classification\labeled_dataset\wide_text\0027_cut_001.jpg,0027_cut_001.jpg,0027,wide_text,wide,1,wide_text,train,309
C:\Temp\shot-classification\labeled_dataset\wide_text\0027_cut_002.jpg,0027_cut_002.jpg,0027,wide_text,wide,1,wide_text,train,310
C:\Temp\shot-classification\labeled_dataset\medium_notext\0028_cut_004.jpg,0028_cut_004.jpg,0028,medium_notext,medium,0,medium_notext,train,311
C:\Temp\shot-classification\labeled_dataset\medium_notext\0028_cut_006.jpg,0028_cut_006.jpg,0028,medium_notext,medium,0,medium_notext,train,312
C:\Temp\shot-classification\labeled_dataset\medium_notext\0028_cut_007.jpg,0028_cut_007.jpg,0028,medium_notext,medium,0,medium_notext,train,313
C:\Temp\shot-classification\labeled_dataset\medium_notext\0028_cut_010.jpg,0028_cut_010.jpg,0028,medium_notext,medium,0,medium_notext,train,314
C:\Temp\shot-classification\labeled_dataset\medium_text\0028_cut_001.jpg,0028_cut_001.jpg,0028,medium_text,medium,1,medium_text,train,315
C:\Temp\shot-classification\labeled_dataset\medium_text\0028_cut_002.jpg,0028_cut_002.jpg,0028,medium_text,medium,1,medium_text,train,316
C:\Temp\shot-classification\labeled_dataset\medium_text\0028_cut_003.jpg,0028_cut_003.jpg,0028,medium_text,medium,1,medium_text,train,317
C:\Temp\shot-classification\labeled_dataset\medium_text\0028_cut_005.jpg,0028_cut_005.jpg,0028,medium_text,medium,1,medium_text,train,318
C:\Temp\shot-classification\labeled_dataset\medium_text\0028_cut_008.jpg,0028_cut_008.jpg,0028,medium_text,medium,1,medium_text,train,319
C:\Temp\shot-classification\labeled_dataset\medium_text\0028_cut_009.jpg,0028_cut_009.jpg,0028,medium_text,medium,1,medium_text,train,320
C:\Temp\shot-classification\labeled_dataset\wide_text\0028_cut_011.jpg,0028_cut_011.jpg,0028,wide_text,wide,1,wide_text,train,321
C:\Temp\shot-classification\labeled_dataset\close-up_text\0029_cut_009.jpg,0029_cut_009.jpg,0029,close-up_text,close-up,1,close-up_text,train,322
C:\Temp\shot-classification\labeled_dataset\close-up_text\0029_cut_010.jpg,0029_cut_010.jpg,0029,close-up_text,close-up,1,close-up_text,train,323
C:\Temp\shot-classification\labeled_dataset\close-up_text\0029_cut_022.jpg,0029_cut_022.jpg,0029,close-up_text,close-up,1,close-up_text,train,324
C:\Temp\shot-classification\labeled_dataset\medium_notext\0029_cut_001.jpg,0029_cut_001.jpg,0029,medium_notext,medium,0,medium_notext,train,325
C:\Temp\shot-classification\labeled_dataset\medium_text\0029_cut_005.jpg,0029_cut_005.jpg,0029,medium_text,medium,1,medium_text,train,326
C:\Temp\shot-classification\labeled_dataset\medium_text\0029_cut_007.jpg,0029_cut_007.jpg,0029,medium_text,medium,1,medium_text,train,327
C:\Temp\shot-classification\labeled_dataset\medium_text\0029_cut_012.jpg,0029_cut_012.jpg,0029,medium_text,medium,1,medium_text,train,328
C:\Temp\shot-classification\labeled_dataset\medium_text\0029_cut_019.jpg,0029_cut_019.jpg,0029,medium_text,medium,1,medium_text,train,329
C:\Temp\shot-classification\labeled_dataset\medium_text\0029_cut_029.jpg,0029_cut_029.jpg,0029,medium_text,medium,1,medium_text,train,330
C:\Temp\shot-classification\labeled_dataset\object_text\0029_cut_004.jpg,0029_cut_004.jpg,0029,object_text,object,1,object_text,train,331
C:\Temp\shot-classification\labeled_dataset\object_text\0029_cut_006.jpg,0029_cut_006.jpg,0029,object_text,object,1,object_text,train,332
C:\Temp\shot-classification\labeled_dataset\object_text\0029_cut_015.jpg,0029_cut_015.jpg,0029,object_text,object,1,object_text,train,333
C:\Temp\shot-classification\labeled_dataset\object_text\0029_cut_020.jpg,0029_cut_020.jpg,0029,object_text,object,1,object_text,train,334
C:\Temp\shot-classification\labeled_dataset\object_text\0029_cut_021.jpg,0029_cut_021.jpg,0029,object_text,object,1,object_text,train,335
C:\Temp\shot-classification\labeled_dataset\object_text\0029_cut_027.jpg,0029_cut_027.jpg,0029,object_text,object,1,object_text,train,336
C:\Temp\shot-classification\labeled_dataset\space_text\0029_cut_002.jpg,0029_cut_002.jpg,0029,space_text,space,1,space_text,train,337
C:\Temp\shot-classification\labeled_dataset\space_text\0029_cut_003.jpg,0029_cut_003.jpg,0029,space_text,space,1,space_text,train,338
C:\Temp\shot-classification\labeled_dataset\space_text\0029_cut_008.jpg,0029_cut_008.jpg,0029,space_text,space,1,space_text,train,339
C:\Temp\shot-classification\labeled_dataset\space_text\0029_cut_011.jpg,0029_cut_011.jpg,0029,space_text,space,1,space_text,train,340
C:\Temp\shot-classification\labeled_dataset\space_text\0029_cut_013.jpg,0029_cut_013.jpg,0029,space_text,space,1,space_text,train,341
C:\Temp\shot-classification\labeled_dataset\space_text\0029_cut_014.jpg,0029_cut_014.jpg,0029,space_text,space,1,space_text,train,342
C:\Temp\shot-classification\labeled_dataset\space_text\0029_cut_016.jpg,0029_cut_016.jpg,0029,space_text,space,1,space_text,train,343
C:\Temp\shot-classification\labeled_dataset\space_text\0029_cut_017.jpg,0029_cut_017.jpg,0029,space_text,space,1,space_text,train,344
C:\Temp\shot-classification\labeled_dataset\space_text\0029_cut_018.jpg,0029_cut_018.jpg,0029,space_text,space,1,space_text,train,345
C:\Temp\shot-classification\labeled_dataset\space_text\0029_cut_023.jpg,0029_cut_023.jpg,0029,space_text,space,1,space_text,train,346
C:\Temp\shot-classification\labeled_dataset\space_text\0029_cut_024.jpg,0029_cut_024.jpg,0029,space_text,space,1,space_text,train,347
C:\Temp\shot-classification\labeled_dataset\space_text\0029_cut_025.jpg,0029_cut_025.jpg,0029,space_text,space,1,space_text,train,348
C:\Temp\shot-classification\labeled_dataset\space_text\0029_cut_026.jpg,0029_cut_026.jpg,0029,space_text,space,1,space_text,train,349
C:\Temp\shot-classification\labeled_dataset\space_text\0029_cut_028.jpg,0029_cut_028.jpg,0029,space_text,space,1,space_text,train,350
C:\Temp\shot-classification\labeled_dataset\close-up_text\0030_cut_003.jpg,0030_cut_003.jpg,0030,close-up_text,close-up,1,close-up_text,test,351
C:\Temp\shot-classification\labeled_dataset\close-up_text\0030_cut_013.jpg,0030_cut_013.jpg,0030,close-up_text,close-up,1,close-up_text,test,352
C:\Temp\shot-classification\labeled_dataset\close-up_text\0030_cut_015.jpg,0030_cut_015.jpg,0030,close-up_text,close-up,1,close-up_text,test,353
C:\Temp\shot-classification\labeled_dataset\close-up_text\0030_cut_025.jpg,0030_cut_025.jpg,0030,close-up_text,close-up,1,close-up_text,test,354
C:\Temp\shot-classification\labeled_dataset\medium_notext\0030_cut_011.jpg,0030_cut_011.jpg,0030,medium_notext,medium,0,medium_notext,test,355
C:\Temp\shot-classification\labeled_dataset\medium_notext\0030_cut_022.jpg,0030_cut_022.jpg,0030,medium_notext,medium,0,medium_notext,test,356
C:\Temp\shot-classification\labeled_dataset\medium_text\0030_cut_001.jpg,0030_cut_001.jpg,0030,medium_text,medium,1,medium_text,test,357
C:\Temp\shot-classification\labeled_dataset\medium_text\0030_cut_002.jpg,0030_cut_002.jpg,0030,medium_text,medium,1,medium_text,test,358
C:\Temp\shot-classification\labeled_dataset\medium_text\0030_cut_004.jpg,0030_cut_004.jpg,0030,medium_text,medium,1,medium_text,test,359
C:\Temp\shot-classification\labeled_dataset\medium_text\0030_cut_005.jpg,0030_cut_005.jpg,0030,medium_text,medium,1,medium_text,test,360
C:\Temp\shot-classification\labeled_dataset\medium_text\0030_cut_006.jpg,0030_cut_006.jpg,0030,medium_text,medium,1,medium_text,test,361
C:\Temp\shot-classification\labeled_dataset\medium_text\0030_cut_007.jpg,0030_cut_007.jpg,0030,medium_text,medium,1,medium_text,test,362
C:\Temp\shot-classification\labeled_dataset\medium_text\0030_cut_009.jpg,0030_cut_009.jpg,0030,medium_text,medium,1,medium_text,test,363
C:\Temp\shot-classification\labeled_dataset\medium_text\0030_cut_023.jpg,0030_cut_023.jpg,0030,medium_text,medium,1,medium_text,test,364
C:\Temp\shot-classification\labeled_dataset\medium_text\0030_cut_024.jpg,0030_cut_024.jpg,0030,medium_text,medium,1,medium_text,test,365
C:\Temp\shot-classification\labeled_dataset\medium_text\0030_cut_026.jpg,0030_cut_026.jpg,0030,medium_text,medium,1,medium_text,test,366
C:\Temp\shot-classification\labeled_dataset\space_text\0030_cut_012.jpg,0030_cut_012.jpg,0030,space_text,space,1,space_text,test,367
C:\Temp\shot-classification\labeled_dataset\wide_notext\0030_cut_008.jpg,0030_cut_008.jpg,0030,wide_notext,wide,0,wide_notext,test,368
C:\Temp\shot-classification\labeled_dataset\wide_text\0030_cut_010.jpg,0030_cut_010.jpg,0030,wide_text,wide,1,wide_text,test,369
C:\Temp\shot-classification\labeled_dataset\wide_text\0030_cut_014.jpg,0030_cut_014.jpg,0030,wide_text,wide,1,wide_text,test,370
C:\Temp\shot-classification\labeled_dataset\wide_text\0030_cut_016.jpg,0030_cut_016.jpg,0030,wide_text,wide,1,wide_text,test,371
C:\Temp\shot-classification\labeled_dataset\wide_text\0030_cut_017.jpg,0030_cut_017.jpg,0030,wide_text,wide,1,wide_text,test,372
C:\Temp\shot-classification\labeled_dataset\wide_text\0030_cut_018.jpg,0030_cut_018.jpg,0030,wide_text,wide,1,wide_text,test,373
C:\Temp\shot-classification\labeled_dataset\wide_text\0030_cut_019.jpg,0030_cut_019.jpg,0030,wide_text,wide,1,wide_text,test,374
C:\Temp\shot-classification\labeled_dataset\wide_text\0030_cut_020.jpg,0030_cut_020.jpg,0030,wide_text,wide,1,wide_text,test,375
C:\Temp\shot-classification\labeled_dataset\wide_text\0030_cut_021.jpg,0030_cut_021.jpg,0030,wide_text,wide,1,wide_text,test,376
C:\Temp\shot-classification\labeled_dataset\wide_text\0031_cut_001.jpg,0031_cut_001.jpg,0031,wide_text,wide,1,wide_text,test,377
C:\Temp\shot-classification\labeled_dataset\wide_text\0031_cut_002.jpg,0031_cut_002.jpg,0031,wide_text,wide,1,wide_text,test,378
C:\Temp\shot-classification\labeled_dataset\wide_text\0031_cut_003.jpg,0031_cut_003.jpg,0031,wide_text,wide,1,wide_text,test,379
C:\Temp\shot-classification\labeled_dataset\medium_notext\0032_cut_005.jpg,0032_cut_005.jpg,0032,medium_notext,medium,0,medium_notext,train,380
C:\Temp\shot-classification\labeled_dataset\medium_text\0032_cut_002.jpg,0032_cut_002.jpg,0032,medium_text,medium,1,medium_text,train,381
C:\Temp\shot-classification\labeled_dataset\medium_text\0032_cut_003.jpg,0032_cut_003.jpg,0032,medium_text,medium,1,medium_text,train,382
C:\Temp\shot-classification\labeled_dataset\medium_text\0032_cut_004.jpg,0032_cut_004.jpg,0032,medium_text,medium,1,medium_text,train,383
C:\Temp\shot-classification\labeled_dataset\wide_text\0032_cut_001.jpg,0032_cut_001.jpg,0032,wide_text,wide,1,wide_text,train,384
C:\Temp\shot-classification\labeled_dataset\medium_text\0033_cut_001.jpg,0033_cut_001.jpg,0033,medium_text,medium,1,medium_text,train,385
C:\Temp\shot-classification\labeled_dataset\medium_text\0033_cut_002.jpg,0033_cut_002.jpg,0033,medium_text,medium,1,medium_text,train,386
C:\Temp\shot-classification\labeled_dataset\medium_text\0033_cut_003.jpg,0033_cut_003.jpg,0033,medium_text,medium,1,medium_text,train,387
C:\Temp\shot-classification\labeled_dataset\medium_text\0033_cut_004.jpg,0033_cut_004.jpg,0033,medium_text,medium,1,medium_text,train,388
C:\Temp\shot-classification\labeled_dataset\medium_text\0033_cut_005.jpg,0033_cut_005.jpg,0033,medium_text,medium,1,medium_text,train,389
C:\Temp\shot-classification\labeled_dataset\medium_text\0033_cut_006.jpg,0033_cut_006.jpg,0033,medium_text,medium,1,medium_text,train,390
C:\Temp\shot-classification\labeled_dataset\medium_notext\0034_cut_006.jpg,0034_cut_006.jpg,0034,medium_notext,medium,0,medium_notext,train,391
C:\Temp\shot-classification\labeled_dataset\medium_notext\0034_cut_009.jpg,0034_cut_009.jpg,0034,medium_notext,medium,0,medium_notext,train,392
C:\Temp\shot-classification\labeled_dataset\medium_text\0034_cut_002.jpg,0034_cut_002.jpg,0034,medium_text,medium,1,medium_text,train,393
C:\Temp\shot-classification\labeled_dataset\medium_text\0034_cut_003.jpg,0034_cut_003.jpg,0034,medium_text,medium,1,medium_text,train,394
C:\Temp\shot-classification\labeled_dataset\medium_text\0034_cut_007.jpg,0034_cut_007.jpg,0034,medium_text,medium,1,medium_text,train,395
C:\Temp\shot-classification\labeled_dataset\medium_text\0034_cut_008.jpg,0034_cut_008.jpg,0034,medium_text,medium,1,medium_text,train,396
C:\Temp\shot-classification\labeled_dataset\wide_notext\0034_cut_004.jpg,0034_cut_004.jpg,0034,wide_notext,wide,0,wide_notext,train,397
C:\Temp\shot-classification\labeled_dataset\wide_text\0034_cut_001.jpg,0034_cut_001.jpg,0034,wide_text,wide,1,wide_text,train,398
C:\Temp\shot-classification\labeled_dataset\wide_text\0034_cut_005.jpg,0034_cut_005.jpg,0034,wide_text,wide,1,wide_text,train,399
C:\Temp\shot-classification\labeled_dataset\wide_notext\0035_cut_001.jpg,0035_cut_001.jpg,0035,wide_notext,wide,0,wide_notext,train,400
C:\Temp\shot-classification\labeled_dataset\wide_notext\0035_cut_003.jpg,0035_cut_003.jpg,0035,wide_notext,wide,0,wide_notext,train,401
C:\Temp\shot-classification\labeled_dataset\wide_text\0035_cut_002.jpg,0035_cut_002.jpg,0035,wide_text,wide,1,wide_text,train,402
C:\Temp\shot-classification\labeled_dataset\wide_text\0035_cut_004.jpg,0035_cut_004.jpg,0035,wide_text,wide,1,wide_text,train,403
C:\Temp\shot-classification\labeled_dataset\close-up_notext\0036_cut_001.jpg,0036_cut_001.jpg,0036,close-up_notext,close-up,0,close-up_notext,train,404
C:\Temp\shot-classification\labeled_dataset\close-up_notext\0036_cut_008.jpg,0036_cut_008.jpg,0036,close-up_notext,close-up,0,close-up_notext,train,405
C:\Temp\shot-classification\labeled_dataset\close-up_notext\0036_cut_009.jpg,0036_cut_009.jpg,0036,close-up_notext,close-up,0,close-up_notext,train,406
C:\Temp\shot-classification\labeled_dataset\medium_notext\0036_cut_005.jpg,0036_cut_005.jpg,0036,medium_notext,medium,0,medium_notext,train,407
C:\Temp\shot-classification\labeled_dataset\medium_notext\0036_cut_006.jpg,0036_cut_006.jpg,0036,medium_notext,medium,0,medium_notext,train,408
C:\Temp\shot-classification\labeled_dataset\space_notext\0036_cut_003.jpg,0036_cut_003.jpg,0036,space_notext,space,0,space_notext,train,409
C:\Temp\shot-classification\labeled_dataset\wide_notext\0036_cut_002.jpg,0036_cut_002.jpg,0036,wide_notext,wide,0,wide_notext,train,410
C:\Temp\shot-classification\labeled_dataset\wide_notext\0036_cut_007.jpg,0036_cut_007.jpg,0036,wide_notext,wide,0,wide_notext,train,411
C:\Temp\shot-classification\labeled_dataset\wide_text\0036_cut_004.jpg,0036_cut_004.jpg,0036,wide_text,wide,1,wide_text,train,412
C:\Temp\shot-classification\labeled_dataset\close-up_notext\0037_cut_002.jpg,0037_cut_002.jpg,0037,close-up_notext,close-up,0,close-up_notext,train,413
C:\Temp\shot-classification\labeled_dataset\medium_text\0037_cut_003.jpg,0037_cut_003.jpg,0037,medium_text,medium,1,medium_text,train,414
C:\Temp\shot-classification\labeled_dataset\medium_text\0037_cut_004.jpg,0037_cut_004.jpg,0037,medium_text,medium,1,medium_text,train,415
C:\Temp\shot-classification\labeled_dataset\medium_text\0037_cut_005.jpg,0037_cut_005.jpg,0037,medium_text,medium,1,medium_text,train,416
C:\Temp\shot-classification\labeled_dataset\medium_text\0037_cut_006.jpg,0037_cut_006.jpg,0037,medium_text,medium,1,medium_text,train,417
C:\Temp\shot-classification\labeled_dataset\medium_text\0037_cut_008.jpg,0037_cut_008.jpg,0037,medium_text,medium,1,medium_text,train,418
C:\Temp\shot-classification\labeled_dataset\medium_text\0037_cut_009.jpg,0037_cut_009.jpg,0037,medium_text,medium,1,medium_text,train,419
C:\Temp\shot-classification\labeled_dataset\medium_text\0037_cut_011.jpg,0037_cut_011.jpg,0037,medium_text,medium,1,medium_text,train,420
C:\Temp\shot-classification\labeled_dataset\object_text\0037_cut_013.jpg,0037_cut_013.jpg,0037,object_text,object,1,object_text,train,421
C:\Temp\shot-classification\labeled_dataset\space_notext\0037_cut_001.jpg,0037_cut_001.jpg,0037,space_notext,space,0,space_notext,train,422
C:\Temp\shot-classification\labeled_dataset\wide_text\0037_cut_012.jpg,0037_cut_012.jpg,0037,wide_text,wide,1,wide_text,train,423
C:\Temp\shot-classification\labeled_dataset\medium_notext\0038_cut_006.jpg,0038_cut_006.jpg,0038,medium_notext,medium,0,medium_notext,train,424
C:\Temp\shot-classification\labeled_dataset\medium_text\0038_cut_001.jpg,0038_cut_001.jpg,0038,medium_text,medium,1,medium_text,train,425
C:\Temp\shot-classification\labeled_dataset\wide_notext\0038_cut_003.jpg,0038_cut_003.jpg,0038,wide_notext,wide,0,wide_notext,train,426
C:\Temp\shot-classification\labeled_dataset\wide_notext\0038_cut_004.jpg,0038_cut_004.jpg,0038,wide_notext,wide,0,wide_notext,train,427
C:\Temp\shot-classification\labeled_dataset\wide_notext\0038_cut_005.jpg,0038_cut_005.jpg,0038,wide_notext,wide,0,wide_notext,train,428
C:\Temp\shot-classification\labeled_dataset\wide_text\0038_cut_002.jpg,0038_cut_002.jpg,0038,wide_text,wide,1,wide_text,train,429
C:\Temp\shot-classification\labeled_dataset\medium_text\0039_cut_002.jpg,0039_cut_002.jpg,0039,medium_text,medium,1,medium_text,val,430
C:\Temp\shot-classification\labeled_dataset\wide_notext\0039_cut_005.jpg,0039_cut_005.jpg,0039,wide_notext,wide,0,wide_notext,val,431
C:\Temp\shot-classification\labeled_dataset\wide_text\0039_cut_001.jpg,0039_cut_001.jpg,0039,wide_text,wide,1,wide_text,val,432
C:\Temp\shot-classification\labeled_dataset\wide_text\0039_cut_003.jpg,0039_cut_003.jpg,0039,wide_text,wide,1,wide_text,val,433
C:\Temp\shot-classification\labeled_dataset\wide_text\0039_cut_004.jpg,0039_cut_004.jpg,0039,wide_text,wide,1,wide_text,val,434
C:\Temp\shot-classification\labeled_dataset\wide_text\0039_cut_006.jpg,0039_cut_006.jpg,0039,wide_text,wide,1,wide_text,val,435
C:\Temp\shot-classification\labeled_dataset\close-up_text\0040_cut_004.jpg,0040_cut_004.jpg,0040,close-up_text,close-up,1,close-up_text,train,436
C:\Temp\shot-classification\labeled_dataset\close-up_text\0040_cut_005.jpg,0040_cut_005.jpg,0040,close-up_text,close-up,1,close-up_text,train,437
C:\Temp\shot-classification\labeled_dataset\close-up_text\0040_cut_018.jpg,0040_cut_018.jpg,0040,close-up_text,close-up,1,close-up_text,train,438
C:\Temp\shot-classification\labeled_dataset\medium_text\0040_cut_001.jpg,0040_cut_001.jpg,0040,medium_text,medium,1,medium_text,train,439
C:\Temp\shot-classification\labeled_dataset\medium_text\0040_cut_008.jpg,0040_cut_008.jpg,0040,medium_text,medium,1,medium_text,train,440
C:\Temp\shot-classification\labeled_dataset\medium_text\0040_cut_009.jpg,0040_cut_009.jpg,0040,medium_text,medium,1,medium_text,train,441
C:\Temp\shot-classification\labeled_dataset\medium_text\0040_cut_013.jpg,0040_cut_013.jpg,0040,medium_text,medium,1,medium_text,train,442
C:\Temp\shot-classification\labeled_dataset\medium_text\0040_cut_017.jpg,0040_cut_017.jpg,0040,medium_text,medium,1,medium_text,train,443
C:\Temp\shot-classification\labeled_dataset\object_text\0040_cut_003.jpg,0040_cut_003.jpg,0040,object_text,object,1,object_text,train,444
C:\Temp\shot-classification\labeled_dataset\object_text\0040_cut_011.jpg,0040_cut_011.jpg,0040,object_text,object,1,object_text,train,445
C:\Temp\shot-classification\labeled_dataset\object_text\0040_cut_012.jpg,0040_cut_012.jpg,0040,object_text,object,1,object_text,train,446
C:\Temp\shot-classification\labeled_dataset\space_text\0040_cut_006.jpg,0040_cut_006.jpg,0040,space_text,space,1,space_text,train,447
C:\Temp\shot-classification\labeled_dataset\space_text\0040_cut_007.jpg,0040_cut_007.jpg,0040,space_text,space,1,space_text,train,448
C:\Temp\shot-classification\labeled_dataset\wide_text\0040_cut_002.jpg,0040_cut_002.jpg,0040,wide_text,wide,1,wide_text,train,449
C:\Temp\shot-classification\labeled_dataset\wide_text\0040_cut_010.jpg,0040_cut_010.jpg,0040,wide_text,wide,1,wide_text,train,450
C:\Temp\shot-classification\labeled_dataset\wide_text\0040_cut_014.jpg,0040_cut_014.jpg,0040,wide_text,wide,1,wide_text,train,451
C:\Temp\shot-classification\labeled_dataset\wide_text\0040_cut_016.jpg,0040_cut_016.jpg,0040,wide_text,wide,1,wide_text,train,452
C:\Temp\shot-classification\labeled_dataset\medium_text\0041_cut_001.jpg,0041_cut_001.jpg,0041,medium_text,medium,1,medium_text,train,453
C:\Temp\shot-classification\labeled_dataset\object_text\0041_cut_002.jpg,0041_cut_002.jpg,0041,object_text,object,1,object_text,train,454
C:\Temp\shot-classification\labeled_dataset\medium_text\0042_cut_001.jpg,0042_cut_001.jpg,0042,medium_text,medium,1,medium_text,train,455
C:\Temp\shot-classification\labeled_dataset\object_text\0042_cut_004.jpg,0042_cut_004.jpg,0042,object_text,object,1,object_text,train,456
C:\Temp\shot-classification\labeled_dataset\space_text\0042_cut_005.jpg,0042_cut_005.jpg,0042,space_text,space,1,space_text,train,457
C:\Temp\shot-classification\labeled_dataset\wide_text\0042_cut_002.jpg,0042_cut_002.jpg,0042,wide_text,wide,1,wide_text,train,458
C:\Temp\shot-classification\labeled_dataset\wide_text\0042_cut_006.jpg,0042_cut_006.jpg,0042,wide_text,wide,1,wide_text,train,459
C:\Temp\shot-classification\labeled_dataset\medium_notext\0043_cut_005.jpg,0043_cut_005.jpg,0043,medium_notext,medium,0,medium_notext,train,460
C:\Temp\shot-classification\labeled_dataset\medium_notext\0043_cut_007.jpg,0043_cut_007.jpg,0043,medium_notext,medium,0,medium_notext,train,461
C:\Temp\shot-classification\labeled_dataset\medium_text\0043_cut_001.jpg,0043_cut_001.jpg,0043,medium_text,medium,1,medium_text,train,462
C:\Temp\shot-classification\labeled_dataset\medium_text\0043_cut_002.jpg,0043_cut_002.jpg,0043,medium_text,medium,1,medium_text,train,463
C:\Temp\shot-classification\labeled_dataset\wide_notext\0043_cut_003.jpg,0043_cut_003.jpg,0043,wide_notext,wide,0,wide_notext,train,464
C:\Temp\shot-classification\labeled_dataset\wide_notext\0043_cut_004.jpg,0043_cut_004.jpg,0043,wide_notext,wide,0,wide_notext,train,465
C:\Temp\shot-classification\labeled_dataset\wide_notext\0043_cut_006.jpg,0043_cut_006.jpg,0043,wide_notext,wide,0,wide_notext,train,466
C:\Temp\shot-classification\labeled_dataset\close-up_notext\0044_cut_011.jpg,0044_cut_011.jpg,0044,close-up_notext,close-up,0,close-up_notext,train,467
C:\Temp\shot-classification\labeled_dataset\medium_notext\0044_cut_003.jpg,0044_cut_003.jpg,0044,medium_notext,medium,0,medium_notext,train,468
C:\Temp\shot-classification\labeled_dataset\medium_notext\0044_cut_005.jpg,0044_cut_005.jpg,0044,medium_notext,medium,0,medium_notext,train,469
C:\Temp\shot-classification\labeled_dataset\medium_notext\0044_cut_019.jpg,0044_cut_019.jpg,0044,medium_notext,medium,0,medium_notext,train,470
C:\Temp\shot-classification\labeled_dataset\medium_text\0044_cut_001.jpg,0044_cut_001.jpg,0044,medium_text,medium,1,medium_text,train,471
C:\Temp\shot-classification\labeled_dataset\medium_text\0044_cut_004.jpg,0044_cut_004.jpg,0044,medium_text,medium,1,medium_text,train,472
C:\Temp\shot-classification\labeled_dataset\medium_text\0044_cut_006.jpg,0044_cut_006.jpg,0044,medium_text,medium,1,medium_text,train,473
C:\Temp\shot-classification\labeled_dataset\medium_text\0044_cut_007.jpg,0044_cut_007.jpg,0044,medium_text,medium,1,medium_text,train,474
C:\Temp\shot-classification\labeled_dataset\medium_text\0044_cut_008.jpg,0044_cut_008.jpg,0044,medium_text,medium,1,medium_text,train,475
C:\Temp\shot-classification\labeled_dataset\medium_text\0044_cut_009.jpg,0044_cut_009.jpg,0044,medium_text,medium,1,medium_text,train,476
C:\Temp\shot-classification\labeled_dataset\medium_text\0044_cut_010.jpg,0044_cut_010.jpg,0044,medium_text,medium,1,medium_text,train,477
C:\Temp\shot-classification\labeled_dataset\medium_text\0044_cut_012.jpg,0044_cut_012.jpg,0044,medium_text,medium,1,medium_text,train,478
C:\Temp\shot-classification\labeled_dataset\medium_text\0044_cut_013.jpg,0044_cut_013.jpg,0044,medium_text,medium,1,medium_text,train,479
C:\Temp\shot-classification\labeled_dataset\medium_text\0044_cut_014.jpg,0044_cut_014.jpg,0044,medium_text,medium,1,medium_text,train,480
C:\Temp\shot-classification\labeled_dataset\medium_text\0044_cut_016.jpg,0044_cut_016.jpg,0044,medium_text,medium,1,medium_text,train,481
C:\Temp\shot-classification\labeled_dataset\medium_text\0044_cut_017.jpg,0044_cut_017.jpg,0044,medium_text,medium,1,medium_text,train,482
C:\Temp\shot-classification\labeled_dataset\medium_text\0044_cut_020.jpg,0044_cut_020.jpg,0044,medium_text,medium,1,medium_text,train,483
C:\Temp\shot-classification\labeled_dataset\medium_text\0044_cut_022.jpg,0044_cut_022.jpg,0044,medium_text,medium,1,medium_text,train,484
C:\Temp\shot-classification\labeled_dataset\object_notext\0044_cut_002.jpg,0044_cut_002.jpg,0044,object_notext,object,0,object_notext,train,485
C:\Temp\shot-classification\labeled_dataset\object_notext\0044_cut_015.jpg,0044_cut_015.jpg,0044,object_notext,object,0,object_notext,train,486
C:\Temp\shot-classification\labeled_dataset\object_notext\0044_cut_018.jpg,0044_cut_018.jpg,0044,object_notext,object,0,object_notext,train,487
C:\Temp\shot-classification\labeled_dataset\space_notext\0044_cut_021.jpg,0044_cut_021.jpg,0044,space_notext,space,0,space_notext,train,488
C:\Temp\shot-classification\labeled_dataset\close-up_text\0045_cut_004.jpg,0045_cut_004.jpg,0045,close-up_text,close-up,1,close-up_text,train,489
C:\Temp\shot-classification\labeled_dataset\medium_text\0045_cut_002.jpg,0045_cut_002.jpg,0045,medium_text,medium,1,medium_text,train,490
C:\Temp\shot-classification\labeled_dataset\medium_text\0045_cut_003.jpg,0045_cut_003.jpg,0045,medium_text,medium,1,medium_text,train,491
C:\Temp\shot-classification\labeled_dataset\medium_text\0045_cut_005.jpg,0045_cut_005.jpg,0045,medium_text,medium,1,medium_text,train,492
C:\Temp\shot-classification\labeled_dataset\wide_notext\0045_cut_001.jpg,0045_cut_001.jpg,0045,wide_notext,wide,0,wide_notext,train,493
C:\Temp\shot-classification\labeled_dataset\wide_notext\0046_cut_003.jpg,0046_cut_003.jpg,0046,wide_notext,wide,0,wide_notext,val,494
C:\Temp\shot-classification\labeled_dataset\wide_text\0046_cut_001.jpg,0046_cut_001.jpg,0046,wide_text,wide,1,wide_text,val,495
C:\Temp\shot-classification\labeled_dataset\close-up_text\0047_cut_004.jpg,0047_cut_004.jpg,0047,close-up_text,close-up,1,close-up_text,train,496
C:\Temp\shot-classification\labeled_dataset\medium_notext\0047_cut_003.jpg,0047_cut_003.jpg,0047,medium_notext,medium,0,medium_notext,train,497
C:\Temp\shot-classification\labeled_dataset\medium_text\0047_cut_005.jpg,0047_cut_005.jpg,0047,medium_text,medium,1,medium_text,train,498
C:\Temp\shot-classification\labeled_dataset\wide_text\0047_cut_001.jpg,0047_cut_001.jpg,0047,wide_text,wide,1,wide_text,train,499
C:\Temp\shot-classification\labeled_dataset\wide_text\0047_cut_002.jpg,0047_cut_002.jpg,0047,wide_text,wide,1,wide_text,train,500
C:\Temp\shot-classification\labeled_dataset\close-up_notext\0048_cut_027.jpg,0048_cut_027.jpg,0048,close-up_notext,close-up,0,close-up_notext,train,501
C:\Temp\shot-classification\labeled_dataset\close-up_text\0048_cut_017.jpg,0048_cut_017.jpg,0048,close-up_text,close-up,1,close-up_text,train,502
C:\Temp\shot-classification\labeled_dataset\close-up_text\0048_cut_019.jpg,0048_cut_019.jpg,0048,close-up_text,close-up,1,close-up_text,train,503
C:\Temp\shot-classification\labeled_dataset\close-up_text\0048_cut_021.jpg,0048_cut_021.jpg,0048,close-up_text,close-up,1,close-up_text,train,504
C:\Temp\shot-classification\labeled_dataset\close-up_text\0048_cut_022.jpg,0048_cut_022.jpg,0048,close-up_text,close-up,1,close-up_text,train,505
C:\Temp\shot-classification\labeled_dataset\close-up_text\0048_cut_030.jpg,0048_cut_030.jpg,0048,close-up_text,close-up,1,close-up_text,train,506
C:\Temp\shot-classification\labeled_dataset\close-up_text\0048_cut_031.jpg,0048_cut_031.jpg,0048,close-up_text,close-up,1,close-up_text,train,507
C:\Temp\shot-classification\labeled_dataset\close-up_text\0048_cut_032.jpg,0048_cut_032.jpg,0048,close-up_text,close-up,1,close-up_text,train,508
C:\Temp\shot-classification\labeled_dataset\close-up_text\0048_cut_033.jpg,0048_cut_033.jpg,0048,close-up_text,close-up,1,close-up_text,train,509
C:\Temp\shot-classification\labeled_dataset\close-up_text\0048_cut_035.jpg,0048_cut_035.jpg,0048,close-up_text,close-up,1,close-up_text,train,510
C:\Temp\shot-classification\labeled_dataset\close-up_text\0048_cut_037.jpg,0048_cut_037.jpg,0048,close-up_text,close-up,1,close-up_text,train,511
C:\Temp\shot-classification\labeled_dataset\close-up_text\0048_cut_039.jpg,0048_cut_039.jpg,0048,close-up_text,close-up,1,close-up_text,train,512
C:\Temp\shot-classification\labeled_dataset\medium_notext\0048_cut_001.jpg,0048_cut_001.jpg,0048,medium_notext,medium,0,medium_notext,train,513
C:\Temp\shot-classification\labeled_dataset\medium_text\0048_cut_002.jpg,0048_cut_002.jpg,0048,medium_text,medium,1,medium_text,train,514
C:\Temp\shot-classification\labeled_dataset\medium_text\0048_cut_008.jpg,0048_cut_008.jpg,0048,medium_text,medium,1,medium_text,train,515
C:\Temp\shot-classification\labeled_dataset\medium_text\0048_cut_013.jpg,0048_cut_013.jpg,0048,medium_text,medium,1,medium_text,train,516
C:\Temp\shot-classification\labeled_dataset\medium_text\0048_cut_014.jpg,0048_cut_014.jpg,0048,medium_text,medium,1,medium_text,train,517
C:\Temp\shot-classification\labeled_dataset\medium_text\0048_cut_015.jpg,0048_cut_015.jpg,0048,medium_text,medium,1,medium_text,train,518
C:\Temp\shot-classification\labeled_dataset\medium_text\0048_cut_016.jpg,0048_cut_016.jpg,0048,medium_text,medium,1,medium_text,train,519
C:\Temp\shot-classification\labeled_dataset\medium_text\0048_cut_018.jpg,0048_cut_018.jpg,0048,medium_text,medium,1,medium_text,train,520
C:\Temp\shot-classification\labeled_dataset\medium_text\0048_cut_020.jpg,0048_cut_020.jpg,0048,medium_text,medium,1,medium_text,train,521
C:\Temp\shot-classification\labeled_dataset\medium_text\0048_cut_023.jpg,0048_cut_023.jpg,0048,medium_text,medium,1,medium_text,train,522
C:\Temp\shot-classification\labeled_dataset\medium_text\0048_cut_025.jpg,0048_cut_025.jpg,0048,medium_text,medium,1,medium_text,train,523
C:\Temp\shot-classification\labeled_dataset\medium_text\0048_cut_026.jpg,0048_cut_026.jpg,0048,medium_text,medium,1,medium_text,train,524
C:\Temp\shot-classification\labeled_dataset\medium_text\0048_cut_028.jpg,0048_cut_028.jpg,0048,medium_text,medium,1,medium_text,train,525
C:\Temp\shot-classification\labeled_dataset\medium_text\0048_cut_029.jpg,0048_cut_029.jpg,0048,medium_text,medium,1,medium_text,train,526
C:\Temp\shot-classification\labeled_dataset\medium_text\0048_cut_034.jpg,0048_cut_034.jpg,0048,medium_text,medium,1,medium_text,train,527
C:\Temp\shot-classification\labeled_dataset\medium_text\0048_cut_036.jpg,0048_cut_036.jpg,0048,medium_text,medium,1,medium_text,train,528
C:\Temp\shot-classification\labeled_dataset\medium_text\0048_cut_038.jpg,0048_cut_038.jpg,0048,medium_text,medium,1,medium_text,train,529
C:\Temp\shot-classification\labeled_dataset\object_text\0048_cut_009.jpg,0048_cut_009.jpg,0048,object_text,object,1,object_text,train,530
C:\Temp\shot-classification\labeled_dataset\object_text\0048_cut_010.jpg,0048_cut_010.jpg,0048,object_text,object,1,object_text,train,531
C:\Temp\shot-classification\labeled_dataset\object_text\0048_cut_011.jpg,0048_cut_011.jpg,0048,object_text,object,1,object_text,train,532
C:\Temp\shot-classification\labeled_dataset\object_text\0048_cut_012.jpg,0048_cut_012.jpg,0048,object_text,object,1,object_text,train,533
C:\Temp\shot-classification\labeled_dataset\space_text\0048_cut_003.jpg,0048_cut_003.jpg,0048,space_text,space,1,space_text,train,534
C:\Temp\shot-classification\labeled_dataset\wide_text\0048_cut_004.jpg,0048_cut_004.jpg,0048,wide_text,wide,1,wide_text,train,535
C:\Temp\shot-classification\labeled_dataset\wide_text\0048_cut_006.jpg,0048_cut_006.jpg,0048,wide_text,wide,1,wide_text,train,536
C:\Temp\shot-classification\labeled_dataset\wide_text\0048_cut_007.jpg,0048_cut_007.jpg,0048,wide_text,wide,1,wide_text,train,537
C:\Temp\shot-classification\labeled_dataset\medium_text\0049_cut_001.jpg,0049_cut_001.jpg,0049,medium_text,medium,1,medium_text,train,538
C:\Temp\shot-classification\labeled_dataset\wide_text\0049_cut_002.jpg,0049_cut_002.jpg,0049,wide_text,wide,1,wide_text,train,539
C:\Temp\shot-classification\labeled_dataset\wide_text\0049_cut_003.jpg,0049_cut_003.jpg,0049,wide_text,wide,1,wide_text,train,540
C:\Temp\shot-classification\labeled_dataset\medium_notext\0050_cut_004.jpg,0050_cut_004.jpg,0050,medium_notext,medium,0,medium_notext,train,541
C:\Temp\shot-classification\labeled_dataset\medium_notext\0050_cut_005.jpg,0050_cut_005.jpg,0050,medium_notext,medium,0,medium_notext,train,542
C:\Temp\shot-classification\labeled_dataset\wide_notext\0050_cut_002.jpg,0050_cut_002.jpg,0050,wide_notext,wide,0,wide_notext,train,543
C:\Temp\shot-classification\labeled_dataset\wide_notext\0050_cut_003.jpg,0050_cut_003.jpg,0050,wide_notext,wide,0,wide_notext,train,544
C:\Temp\shot-classification\labeled_dataset\wide_notext\0050_cut_006.jpg,0050_cut_006.jpg,0050,wide_notext,wide,0,wide_notext,train,545
C:\Temp\shot-classification\labeled_dataset\wide_notext\0050_cut_007.jpg,0050_cut_007.jpg,0050,wide_notext,wide,0,wide_notext,train,546
C:\Temp\shot-classification\labeled_dataset\wide_text\0050_cut_001.jpg,0050_cut_001.jpg,0050,wide_text,wide,1,wide_text,train,547
C:\Temp\shot-classification\labeled_dataset\medium_notext\0051_cut_001.jpg,0051_cut_001.jpg,0051,medium_notext,medium,0,medium_notext,train,548
C:\Temp\shot-classification\labeled_dataset\medium_notext\0051_cut_002.jpg,0051_cut_002.jpg,0051,medium_notext,medium,0,medium_notext,train,549
C:\Temp\shot-classification\labeled_dataset\medium_notext\0051_cut_004.jpg,0051_cut_004.jpg,0051,medium_notext,medium,0,medium_notext,train,550
C:\Temp\shot-classification\labeled_dataset\medium_notext\0051_cut_005.jpg,0051_cut_005.jpg,0051,medium_notext,medium,0,medium_notext,train,551
C:\Temp\shot-classification\labeled_dataset\medium_notext\0051_cut_006.jpg,0051_cut_006.jpg,0051,medium_notext,medium,0,medium_notext,train,552
C:\Temp\shot-classification\labeled_dataset\medium_notext\0051_cut_007.jpg,0051_cut_007.jpg,0051,medium_notext,medium,0,medium_notext,train,553
C:\Temp\shot-classification\labeled_dataset\object_notext\0051_cut_003.jpg,0051_cut_003.jpg,0051,object_notext,object,0,object_notext,train,554
C:\Temp\shot-classification\labeled_dataset\object_notext\0051_cut_008.jpg,0051_cut_008.jpg,0051,object_notext,object,0,object_notext,train,555
C:\Temp\shot-classification\labeled_dataset\object_notext\0051_cut_009.jpg,0051_cut_009.jpg,0051,object_notext,object,0,object_notext,train,556
C:\Temp\shot-classification\labeled_dataset\object_notext\0051_cut_010.jpg,0051_cut_010.jpg,0051,object_notext,object,0,object_notext,train,557
C:\Temp\shot-classification\labeled_dataset\medium_notext\0052_cut_001.jpg,0052_cut_001.jpg,0052,medium_notext,medium,0,medium_notext,train,558
C:\Temp\shot-classification\labeled_dataset\medium_text\0052_cut_008.jpg,0052_cut_008.jpg,0052,medium_text,medium,1,medium_text,train,559
C:\Temp\shot-classification\labeled_dataset\medium_text\0052_cut_009.jpg,0052_cut_009.jpg,0052,medium_text,medium,1,medium_text,train,560
C:\Temp\shot-classification\labeled_dataset\medium_text\0052_cut_010.jpg,0052_cut_010.jpg,0052,medium_text,medium,1,medium_text,train,561
C:\Temp\shot-classification\labeled_dataset\medium_text\0052_cut_014.jpg,0052_cut_014.jpg,0052,medium_text,medium,1,medium_text,train,562
C:\Temp\shot-classification\labeled_dataset\medium_text\0052_cut_015.jpg,0052_cut_015.jpg,0052,medium_text,medium,1,medium_text,train,563
C:\Temp\shot-classification\labeled_dataset\medium_text\0052_cut_016.jpg,0052_cut_016.jpg,0052,medium_text,medium,1,medium_text,train,564
C:\Temp\shot-classification\labeled_dataset\object_notext\0052_cut_004.jpg,0052_cut_004.jpg,0052,object_notext,object,0,object_notext,train,565
C:\Temp\shot-classification\labeled_dataset\object_notext\0052_cut_006.jpg,0052_cut_006.jpg,0052,object_notext,object,0,object_notext,train,566
C:\Temp\shot-classification\labeled_dataset\object_notext\0052_cut_022.jpg,0052_cut_022.jpg,0052,object_notext,object,0,object_notext,train,567
C:\Temp\shot-classification\labeled_dataset\object_text\0052_cut_002.jpg,0052_cut_002.jpg,0052,object_text,object,1,object_text,train,568
C:\Temp\shot-classification\labeled_dataset\object_text\0052_cut_003.jpg,0052_cut_003.jpg,0052,object_text,object,1,object_text,train,569
C:\Temp\shot-classification\labeled_dataset\object_text\0052_cut_005.jpg,0052_cut_005.jpg,0052,object_text,object,1,object_text,train,570
C:\Temp\shot-classification\labeled_dataset\object_text\0052_cut_007.jpg,0052_cut_007.jpg,0052,object_text,object,1,object_text,train,571
C:\Temp\shot-classification\labeled_dataset\object_text\0052_cut_011.jpg,0052_cut_011.jpg,0052,object_text,object,1,object_text,train,572
C:\Temp\shot-classification\labeled_dataset\object_text\0052_cut_012.jpg,0052_cut_012.jpg,0052,object_text,object,1,object_text,train,573
C:\Temp\shot-classification\labeled_dataset\object_text\0052_cut_013.jpg,0052_cut_013.jpg,0052,object_text,object,1,object_text,train,574
C:\Temp\shot-classification\labeled_dataset\object_text\0052_cut_017.jpg,0052_cut_017.jpg,0052,object_text,object,1,object_text,train,575
C:\Temp\shot-classification\labeled_dataset\object_text\0052_cut_018.jpg,0052_cut_018.jpg,0052,object_text,object,1,object_text,train,576
C:\Temp\shot-classification\labeled_dataset\object_text\0052_cut_020.jpg,0052_cut_020.jpg,0052,object_text,object,1,object_text,train,577
C:\Temp\shot-classification\labeled_dataset\wide_text\0052_cut_019.jpg,0052_cut_019.jpg,0052,wide_text,wide,1,wide_text,train,578
C:\Temp\shot-classification\labeled_dataset\close-up_text\0053_cut_018.jpg,0053_cut_018.jpg,0053,close-up_text,close-up,1,close-up_text,train,579
C:\Temp\shot-classification\labeled_dataset\close-up_text\0053_cut_019.jpg,0053_cut_019.jpg,0053,close-up_text,close-up,1,close-up_text,train,580
C:\Temp\shot-classification\labeled_dataset\medium_text\0053_cut_001.jpg,0053_cut_001.jpg,0053,medium_text,medium,1,medium_text,train,581
C:\Temp\shot-classification\labeled_dataset\medium_text\0053_cut_002.jpg,0053_cut_002.jpg,0053,medium_text,medium,1,medium_text,train,582
C:\Temp\shot-classification\labeled_dataset\medium_text\0053_cut_003.jpg,0053_cut_003.jpg,0053,medium_text,medium,1,medium_text,train,583
C:\Temp\shot-classification\labeled_dataset\medium_text\0053_cut_004.jpg,0053_cut_004.jpg,0053,medium_text,medium,1,medium_text,train,584
C:\Temp\shot-classification\labeled_dataset\medium_text\0053_cut_005.jpg,0053_cut_005.jpg,0053,medium_text,medium,1,medium_text,train,585
C:\Temp\shot-classification\labeled_dataset\medium_text\0053_cut_006.jpg,0053_cut_006.jpg,0053,medium_text,medium,1,medium_text,train,586
C:\Temp\shot-classification\labeled_dataset\medium_text\0053_cut_007.jpg,0053_cut_007.jpg,0053,medium_text,medium,1,medium_text,train,587
C:\Temp\shot-classification\labeled_dataset\medium_text\0053_cut_008.jpg,0053_cut_008.jpg,0053,medium_text,medium,1,medium_text,train,588
C:\Temp\shot-classification\labeled_dataset\medium_text\0053_cut_009.jpg,0053_cut_009.jpg,0053,medium_text,medium,1,medium_text,train,589
C:\Temp\shot-classification\labeled_dataset\medium_text\0053_cut_010.jpg,0053_cut_010.jpg,0053,medium_text,medium,1,medium_text,train,590
C:\Temp\shot-classification\labeled_dataset\medium_text\0053_cut_011.jpg,0053_cut_011.jpg,0053,medium_text,medium,1,medium_text,train,591
C:\Temp\shot-classification\labeled_dataset\medium_text\0053_cut_012.jpg,0053_cut_012.jpg,0053,medium_text,medium,1,medium_text,train,592
C:\Temp\shot-classification\labeled_dataset\medium_text\0053_cut_013.jpg,0053_cut_013.jpg,0053,medium_text,medium,1,medium_text,train,593
C:\Temp\shot-classification\labeled_dataset\medium_text\0053_cut_014.jpg,0053_cut_014.jpg,0053,medium_text,medium,1,medium_text,train,594
C:\Temp\shot-classification\labeled_dataset\medium_text\0053_cut_015.jpg,0053_cut_015.jpg,0053,medium_text,medium,1,medium_text,train,595
C:\Temp\shot-classification\labeled_dataset\medium_text\0053_cut_016.jpg,0053_cut_016.jpg,0053,medium_text,medium,1,medium_text,train,596
C:\Temp\shot-classification\labeled_dataset\medium_text\0053_cut_020.jpg,0053_cut_020.jpg,0053,medium_text,medium,1,medium_text,train,597
C:\Temp\shot-classification\labeled_dataset\wide_notext\0053_cut_017.jpg,0053_cut_017.jpg,0053,wide_notext,wide,0,wide_notext,train,598
C:\Temp\shot-classification\labeled_dataset\medium_notext\0054_cut_002.jpg,0054_cut_002.jpg,0054,medium_notext,medium,0,medium_notext,train,599
C:\Temp\shot-classification\labeled_dataset\medium_notext\0054_cut_003.jpg,0054_cut_003.jpg,0054,medium_notext,medium,0,medium_notext,train,600
C:\Temp\shot-classification\labeled_dataset\medium_notext\0054_cut_005.jpg,0054_cut_005.jpg,0054,medium_notext,medium,0,medium_notext,train,601
C:\Temp\shot-classification\labeled_dataset\medium_notext\0054_cut_010.jpg,0054_cut_010.jpg,0054,medium_notext,medium,0,medium_notext,train,602
C:\Temp\shot-classification\labeled_dataset\medium_text\0054_cut_008.jpg,0054_cut_008.jpg,0054,medium_text,medium,1,medium_text,train,603
C:\Temp\shot-classification\labeled_dataset\medium_text\0054_cut_012.jpg,0054_cut_012.jpg,0054,medium_text,medium,1,medium_text,train,604
C:\Temp\shot-classification\labeled_dataset\wide_notext\0054_cut_004.jpg,0054_cut_004.jpg,0054,wide_notext,wide,0,wide_notext,train,605
C:\Temp\shot-classification\labeled_dataset\wide_notext\0054_cut_006.jpg,0054_cut_006.jpg,0054,wide_notext,wide,0,wide_notext,train,606
C:\Temp\shot-classification\labeled_dataset\wide_notext\0054_cut_007.jpg,0054_cut_007.jpg,0054,wide_notext,wide,0,wide_notext,train,607
C:\Temp\shot-classification\labeled_dataset\wide_notext\0054_cut_009.jpg,0054_cut_009.jpg,0054,wide_notext,wide,0,wide_notext,train,608
C:\Temp\shot-classification\labeled_dataset\wide_notext\0054_cut_011.jpg,0054_cut_011.jpg,0054,wide_notext,wide,0,wide_notext,train,609
C:\Temp\shot-classification\labeled_dataset\wide_notext\0054_cut_014.jpg,0054_cut_014.jpg,0054,wide_notext,wide,0,wide_notext,train,610
C:\Temp\shot-classification\labeled_dataset\wide_text\0054_cut_001.jpg,0054_cut_001.jpg,0054,wide_text,wide,1,wide_text,train,611
C:\Temp\shot-classification\labeled_dataset\wide_text\0054_cut_013.jpg,0054_cut_013.jpg,0054,wide_text,wide,1,wide_text,train,612
C:\Temp\shot-classification\labeled_dataset\medium_text\0055_cut_001.jpg,0055_cut_001.jpg,0055,medium_text,medium,1,medium_text,train,613
C:\Temp\shot-classification\labeled_dataset\object_notext\0055_cut_004.jpg,0055_cut_004.jpg,0055,object_notext,object,0,object_notext,train,614
C:\Temp\shot-classification\labeled_dataset\object_notext\0055_cut_007.jpg,0055_cut_007.jpg,0055,object_notext,object,0,object_notext,train,615
C:\Temp\shot-classification\labeled_dataset\space_notext\0055_cut_006.jpg,0055_cut_006.jpg,0055,space_notext,space,0,space_notext,train,616
C:\Temp\shot-classification\labeled_dataset\close-up_text\0056_cut_001.jpg,0056_cut_001.jpg,0056,close-up_text,close-up,1,close-up_text,test,617
C:\Temp\shot-classification\labeled_dataset\close-up_text\0056_cut_018.jpg,0056_cut_018.jpg,0056,close-up_text,close-up,1,close-up_text,test,618
C:\Temp\shot-classification\labeled_dataset\object_text\0056_cut_004.jpg,0056_cut_004.jpg,0056,object_text,object,1,object_text,test,619
C:\Temp\shot-classification\labeled_dataset\object_text\0056_cut_005.jpg,0056_cut_005.jpg,0056,object_text,object,1,object_text,test,620
C:\Temp\shot-classification\labeled_dataset\object_text\0056_cut_006.jpg,0056_cut_006.jpg,0056,object_text,object,1,object_text,test,621
C:\Temp\shot-classification\labeled_dataset\object_text\0056_cut_010.jpg,0056_cut_010.jpg,0056,object_text,object,1,object_text,test,622
C:\Temp\shot-classification\labeled_dataset\object_text\0056_cut_013.jpg,0056_cut_013.jpg,0056,object_text,object,1,object_text,test,623
C:\Temp\shot-classification\labeled_dataset\object_text\0056_cut_015.jpg,0056_cut_015.jpg,0056,object_text,object,1,object_text,test,624
C:\Temp\shot-classification\labeled_dataset\object_text\0056_cut_016.jpg,0056_cut_016.jpg,0056,object_text,object,1,object_text,test,625
C:\Temp\shot-classification\labeled_dataset\object_text\0056_cut_017.jpg,0056_cut_017.jpg,0056,object_text,object,1,object_text,test,626
C:\Temp\shot-classification\labeled_dataset\object_text\0056_cut_022.jpg,0056_cut_022.jpg,0056,object_text,object,1,object_text,test,627
C:\Temp\shot-classification\labeled_dataset\object_text\0056_cut_023.jpg,0056_cut_023.jpg,0056,object_text,object,1,object_text,test,628
C:\Temp\shot-classification\labeled_dataset\object_text\0056_cut_024.jpg,0056_cut_024.jpg,0056,object_text,object,1,object_text,test,629
C:\Temp\shot-classification\labeled_dataset\object_text\0056_cut_025.jpg,0056_cut_025.jpg,0056,object_text,object,1,object_text,test,630
C:\Temp\shot-classification\labeled_dataset\object_text\0056_cut_027.jpg,0056_cut_027.jpg,0056,object_text,object,1,object_text,test,631
C:\Temp\shot-classification\labeled_dataset\object_text\0056_cut_029.jpg,0056_cut_029.jpg,0056,object_text,object,1,object_text,test,632
C:\Temp\shot-classification\labeled_dataset\object_text\0056_cut_031.jpg,0056_cut_031.jpg,0056,object_text,object,1,object_text,test,633
C:\Temp\shot-classification\labeled_dataset\object_text\0056_cut_032.jpg,0056_cut_032.jpg,0056,object_text,object,1,object_text,test,634
C:\Temp\shot-classification\labeled_dataset\object_text\0056_cut_033.jpg,0056_cut_033.jpg,0056,object_text,object,1,object_text,test,635
C:\Temp\shot-classification\labeled_dataset\object_text\0056_cut_034.jpg,0056_cut_034.jpg,0056,object_text,object,1,object_text,test,636
C:\Temp\shot-classification\labeled_dataset\object_text\0056_cut_035.jpg,0056_cut_035.jpg,0056,object_text,object,1,object_text,test,637
C:\Temp\shot-classification\labeled_dataset\space_text\0056_cut_003.jpg,0056_cut_003.jpg,0056,space_text,space,1,space_text,test,638
C:\Temp\shot-classification\labeled_dataset\space_text\0056_cut_007.jpg,0056_cut_007.jpg,0056,space_text,space,1,space_text,test,639
C:\Temp\shot-classification\labeled_dataset\space_text\0056_cut_008.jpg,0056_cut_008.jpg,0056,space_text,space,1,space_text,test,640
C:\Temp\shot-classification\labeled_dataset\space_text\0056_cut_009.jpg,0056_cut_009.jpg,0056,space_text,space,1,space_text,test,641
C:\Temp\shot-classification\labeled_dataset\space_text\0056_cut_011.jpg,0056_cut_011.jpg,0056,space_text,space,1,space_text,test,642
C:\Temp\shot-classification\labeled_dataset\space_text\0056_cut_012.jpg,0056_cut_012.jpg,0056,space_text,space,1,space_text,test,643
C:\Temp\shot-classification\labeled_dataset\space_text\0056_cut_014.jpg,0056_cut_014.jpg,0056,space_text,space,1,space_text,test,644
C:\Temp\shot-classification\labeled_dataset\space_text\0056_cut_019.jpg,0056_cut_019.jpg,0056,space_text,space,1,space_text,test,645
C:\Temp\shot-classification\labeled_dataset\space_text\0056_cut_021.jpg,0056_cut_021.jpg,0056,space_text,space,1,space_text,test,646
C:\Temp\shot-classification\labeled_dataset\space_text\0056_cut_026.jpg,0056_cut_026.jpg,0056,space_text,space,1,space_text,test,647
C:\Temp\shot-classification\labeled_dataset\space_text\0056_cut_028.jpg,0056_cut_028.jpg,0056,space_text,space,1,space_text,test,648
C:\Temp\shot-classification\labeled_dataset\space_text\0056_cut_030.jpg,0056_cut_030.jpg,0056,space_text,space,1,space_text,test,649
C:\Temp\shot-classification\labeled_dataset\wide_text\0056_cut_002.jpg,0056_cut_002.jpg,0056,wide_text,wide,1,wide_text,test,650
C:\Temp\shot-classification\labeled_dataset\close-up_text\0057_cut_002.jpg,0057_cut_002.jpg,0057,close-up_text,close-up,1,close-up_text,test,651
C:\Temp\shot-classification\labeled_dataset\medium_text\0057_cut_001.jpg,0057_cut_001.jpg,0057,medium_text,medium,1,medium_text,test,652
C:\Temp\shot-classification\labeled_dataset\medium_text\0057_cut_003.jpg,0057_cut_003.jpg,0057,medium_text,medium,1,medium_text,test,653
C:\Temp\shot-classification\labeled_dataset\medium_text\0057_cut_004.jpg,0057_cut_004.jpg,0057,medium_text,medium,1,medium_text,test,654
C:\Temp\shot-classification\labeled_dataset\object_text\0057_cut_005.jpg,0057_cut_005.jpg,0057,object_text,object,1,object_text,test,655
C:\Temp\shot-classification\labeled_dataset\object_text\0057_cut_006.jpg,0057_cut_006.jpg,0057,object_text,object,1,object_text,test,656
C:\Temp\shot-classification\labeled_dataset\object_text\0057_cut_007.jpg,0057_cut_007.jpg,0057,object_text,object,1,object_text,test,657
C:\Temp\shot-classification\labeled_dataset\object_text\0057_cut_008.jpg,0057_cut_008.jpg,0057,object_text,object,1,object_text,test,658
C:\Temp\shot-classification\labeled_dataset\object_text\0058_cut_001.jpg,0058_cut_001.jpg,0058,object_text,object,1,object_text,train,659
C:\Temp\shot-classification\labeled_dataset\object_text\0058_cut_002.jpg,0058_cut_002.jpg,0058,object_text,object,1,object_text,train,660
C:\Temp\shot-classification\labeled_dataset\object_text\0058_cut_004.jpg,0058_cut_004.jpg,0058,object_text,object,1,object_text,train,661
C:\Temp\shot-classification\labeled_dataset\object_text\0058_cut_005.jpg,0058_cut_005.jpg,0058,object_text,object,1,object_text,train,662
C:\Temp\shot-classification\labeled_dataset\object_text\0058_cut_006.jpg,0058_cut_006.jpg,0058,object_text,object,1,object_text,train,663
C:\Temp\shot-classification\labeled_dataset\object_text\0058_cut_007.jpg,0058_cut_007.jpg,0058,object_text,object,1,object_text,train,664
C:\Temp\shot-classification\labeled_dataset\object_text\0058_cut_008.jpg,0058_cut_008.jpg,0058,object_text,object,1,object_text,train,665
C:\Temp\shot-classification\labeled_dataset\space_text\0058_cut_003.jpg,0058_cut_003.jpg,0058,space_text,space,1,space_text,train,666
C:\Temp\shot-classification\labeled_dataset\object_text\0059_cut_001.jpg,0059_cut_001.jpg,0059,object_text,object,1,object_text,train,667
C:\Temp\shot-classification\labeled_dataset\object_text\0059_cut_002.jpg,0059_cut_002.jpg,0059,object_text,object,1,object_text,train,668
C:\Temp\shot-classification\labeled_dataset\object_text\0059_cut_003.jpg,0059_cut_003.jpg,0059,object_text,object,1,object_text,train,669
C:\Temp\shot-classification\labeled_dataset\object_text\0059_cut_004.jpg,0059_cut_004.jpg,0059,object_text,object,1,object_text,train,670
C:\Temp\shot-classification\labeled_dataset\object_text\0059_cut_005.jpg,0059_cut_005.jpg,0059,object_text,object,1,object_text,train,671
C:\Temp\shot-classification\labeled_dataset\object_text\0059_cut_006.jpg,0059_cut_006.jpg,0059,object_text,object,1,object_text,train,672
C:\Temp\shot-classification\labeled_dataset\object_text\0060_cut_002.jpg,0060_cut_002.jpg,0060,object_text,object,1,object_text,train,673
C:\Temp\shot-classification\labeled_dataset\object_text\0060_cut_004.jpg,0060_cut_004.jpg,0060,object_text,object,1,object_text,train,674
C:\Temp\shot-classification\labeled_dataset\object_text\0060_cut_005.jpg,0060_cut_005.jpg,0060,object_text,object,1,object_text,train,675
C:\Temp\shot-classification\labeled_dataset\object_text\0060_cut_009.jpg,0060_cut_009.jpg,0060,object_text,object,1,object_text,train,676
C:\Temp\shot-classification\labeled_dataset\space_text\0060_cut_003.jpg,0060_cut_003.jpg,0060,space_text,space,1,space_text,train,677
C:\Temp\shot-classification\labeled_dataset\space_text\0060_cut_006.jpg,0060_cut_006.jpg,0060,space_text,space,1,space_text,train,678
C:\Temp\shot-classification\labeled_dataset\space_text\0060_cut_007.jpg,0060_cut_007.jpg,0060,space_text,space,1,space_text,train,679
C:\Temp\shot-classification\labeled_dataset\space_text\0060_cut_008.jpg,0060_cut_008.jpg,0060,space_text,space,1,space_text,train,680
C:\Temp\shot-classification\labeled_dataset\space_text\0060_cut_010.jpg,0060_cut_010.jpg,0060,space_text,space,1,space_text,train,681
C:\Temp\shot-classification\labeled_dataset\object_notext\0061_cut_003.jpg,0061_cut_003.jpg,0061,object_notext,object,0,object_notext,val,682
C:\Temp\shot-classification\labeled_dataset\object_notext\0061_cut_005.jpg,0061_cut_005.jpg,0061,object_notext,object,0,object_notext,val,683
C:\Temp\shot-classification\labeled_dataset\object_text\0061_cut_008.jpg,0061_cut_008.jpg,0061,object_text,object,1,object_text,val,684
C:\Temp\shot-classification\labeled_dataset\space_text\0061_cut_001.jpg,0061_cut_001.jpg,0061,space_text,space,1,space_text,val,685
C:\Temp\shot-classification\labeled_dataset\space_text\0061_cut_002.jpg,0061_cut_002.jpg,0061,space_text,space,1,space_text,val,686
C:\Temp\shot-classification\labeled_dataset\space_text\0061_cut_004.jpg,0061_cut_004.jpg,0061,space_text,space,1,space_text,val,687
C:\Temp\shot-classification\labeled_dataset\space_text\0061_cut_007.jpg,0061_cut_007.jpg,0061,space_text,space,1,space_text,val,688
C:\Temp\shot-classification\labeled_dataset\object_notext\0062_cut_003.jpg,0062_cut_003.jpg,0062,object_notext,object,0,object_notext,train,689
C:\Temp\shot-classification\labeled_dataset\object_text\0062_cut_001.jpg,0062_cut_001.jpg,0062,object_text,object,1,object_text,train,690
C:\Temp\shot-classification\labeled_dataset\space_notext\0062_cut_002.jpg,0062_cut_002.jpg,0062,space_notext,space,0,space_notext,train,691
C:\Temp\shot-classification\labeled_dataset\space_notext\0062_cut_004.jpg,0062_cut_004.jpg,0062,space_notext,space,0,space_notext,train,692
C:\Temp\shot-classification\labeled_dataset\close-up_text\0063_cut_002.jpg,0063_cut_002.jpg,0063,close-up_text,close-up,1,close-up_text,train,693
C:\Temp\shot-classification\labeled_dataset\close-up_text\0063_cut_003.jpg,0063_cut_003.jpg,0063,close-up_text,close-up,1,close-up_text,train,694
C:\Temp\shot-classification\labeled_dataset\close-up_text\0063_cut_004.jpg,0063_cut_004.jpg,0063,close-up_text,close-up,1,close-up_text,train,695
C:\Temp\shot-classification\labeled_dataset\object_text\0063_cut_001.jpg,0063_cut_001.jpg,0063,object_text,object,1,object_text,train,696
C:\Temp\shot-classification\labeled_dataset\object_text\0063_cut_006.jpg,0063_cut_006.jpg,0063,object_text,object,1,object_text,train,697
C:\Temp\shot-classification\labeled_dataset\space_text\0063_cut_005.jpg,0063_cut_005.jpg,0063,space_text,space,1,space_text,train,698
C:\Temp\shot-classification\labeled_dataset\medium_text\0064_cut_001.jpg,0064_cut_001.jpg,0064,medium_text,medium,1,medium_text,train,699
C:\Temp\shot-classification\labeled_dataset\medium_text\0064_cut_002.jpg,0064_cut_002.jpg,0064,medium_text,medium,1,medium_text,train,700
C:\Temp\shot-classification\labeled_dataset\medium_text\0064_cut_003.jpg,0064_cut_003.jpg,0064,medium_text,medium,1,medium_text,train,701
C:\Temp\shot-classification\labeled_dataset\object_notext\0065_cut_001.jpg,0065_cut_001.jpg,0065,object_notext,object,0,object_notext,train,702
C:\Temp\shot-classification\labeled_dataset\close-up_text\0066_cut_003.jpg,0066_cut_003.jpg,0066,close-up_text,close-up,1,close-up_text,train,703
C:\Temp\shot-classification\labeled_dataset\close-up_text\0066_cut_004.jpg,0066_cut_004.jpg,0066,close-up_text,close-up,1,close-up_text,train,704
C:\Temp\shot-classification\labeled_dataset\close-up_text\0066_cut_005.jpg,0066_cut_005.jpg,0066,close-up_text,close-up,1,close-up_text,train,705
C:\Temp\shot-classification\labeled_dataset\space_text\0066_cut_002.jpg,0066_cut_002.jpg,0066,space_text,space,1,space_text,train,706
C:\Temp\shot-classification\labeled_dataset\space_notext\0067_cut_001.jpg,0067_cut_001.jpg,0067,space_notext,space,0,space_notext,val,707
C:\Temp\shot-classification\labeled_dataset\space_notext\0067_cut_003.jpg,0067_cut_003.jpg,0067,space_notext,space,0,space_notext,val,708
C:\Temp\shot-classification\labeled_dataset\space_notext\0067_cut_005.jpg,0067_cut_005.jpg,0067,space_notext,space,0,space_notext,val,709
C:\Temp\shot-classification\labeled_dataset\wide_notext\0067_cut_002.jpg,0067_cut_002.jpg,0067,wide_notext,wide,0,wide_notext,val,710
C:\Temp\shot-classification\labeled_dataset\wide_notext\0067_cut_004.jpg,0067_cut_004.jpg,0067,wide_notext,wide,0,wide_notext,val,711
C:\Temp\shot-classification\labeled_dataset\object_notext\0068_cut_006.jpg,0068_cut_006.jpg,0068,object_notext,object,0,object_notext,test,712
C:\Temp\shot-classification\labeled_dataset\object_text\0068_cut_001.jpg,0068_cut_001.jpg,0068,object_text,object,1,object_text,test,713
C:\Temp\shot-classification\labeled_dataset\object_text\0068_cut_002.jpg,0068_cut_002.jpg,0068,object_text,object,1,object_text,test,714
C:\Temp\shot-classification\labeled_dataset\object_text\0068_cut_003.jpg,0068_cut_003.jpg,0068,object_text,object,1,object_text,test,715
C:\Temp\shot-classification\labeled_dataset\object_text\0068_cut_004.jpg,0068_cut_004.jpg,0068,object_text,object,1,object_text,test,716
C:\Temp\shot-classification\labeled_dataset\object_text\0068_cut_005.jpg,0068_cut_005.jpg,0068,object_text,object,1,object_text,test,717
C:\Temp\shot-classification\labeled_dataset\object_text\0069_cut_001.jpg,0069_cut_001.jpg,0069,object_text,object,1,object_text,test,718
C:\Temp\shot-classification\labeled_dataset\object_text\0069_cut_002.jpg,0069_cut_002.jpg,0069,object_text,object,1,object_text,test,719
C:\Temp\shot-classification\labeled_dataset\object_text\0069_cut_006.jpg,0069_cut_006.jpg,0069,object_text,object,1,object_text,test,720
C:\Temp\shot-classification\labeled_dataset\object_text\0069_cut_007.jpg,0069_cut_007.jpg,0069,object_text,object,1,object_text,test,721
C:\Temp\shot-classification\labeled_dataset\object_text\0069_cut_008.jpg,0069_cut_008.jpg,0069,object_text,object,1,object_text,test,722
C:\Temp\shot-classification\labeled_dataset\object_text\0069_cut_009.jpg,0069_cut_009.jpg,0069,object_text,object,1,object_text,test,723
C:\Temp\shot-classification\labeled_dataset\space_text\0069_cut_003.jpg,0069_cut_003.jpg,0069,space_text,space,1,space_text,test,724
C:\Temp\shot-classification\labeled_dataset\object_text\0070_cut_001.jpg,0070_cut_001.jpg,0070,object_text,object,1,object_text,val,725
C:\Temp\shot-classification\labeled_dataset\object_text\0070_cut_002.jpg,0070_cut_002.jpg,0070,object_text,object,1,object_text,val,726
C:\Temp\shot-classification\labeled_dataset\space_notext\0070_cut_003.jpg,0070_cut_003.jpg,0070,space_notext,space,0,space_notext,val,727
C:\Temp\shot-classification\labeled_dataset\space_notext\0070_cut_004.jpg,0070_cut_004.jpg,0070,space_notext,space,0,space_notext,val,728
C:\Temp\shot-classification\labeled_dataset\space_text\0070_cut_005.jpg,0070_cut_005.jpg,0070,space_text,space,1,space_text,val,729
C:\Temp\shot-classification\labeled_dataset\object_text\0071_cut_003.jpg,0071_cut_003.jpg,0071,object_text,object,1,object_text,train,730
C:\Temp\shot-classification\labeled_dataset\object_text\0071_cut_004.jpg,0071_cut_004.jpg,0071,object_text,object,1,object_text,train,731
C:\Temp\shot-classification\labeled_dataset\object_text\0071_cut_005.jpg,0071_cut_005.jpg,0071,object_text,object,1,object_text,train,732
C:\Temp\shot-classification\labeled_dataset\space_text\0071_cut_006.jpg,0071_cut_006.jpg,0071,space_text,space,1,space_text,train,733
C:\Temp\shot-classification\labeled_dataset\space_text\0071_cut_007.jpg,0071_cut_007.jpg,0071,space_text,space,1,space_text,train,734
C:\Temp\shot-classification\labeled_dataset\wide_text\0071_cut_002.jpg,0071_cut_002.jpg,0071,wide_text,wide,1,wide_text,train,735
C:\Temp\shot-classification\labeled_dataset\object_notext\0073_cut_002.jpg,0073_cut_002.jpg,0073,object_notext,object,0,object_notext,train,736
C:\Temp\shot-classification\labeled_dataset\object_notext\0073_cut_003.jpg,0073_cut_003.jpg,0073,object_notext,object,0,object_notext,train,737
C:\Temp\shot-classification\labeled_dataset\object_text\0073_cut_001.jpg,0073_cut_001.jpg,0073,object_text,object,1,object_text,train,738
C:\Temp\shot-classification\labeled_dataset\space_notext\0073_cut_004.jpg,0073_cut_004.jpg,0073,space_notext,space,0,space_notext,train,739
C:\Temp\shot-classification\labeled_dataset\object_text\0074_cut_001.jpg,0074_cut_001.jpg,0074,object_text,object,1,object_text,train,740
C:\Temp\shot-classification\labeled_dataset\object_text\0074_cut_002.jpg,0074_cut_002.jpg,0074,object_text,object,1,object_text,train,741
C:\Temp\shot-classification\labeled_dataset\object_text\0074_cut_005.jpg,0074_cut_005.jpg,0074,object_text,object,1,object_text,train,742
C:\Temp\shot-classification\labeled_dataset\space_text\0074_cut_004.jpg,0074_cut_004.jpg,0074,space_text,space,1,space_text,train,743
C:\Temp\shot-classification\labeled_dataset\wide_text\0074_cut_006.jpg,0074_cut_006.jpg,0074,wide_text,wide,1,wide_text,train,744
C:\Temp\shot-classification\labeled_dataset\medium_text\0075_cut_002.jpg,0075_cut_002.jpg,0075,medium_text,medium,1,medium_text,test,745
C:\Temp\shot-classification\labeled_dataset\medium_text\0075_cut_004.jpg,0075_cut_004.jpg,0075,medium_text,medium,1,medium_text,test,746
C:\Temp\shot-classification\labeled_dataset\medium_text\0075_cut_005.jpg,0075_cut_005.jpg,0075,medium_text,medium,1,medium_text,test,747
C:\Temp\shot-classification\labeled_dataset\medium_text\0075_cut_008.jpg,0075_cut_008.jpg,0075,medium_text,medium,1,medium_text,test,748
C:\Temp\shot-classification\labeled_dataset\medium_text\0075_cut_009.jpg,0075_cut_009.jpg,0075,medium_text,medium,1,medium_text,test,749
C:\Temp\shot-classification\labeled_dataset\medium_text\0075_cut_010.jpg,0075_cut_010.jpg,0075,medium_text,medium,1,medium_text,test,750
C:\Temp\shot-classification\labeled_dataset\wide_text\0075_cut_001.jpg,0075_cut_001.jpg,0075,wide_text,wide,1,wide_text,test,751
C:\Temp\shot-classification\labeled_dataset\wide_text\0075_cut_003.jpg,0075_cut_003.jpg,0075,wide_text,wide,1,wide_text,test,752
C:\Temp\shot-classification\labeled_dataset\wide_text\0075_cut_006.jpg,0075_cut_006.jpg,0075,wide_text,wide,1,wide_text,test,753
C:\Temp\shot-classification\labeled_dataset\wide_text\0075_cut_007.jpg,0075_cut_007.jpg,0075,wide_text,wide,1,wide_text,test,754
C:\Temp\shot-classification\labeled_dataset\object_text\0076_cut_002.jpg,0076_cut_002.jpg,0076,object_text,object,1,object_text,train,755
C:\Temp\shot-classification\labeled_dataset\object_text\0076_cut_004.jpg,0076_cut_004.jpg,0076,object_text,object,1,object_text,train,756
C:\Temp\shot-classification\labeled_dataset\object_text\0076_cut_006.jpg,0076_cut_006.jpg,0076,object_text,object,1,object_text,train,757
C:\Temp\shot-classification\labeled_dataset\object_text\0076_cut_008.jpg,0076_cut_008.jpg,0076,object_text,object,1,object_text,train,758
C:\Temp\shot-classification\labeled_dataset\object_text\0076_cut_009.jpg,0076_cut_009.jpg,0076,object_text,object,1,object_text,train,759
C:\Temp\shot-classification\labeled_dataset\object_text\0076_cut_010.jpg,0076_cut_010.jpg,0076,object_text,object,1,object_text,train,760
C:\Temp\shot-classification\labeled_dataset\space_text\0076_cut_005.jpg,0076_cut_005.jpg,0076,space_text,space,1,space_text,train,761
C:\Temp\shot-classification\labeled_dataset\wide_notext\0076_cut_001.jpg,0076_cut_001.jpg,0076,wide_notext,wide,0,wide_notext,train,762
C:\Temp\shot-classification\labeled_dataset\wide_text\0076_cut_007.jpg,0076_cut_007.jpg,0076,wide_text,wide,1,wide_text,train,763
C:\Temp\shot-classification\labeled_dataset\close-up_text\0077_cut_008.jpg,0077_cut_008.jpg,0077,close-up_text,close-up,1,close-up_text,val,764
C:\Temp\shot-classification\labeled_dataset\medium_text\0077_cut_009.jpg,0077_cut_009.jpg,0077,medium_text,medium,1,medium_text,val,765
C:\Temp\shot-classification\labeled_dataset\object_text\0077_cut_001.jpg,0077_cut_001.jpg,0077,object_text,object,1,object_text,val,766
C:\Temp\shot-classification\labeled_dataset\object_text\0077_cut_002.jpg,0077_cut_002.jpg,0077,object_text,object,1,object_text,val,767
C:\Temp\shot-classification\labeled_dataset\object_text\0077_cut_003.jpg,0077_cut_003.jpg,0077,object_text,object,1,object_text,val,768
C:\Temp\shot-classification\labeled_dataset\object_text\0077_cut_004.jpg,0077_cut_004.jpg,0077,object_text,object,1,object_text,val,769
C:\Temp\shot-classification\labeled_dataset\object_text\0077_cut_005.jpg,0077_cut_005.jpg,0077,object_text,object,1,object_text,val,770
C:\Temp\shot-classification\labeled_dataset\object_text\0077_cut_007.jpg,0077_cut_007.jpg,0077,object_text,object,1,object_text,val,771
C:\Temp\shot-classification\labeled_dataset\object_text\0077_cut_010.jpg,0077_cut_010.jpg,0077,object_text,object,1,object_text,val,772
C:\Temp\shot-classification\labeled_dataset\object_text\0077_cut_011.jpg,0077_cut_011.jpg,0077,object_text,object,1,object_text,val,773
C:\Temp\shot-classification\labeled_dataset\object_text\0077_cut_012.jpg,0077_cut_012.jpg,0077,object_text,object,1,object_text,val,774
C:\Temp\shot-classification\labeled_dataset\space_notext\0078_cut_001.jpg,0078_cut_001.jpg,0078,space_notext,space,0,space_notext,train,775
C:\Temp\shot-classification\labeled_dataset\object_text\0079_cut_002.jpg,0079_cut_002.jpg,0079,object_text,object,1,object_text,train,776
C:\Temp\shot-classification\labeled_dataset\object_text\0079_cut_003.jpg,0079_cut_003.jpg,0079,object_text,object,1,object_text,train,777
C:\Temp\shot-classification\labeled_dataset\object_text\0079_cut_004.jpg,0079_cut_004.jpg,0079,object_text,object,1,object_text,train,778
C:\Temp\shot-classification\labeled_dataset\object_text\0079_cut_006.jpg,0079_cut_006.jpg,0079,object_text,object,1,object_text,train,779
C:\Temp\shot-classification\labeled_dataset\object_text\0079_cut_007.jpg,0079_cut_007.jpg,0079,object_text,object,1,object_text,train,780
C:\Temp\shot-classification\labeled_dataset\object_text\0079_cut_008.jpg,0079_cut_008.jpg,0079,object_text,object,1,object_text,train,781
C:\Temp\shot-classification\labeled_dataset\object_text\0079_cut_009.jpg,0079_cut_009.jpg,0079,object_text,object,1,object_text,train,782
C:\Temp\shot-classification\labeled_dataset\object_text\0079_cut_010.jpg,0079_cut_010.jpg,0079,object_text,object,1,object_text,train,783
C:\Temp\shot-classification\labeled_dataset\space_text\0079_cut_001.jpg,0079_cut_001.jpg,0079,space_text,space,1,space_text,train,784
C:\Temp\shot-classification\labeled_dataset\medium_text\0080_cut_003.jpg,0080_cut_003.jpg,0080,medium_text,medium,1,medium_text,train,785
C:\Temp\shot-classification\labeled_dataset\medium_text\0080_cut_004.jpg,0080_cut_004.jpg,0080,medium_text,medium,1,medium_text,train,786
C:\Temp\shot-classification\labeled_dataset\medium_text\0080_cut_011.jpg,0080_cut_011.jpg,0080,medium_text,medium,1,medium_text,train,787
C:\Temp\shot-classification\labeled_dataset\object_text\0080_cut_005.jpg,0080_cut_005.jpg,0080,object_text,object,1,object_text,train,788
C:\Temp\shot-classification\labeled_dataset\object_text\0080_cut_009.jpg,0080_cut_009.jpg,0080,object_text,object,1,object_text,train,789
C:\Temp\shot-classification\labeled_dataset\object_text\0080_cut_010.jpg,0080_cut_010.jpg,0080,object_text,object,1,object_text,train,790
C:\Temp\shot-classification\labeled_dataset\object_text\0080_cut_015.jpg,0080_cut_015.jpg,0080,object_text,object,1,object_text,train,791
C:\Temp\shot-classification\labeled_dataset\space_text\0080_cut_001.jpg,0080_cut_001.jpg,0080,space_text,space,1,space_text,train,792
C:\Temp\shot-classification\labeled_dataset\space_text\0080_cut_002.jpg,0080_cut_002.jpg,0080,space_text,space,1,space_text,train,793
C:\Temp\shot-classification\labeled_dataset\space_text\0080_cut_013.jpg,0080_cut_013.jpg,0080,space_text,space,1,space_text,train,794
C:\Temp\shot-classification\labeled_dataset\space_text\0080_cut_014.jpg,0080_cut_014.jpg,0080,space_text,space,1,space_text,train,795
C:\Temp\shot-classification\labeled_dataset\wide_text\0080_cut_006.jpg,0080_cut_006.jpg,0080,wide_text,wide,1,wide_text,train,796
C:\Temp\shot-classification\labeled_dataset\wide_text\0080_cut_008.jpg,0080_cut_008.jpg,0080,wide_text,wide,1,wide_text,train,797
C:\Temp\shot-classification\labeled_dataset\close-up_notext\0081_cut_002.jpg,0081_cut_002.jpg,0081,close-up_notext,close-up,0,close-up_notext,val,798
C:\Temp\shot-classification\labeled_dataset\close-up_notext\0081_cut_003.jpg,0081_cut_003.jpg,0081,close-up_notext,close-up,0,close-up_notext,val,799
C:\Temp\shot-classification\labeled_dataset\medium_notext\0081_cut_004.jpg,0081_cut_004.jpg,0081,medium_notext,medium,0,medium_notext,val,800
C:\Temp\shot-classification\labeled_dataset\wide_notext\0081_cut_001.jpg,0081_cut_001.jpg,0081,wide_notext,wide,0,wide_notext,val,801
C:\Temp\shot-classification\labeled_dataset\wide_notext\0081_cut_005.jpg,0081_cut_005.jpg,0081,wide_notext,wide,0,wide_notext,val,802
C:\Temp\shot-classification\labeled_dataset\medium_text\0082_cut_001.jpg,0082_cut_001.jpg,0082,medium_text,medium,1,medium_text,train,803
C:\Temp\shot-classification\labeled_dataset\medium_text\0082_cut_002.jpg,0082_cut_002.jpg,0082,medium_text,medium,1,medium_text,train,804
C:\Temp\shot-classification\labeled_dataset\medium_text\0082_cut_004.jpg,0082_cut_004.jpg,0082,medium_text,medium,1,medium_text,train,805
C:\Temp\shot-classification\labeled_dataset\medium_text\0082_cut_005.jpg,0082_cut_005.jpg,0082,medium_text,medium,1,medium_text,train,806
C:\Temp\shot-classification\labeled_dataset\medium_text\0082_cut_007.jpg,0082_cut_007.jpg,0082,medium_text,medium,1,medium_text,train,807
C:\Temp\shot-classification\labeled_dataset\medium_text\0082_cut_008.jpg,0082_cut_008.jpg,0082,medium_text,medium,1,medium_text,train,808
C:\Temp\shot-classification\labeled_dataset\medium_text\0082_cut_009.jpg,0082_cut_009.jpg,0082,medium_text,medium,1,medium_text,train,809
C:\Temp\shot-classification\labeled_dataset\medium_text\0082_cut_010.jpg,0082_cut_010.jpg,0082,medium_text,medium,1,medium_text,train,810
C:\Temp\shot-classification\labeled_dataset\medium_text\0082_cut_011.jpg,0082_cut_011.jpg,0082,medium_text,medium,1,medium_text,train,811
C:\Temp\shot-classification\labeled_dataset\medium_text\0082_cut_012.jpg,0082_cut_012.jpg,0082,medium_text,medium,1,medium_text,train,812
C:\Temp\shot-classification\labeled_dataset\medium_text\0082_cut_013.jpg,0082_cut_013.jpg,0082,medium_text,medium,1,medium_text,train,813
C:\Temp\shot-classification\labeled_dataset\medium_text\0082_cut_014.jpg,0082_cut_014.jpg,0082,medium_text,medium,1,medium_text,train,814
C:\Temp\shot-classification\labeled_dataset\medium_text\0082_cut_018.jpg,0082_cut_018.jpg,0082,medium_text,medium,1,medium_text,train,815
C:\Temp\shot-classification\labeled_dataset\object_text\0082_cut_015.jpg,0082_cut_015.jpg,0082,object_text,object,1,object_text,train,816
C:\Temp\shot-classification\labeled_dataset\wide_text\0082_cut_003.jpg,0082_cut_003.jpg,0082,wide_text,wide,1,wide_text,train,817
C:\Temp\shot-classification\labeled_dataset\wide_text\0082_cut_006.jpg,0082_cut_006.jpg,0082,wide_text,wide,1,wide_text,train,818
C:\Temp\shot-classification\labeled_dataset\wide_text\0082_cut_016.jpg,0082_cut_016.jpg,0082,wide_text,wide,1,wide_text,train,819
C:\Temp\shot-classification\labeled_dataset\wide_text\0082_cut_017.jpg,0082_cut_017.jpg,0082,wide_text,wide,1,wide_text,train,820
C:\Temp\shot-classification\labeled_dataset\wide_text\0083_cut_001.jpg,0083_cut_001.jpg,0083,wide_text,wide,1,wide_text,train,821
C:\Temp\shot-classification\labeled_dataset\wide_text\0083_cut_002.jpg,0083_cut_002.jpg,0083,wide_text,wide,1,wide_text,train,822
C:\Temp\shot-classification\labeled_dataset\wide_text\0083_cut_003.jpg,0083_cut_003.jpg,0083,wide_text,wide,1,wide_text,train,823
C:\Temp\shot-classification\labeled_dataset\wide_text\0083_cut_004.jpg,0083_cut_004.jpg,0083,wide_text,wide,1,wide_text,train,824
C:\Temp\shot-classification\labeled_dataset\close-up_notext\0084_cut_004.jpg,0084_cut_004.jpg,0084,close-up_notext,close-up,0,close-up_notext,train,825
C:\Temp\shot-classification\labeled_dataset\close-up_text\0084_cut_001.jpg,0084_cut_001.jpg,0084,close-up_text,close-up,1,close-up_text,train,826
C:\Temp\shot-classification\labeled_dataset\medium_notext\0084_cut_002.jpg,0084_cut_002.jpg,0084,medium_notext,medium,0,medium_notext,train,827
C:\Temp\shot-classification\labeled_dataset\medium_notext\0084_cut_003.jpg,0084_cut_003.jpg,0084,medium_notext,medium,0,medium_notext,train,828
C:\Temp\shot-classification\labeled_dataset\medium_notext\0084_cut_007.jpg,0084_cut_007.jpg,0084,medium_notext,medium,0,medium_notext,train,829
C:\Temp\shot-classification\labeled_dataset\medium_notext\0084_cut_008.jpg,0084_cut_008.jpg,0084,medium_notext,medium,0,medium_notext,train,830
C:\Temp\shot-classification\labeled_dataset\wide_notext\0084_cut_006.jpg,0084_cut_006.jpg,0084,wide_notext,wide,0,wide_notext,train,831
C:\Temp\shot-classification\labeled_dataset\close-up_notext\0085_cut_003.jpg,0085_cut_003.jpg,0085,close-up_notext,close-up,0,close-up_notext,train,832
C:\Temp\shot-classification\labeled_dataset\close-up_notext\0085_cut_007.jpg,0085_cut_007.jpg,0085,close-up_notext,close-up,0,close-up_notext,train,833
C:\Temp\shot-classification\labeled_dataset\close-up_notext\0085_cut_008.jpg,0085_cut_008.jpg,0085,close-up_notext,close-up,0,close-up_notext,train,834
C:\Temp\shot-classification\labeled_dataset\close-up_text\0085_cut_001.jpg,0085_cut_001.jpg,0085,close-up_text,close-up,1,close-up_text,train,835
C:\Temp\shot-classification\labeled_dataset\close-up_text\0085_cut_002.jpg,0085_cut_002.jpg,0085,close-up_text,close-up,1,close-up_text,train,836
C:\Temp\shot-classification\labeled_dataset\close-up_text\0085_cut_004.jpg,0085_cut_004.jpg,0085,close-up_text,close-up,1,close-up_text,train,837
C:\Temp\shot-classification\labeled_dataset\close-up_text\0085_cut_005.jpg,0085_cut_005.jpg,0085,close-up_text,close-up,1,close-up_text,train,838
C:\Temp\shot-classification\labeled_dataset\close-up_text\0085_cut_006.jpg,0085_cut_006.jpg,0085,close-up_text,close-up,1,close-up_text,train,839
C:\Temp\shot-classification\labeled_dataset\close-up_text\0085_cut_009.jpg,0085_cut_009.jpg,0085,close-up_text,close-up,1,close-up_text,train,840
C:\Temp\shot-classification\labeled_dataset\close-up_text\0085_cut_010.jpg,0085_cut_010.jpg,0085,close-up_text,close-up,1,close-up_text,train,841
C:\Temp\shot-classification\labeled_dataset\medium_text\0086_cut_001.jpg,0086_cut_001.jpg,0086,medium_text,medium,1,medium_text,val,842
C:\Temp\shot-classification\labeled_dataset\medium_text\0086_cut_002.jpg,0086_cut_002.jpg,0086,medium_text,medium,1,medium_text,val,843
C:\Temp\shot-classification\labeled_dataset\medium_text\0086_cut_003.jpg,0086_cut_003.jpg,0086,medium_text,medium,1,medium_text,val,844
C:\Temp\shot-classification\labeled_dataset\medium_text\0086_cut_004.jpg,0086_cut_004.jpg,0086,medium_text,medium,1,medium_text,val,845
C:\Temp\shot-classification\labeled_dataset\close-up_text\0087_cut_012.jpg,0087_cut_012.jpg,0087,close-up_text,close-up,1,close-up_text,train,846
C:\Temp\shot-classification\labeled_dataset\medium_notext\0087_cut_001.jpg,0087_cut_001.jpg,0087,medium_notext,medium,0,medium_notext,train,847
C:\Temp\shot-classification\labeled_dataset\medium_text\0087_cut_003.jpg,0087_cut_003.jpg,0087,medium_text,medium,1,medium_text,train,848
C:\Temp\shot-classification\labeled_dataset\medium_text\0087_cut_004.jpg,0087_cut_004.jpg,0087,medium_text,medium,1,medium_text,train,849
C:\Temp\shot-classification\labeled_dataset\medium_text\0087_cut_005.jpg,0087_cut_005.jpg,0087,medium_text,medium,1,medium_text,train,850
C:\Temp\shot-classification\labeled_dataset\medium_text\0087_cut_006.jpg,0087_cut_006.jpg,0087,medium_text,medium,1,medium_text,train,851
C:\Temp\shot-classification\labeled_dataset\medium_text\0087_cut_008.jpg,0087_cut_008.jpg,0087,medium_text,medium,1,medium_text,train,852
C:\Temp\shot-classification\labeled_dataset\medium_text\0087_cut_009.jpg,0087_cut_009.jpg,0087,medium_text,medium,1,medium_text,train,853
C:\Temp\shot-classification\labeled_dataset\medium_text\0087_cut_010.jpg,0087_cut_010.jpg,0087,medium_text,medium,1,medium_text,train,854
C:\Temp\shot-classification\labeled_dataset\medium_text\0087_cut_011.jpg,0087_cut_011.jpg,0087,medium_text,medium,1,medium_text,train,855
C:\Temp\shot-classification\labeled_dataset\medium_text\0087_cut_013.jpg,0087_cut_013.jpg,0087,medium_text,medium,1,medium_text,train,856
C:\Temp\shot-classification\labeled_dataset\medium_text\0087_cut_014.jpg,0087_cut_014.jpg,0087,medium_text,medium,1,medium_text,train,857
C:\Temp\shot-classification\labeled_dataset\object_text\0087_cut_007.jpg,0087_cut_007.jpg,0087,object_text,object,1,object_text,train,858
C:\Temp\shot-classification\labeled_dataset\wide_text\0087_cut_002.jpg,0087_cut_002.jpg,0087,wide_text,wide,1,wide_text,train,859
C:\Temp\shot-classification\labeled_dataset\medium_text\0088_cut_001.jpg,0088_cut_001.jpg,0088,medium_text,medium,1,medium_text,val,860
C:\Temp\shot-classification\labeled_dataset\close-up_notext\0089_cut_001.jpg,0089_cut_001.jpg,0089,close-up_notext,close-up,0,close-up_notext,train,861
C:\Temp\shot-classification\labeled_dataset\close-up_text\0089_cut_003.jpg,0089_cut_003.jpg,0089,close-up_text,close-up,1,close-up_text,train,862
C:\Temp\shot-classification\labeled_dataset\medium_notext\0089_cut_007.jpg,0089_cut_007.jpg,0089,medium_notext,medium,0,medium_notext,train,863
C:\Temp\shot-classification\labeled_dataset\medium_notext\0089_cut_011.jpg,0089_cut_011.jpg,0089,medium_notext,medium,0,medium_notext,train,864
C:\Temp\shot-classification\labeled_dataset\medium_text\0089_cut_008.jpg,0089_cut_008.jpg,0089,medium_text,medium,1,medium_text,train,865
C:\Temp\shot-classification\labeled_dataset\medium_text\0089_cut_009.jpg,0089_cut_009.jpg,0089,medium_text,medium,1,medium_text,train,866
C:\Temp\shot-classification\labeled_dataset\object_text\0089_cut_004.jpg,0089_cut_004.jpg,0089,object_text,object,1,object_text,train,867
C:\Temp\shot-classification\labeled_dataset\object_text\0089_cut_005.jpg,0089_cut_005.jpg,0089,object_text,object,1,object_text,train,868
C:\Temp\shot-classification\labeled_dataset\object_text\0089_cut_006.jpg,0089_cut_006.jpg,0089,object_text,object,1,object_text,train,869
C:\Temp\shot-classification\labeled_dataset\object_text\0089_cut_010.jpg,0089_cut_010.jpg,0089,object_text,object,1,object_text,train,870
C:\Temp\shot-classification\labeled_dataset\object_text\0089_cut_012.jpg,0089_cut_012.jpg,0089,object_text,object,1,object_text,train,871
C:\Temp\shot-classification\labeled_dataset\wide_text\0089_cut_002.jpg,0089_cut_002.jpg,0089,wide_text,wide,1,wide_text,train,872
C:\Temp\shot-classification\labeled_dataset\wide_text\0089_cut_013.jpg,0089_cut_013.jpg,0089,wide_text,wide,1,wide_text,train,873
C:\Temp\shot-classification\labeled_dataset\wide_text\0089_cut_014.jpg,0089_cut_014.jpg,0089,wide_text,wide,1,wide_text,train,874
C:\Temp\shot-classification\labeled_dataset\space_notext\0090_cut_003.jpg,0090_cut_003.jpg,0090,space_notext,space,0,space_notext,train,875
C:\Temp\shot-classification\labeled_dataset\space_notext\0090_cut_004.jpg,0090_cut_004.jpg,0090,space_notext,space,0,space_notext,train,876
C:\Temp\shot-classification\labeled_dataset\space_notext\0090_cut_005.jpg,0090_cut_005.jpg,0090,space_notext,space,0,space_notext,train,877
C:\Temp\shot-classification\labeled_dataset\space_notext\0090_cut_006.jpg,0090_cut_006.jpg,0090,space_notext,space,0,space_notext,train,878
C:\Temp\shot-classification\labeled_dataset\wide_notext\0090_cut_002.jpg,0090_cut_002.jpg,0090,wide_notext,wide,0,wide_notext,train,879
C:\Temp\shot-classification\labeled_dataset\wide_text\0090_cut_001.jpg,0090_cut_001.jpg,0090,wide_text,wide,1,wide_text,train,880
C:\Temp\shot-classification\labeled_dataset\close-up_text\0091_cut_004.jpg,0091_cut_004.jpg,0091,close-up_text,close-up,1,close-up_text,train,881
C:\Temp\shot-classification\labeled_dataset\medium_text\0091_cut_006.jpg,0091_cut_006.jpg,0091,medium_text,medium,1,medium_text,train,882
C:\Temp\shot-classification\labeled_dataset\object_text\0091_cut_002.jpg,0091_cut_002.jpg,0091,object_text,object,1,object_text,train,883
C:\Temp\shot-classification\labeled_dataset\object_text\0091_cut_003.jpg,0091_cut_003.jpg,0091,object_text,object,1,object_text,train,884
C:\Temp\shot-classification\labeled_dataset\object_text\0091_cut_005.jpg,0091_cut_005.jpg,0091,object_text,object,1,object_text,train,885
C:\Temp\shot-classification\labeled_dataset\medium_text\0092_cut_017.jpg,0092_cut_017.jpg,0092,medium_text,medium,1,medium_text,train,886
C:\Temp\shot-classification\labeled_dataset\medium_text\0092_cut_018.jpg,0092_cut_018.jpg,0092,medium_text,medium,1,medium_text,train,887
C:\Temp\shot-classification\labeled_dataset\object_text\0092_cut_002.jpg,0092_cut_002.jpg,0092,object_text,object,1,object_text,train,888
C:\Temp\shot-classification\labeled_dataset\object_text\0092_cut_003.jpg,0092_cut_003.jpg,0092,object_text,object,1,object_text,train,889
C:\Temp\shot-classification\labeled_dataset\object_text\0092_cut_004.jpg,0092_cut_004.jpg,0092,object_text,object,1,object_text,train,890
C:\Temp\shot-classification\labeled_dataset\object_text\0092_cut_005.jpg,0092_cut_005.jpg,0092,object_text,object,1,object_text,train,891
C:\Temp\shot-classification\labeled_dataset\object_text\0092_cut_006.jpg,0092_cut_006.jpg,0092,object_text,object,1,object_text,train,892
C:\Temp\shot-classification\labeled_dataset\object_text\0092_cut_007.jpg,0092_cut_007.jpg,0092,object_text,object,1,object_text,train,893
C:\Temp\shot-classification\labeled_dataset\object_text\0092_cut_008.jpg,0092_cut_008.jpg,0092,object_text,object,1,object_text,train,894
C:\Temp\shot-classification\labeled_dataset\object_text\0092_cut_009.jpg,0092_cut_009.jpg,0092,object_text,object,1,object_text,train,895
C:\Temp\shot-classification\labeled_dataset\object_text\0092_cut_010.jpg,0092_cut_010.jpg,0092,object_text,object,1,object_text,train,896
C:\Temp\shot-classification\labeled_dataset\object_text\0092_cut_011.jpg,0092_cut_011.jpg,0092,object_text,object,1,object_text,train,897
C:\Temp\shot-classification\labeled_dataset\object_text\0092_cut_012.jpg,0092_cut_012.jpg,0092,object_text,object,1,object_text,train,898
C:\Temp\shot-classification\labeled_dataset\object_text\0092_cut_013.jpg,0092_cut_013.jpg,0092,object_text,object,1,object_text,train,899
C:\Temp\shot-classification\labeled_dataset\object_text\0092_cut_014.jpg,0092_cut_014.jpg,0092,object_text,object,1,object_text,train,900
C:\Temp\shot-classification\labeled_dataset\space_text\0092_cut_015.jpg,0092_cut_015.jpg,0092,space_text,space,1,space_text,train,901
C:\Temp\shot-classification\labeled_dataset\close-up_text\0093_cut_002.jpg,0093_cut_002.jpg,0093,close-up_text,close-up,1,close-up_text,train,902
C:\Temp\shot-classification\labeled_dataset\close-up_text\0093_cut_012.jpg,0093_cut_012.jpg,0093,close-up_text,close-up,1,close-up_text,train,903
C:\Temp\shot-classification\labeled_dataset\close-up_text\0093_cut_018.jpg,0093_cut_018.jpg,0093,close-up_text,close-up,1,close-up_text,train,904
C:\Temp\shot-classification\labeled_dataset\medium_notext\0093_cut_001.jpg,0093_cut_001.jpg,0093,medium_notext,medium,0,medium_notext,train,905
C:\Temp\shot-classification\labeled_dataset\medium_notext\0093_cut_019.jpg,0093_cut_019.jpg,0093,medium_notext,medium,0,medium_notext,train,906
C:\Temp\shot-classification\labeled_dataset\medium_text\0093_cut_003.jpg,0093_cut_003.jpg,0093,medium_text,medium,1,medium_text,train,907
C:\Temp\shot-classification\labeled_dataset\medium_text\0093_cut_004.jpg,0093_cut_004.jpg,0093,medium_text,medium,1,medium_text,train,908
C:\Temp\shot-classification\labeled_dataset\medium_text\0093_cut_005.jpg,0093_cut_005.jpg,0093,medium_text,medium,1,medium_text,train,909
C:\Temp\shot-classification\labeled_dataset\medium_text\0093_cut_008.jpg,0093_cut_008.jpg,0093,medium_text,medium,1,medium_text,train,910
C:\Temp\shot-classification\labeled_dataset\medium_text\0093_cut_009.jpg,0093_cut_009.jpg,0093,medium_text,medium,1,medium_text,train,911
C:\Temp\shot-classification\labeled_dataset\medium_text\0093_cut_011.jpg,0093_cut_011.jpg,0093,medium_text,medium,1,medium_text,train,912
C:\Temp\shot-classification\labeled_dataset\medium_text\0093_cut_013.jpg,0093_cut_013.jpg,0093,medium_text,medium,1,medium_text,train,913
C:\Temp\shot-classification\labeled_dataset\medium_text\0093_cut_014.jpg,0093_cut_014.jpg,0093,medium_text,medium,1,medium_text,train,914
C:\Temp\shot-classification\labeled_dataset\medium_text\0093_cut_015.jpg,0093_cut_015.jpg,0093,medium_text,medium,1,medium_text,train,915
C:\Temp\shot-classification\labeled_dataset\medium_text\0093_cut_016.jpg,0093_cut_016.jpg,0093,medium_text,medium,1,medium_text,train,916
C:\Temp\shot-classification\labeled_dataset\wide_text\0093_cut_006.jpg,0093_cut_006.jpg,0093,wide_text,wide,1,wide_text,train,917
C:\Temp\shot-classification\labeled_dataset\wide_text\0093_cut_007.jpg,0093_cut_007.jpg,0093,wide_text,wide,1,wide_text,train,918
C:\Temp\shot-classification\labeled_dataset\wide_text\0093_cut_017.jpg,0093_cut_017.jpg,0093,wide_text,wide,1,wide_text,train,919
C:\Temp\shot-classification\labeled_dataset\wide_notext\0094_cut_002.jpg,0094_cut_002.jpg,0094,wide_notext,wide,0,wide_notext,train,920
C:\Temp\shot-classification\labeled_dataset\object_notext\0095_cut_001.jpg,0095_cut_001.jpg,0095,object_notext,object,0,object_notext,val,921
C:\Temp\shot-classification\labeled_dataset\object_text\0095_cut_002.jpg,0095_cut_002.jpg,0095,object_text,object,1,object_text,val,922
C:\Temp\shot-classification\labeled_dataset\object_text\0095_cut_004.jpg,0095_cut_004.jpg,0095,object_text,object,1,object_text,val,923
C:\Temp\shot-classification\labeled_dataset\object_text\0095_cut_005.jpg,0095_cut_005.jpg,0095,object_text,object,1,object_text,val,924
C:\Temp\shot-classification\labeled_dataset\object_text\0095_cut_006.jpg,0095_cut_006.jpg,0095,object_text,object,1,object_text,val,925
C:\Temp\shot-classification\labeled_dataset\object_text\0095_cut_007.jpg,0095_cut_007.jpg,0095,object_text,object,1,object_text,val,926
C:\Temp\shot-classification\labeled_dataset\close-up_text\0096_cut_006.jpg,0096_cut_006.jpg,0096,close-up_text,close-up,1,close-up_text,train,927
C:\Temp\shot-classification\labeled_dataset\medium_text\0096_cut_001.jpg,0096_cut_001.jpg,0096,medium_text,medium,1,medium_text,train,928
C:\Temp\shot-classification\labeled_dataset\medium_text\0096_cut_002.jpg,0096_cut_002.jpg,0096,medium_text,medium,1,medium_text,train,929
C:\Temp\shot-classification\labeled_dataset\medium_text\0096_cut_003.jpg,0096_cut_003.jpg,0096,medium_text,medium,1,medium_text,train,930
C:\Temp\shot-classification\labeled_dataset\medium_text\0096_cut_004.jpg,0096_cut_004.jpg,0096,medium_text,medium,1,medium_text,train,931
C:\Temp\shot-classification\labeled_dataset\medium_text\0096_cut_007.jpg,0096_cut_007.jpg,0096,medium_text,medium,1,medium_text,train,932
C:\Temp\shot-classification\labeled_dataset\medium_text\0096_cut_008.jpg,0096_cut_008.jpg,0096,medium_text,medium,1,medium_text,train,933
C:\Temp\shot-classification\labeled_dataset\medium_text\0096_cut_009.jpg,0096_cut_009.jpg,0096,medium_text,medium,1,medium_text,train,934
C:\Temp\shot-classification\labeled_dataset\object_text\0096_cut_005.jpg,0096_cut_005.jpg,0096,object_text,object,1,object_text,train,935
C:\Temp\shot-classification\labeled_dataset\object_text\0096_cut_010.jpg,0096_cut_010.jpg,0096,object_text,object,1,object_text,train,936
C:\Temp\shot-classification\labeled_dataset\object_text\0096_cut_012.jpg,0096_cut_012.jpg,0096,object_text,object,1,object_text,train,937
C:\Temp\shot-classification\labeled_dataset\close-up_text\0097_cut_001.jpg,0097_cut_001.jpg,0097,close-up_text,close-up,1,close-up_text,test,938
C:\Temp\shot-classification\labeled_dataset\close-up_text\0097_cut_003.jpg,0097_cut_003.jpg,0097,close-up_text,close-up,1,close-up_text,test,939
C:\Temp\shot-classification\labeled_dataset\close-up_text\0097_cut_005.jpg,0097_cut_005.jpg,0097,close-up_text,close-up,1,close-up_text,test,940
C:\Temp\shot-classification\labeled_dataset\close-up_text\0097_cut_007.jpg,0097_cut_007.jpg,0097,close-up_text,close-up,1,close-up_text,test,941
C:\Temp\shot-classification\labeled_dataset\medium_text\0097_cut_008.jpg,0097_cut_008.jpg,0097,medium_text,medium,1,medium_text,test,942
C:\Temp\shot-classification\labeled_dataset\space_text\0097_cut_002.jpg,0097_cut_002.jpg,0097,space_text,space,1,space_text,test,943
C:\Temp\shot-classification\labeled_dataset\close-up_notext\0098_cut_003.jpg,0098_cut_003.jpg,0098,close-up_notext,close-up,0,close-up_notext,val,944
C:\Temp\shot-classification\labeled_dataset\close-up_notext\0098_cut_004.jpg,0098_cut_004.jpg,0098,close-up_notext,close-up,0,close-up_notext,val,945
C:\Temp\shot-classification\labeled_dataset\medium_notext\0098_cut_002.jpg,0098_cut_002.jpg,0098,medium_notext,medium,0,medium_notext,val,946
C:\Temp\shot-classification\labeled_dataset\medium_text\0098_cut_001.jpg,0098_cut_001.jpg,0098,medium_text,medium,1,medium_text,val,947
C:\Temp\shot-classification\labeled_dataset\medium_text\0099_cut_003.jpg,0099_cut_003.jpg,0099,medium_text,medium,1,medium_text,val,948
C:\Temp\shot-classification\labeled_dataset\object_text\0099_cut_001.jpg,0099_cut_001.jpg,0099,object_text,object,1,object_text,val,949
C:\Temp\shot-classification\labeled_dataset\space_text\0099_cut_002.jpg,0099_cut_002.jpg,0099,space_text,space,1,space_text,val,950
C:\Temp\shot-classification\labeled_dataset\space_text\0099_cut_005.jpg,0099_cut_005.jpg,0099,space_text,space,1,space_text,val,951
C:\Temp\shot-classification\labeled_dataset\wide_text\0099_cut_004.jpg,0099_cut_004.jpg,0099,wide_text,wide,1,wide_text,val,952
C:\Temp\shot-classification\labeled_dataset\object_text\0100_cut_002.jpg,0100_cut_002.jpg,0100,object_text,object,1,object_text,test,953
C:\Temp\shot-classification\labeled_dataset\object_text\0100_cut_003.jpg,0100_cut_003.jpg,0100,object_text,object,1,object_text,test,954
C:\Temp\shot-classification\labeled_dataset\object_text\0100_cut_006.jpg,0100_cut_006.jpg,0100,object_text,object,1,object_text,test,955
C:\Temp\shot-classification\labeled_dataset\object_text\0100_cut_007.jpg,0100_cut_007.jpg,0100,object_text,object,1,object_text,test,956
C:\Temp\shot-classification\labeled_dataset\object_text\0100_cut_010.jpg,0100_cut_010.jpg,0100,object_text,object,1,object_text,test,957
C:\Temp\shot-classification\labeled_dataset\space_notext\0101_cut_001.jpg,0101_cut_001.jpg,0101,space_notext,space,0,space_notext,train,958
C:\Temp\shot-classification\labeled_dataset\space_text\0101_cut_002.jpg,0101_cut_002.jpg,0101,space_text,space,1,space_text,train,959
C:\Temp\shot-classification\labeled_dataset\space_text\0101_cut_003.jpg,0101_cut_003.jpg,0101,space_text,space,1,space_text,train,960
C:\Temp\shot-classification\labeled_dataset\close-up_text\0102_cut_002.jpg,0102_cut_002.jpg,0102,close-up_text,close-up,1,close-up_text,val,961
C:\Temp\shot-classification\labeled_dataset\close-up_text\0102_cut_008.jpg,0102_cut_008.jpg,0102,close-up_text,close-up,1,close-up_text,val,962
C:\Temp\shot-classification\labeled_dataset\close-up_text\0102_cut_013.jpg,0102_cut_013.jpg,0102,close-up_text,close-up,1,close-up_text,val,963
C:\Temp\shot-classification\labeled_dataset\close-up_text\0102_cut_014.jpg,0102_cut_014.jpg,0102,close-up_text,close-up,1,close-up_text,val,964
C:\Temp\shot-classification\labeled_dataset\object_text\0102_cut_001.jpg,0102_cut_001.jpg,0102,object_text,object,1,object_text,val,965
C:\Temp\shot-classification\labeled_dataset\object_text\0102_cut_003.jpg,0102_cut_003.jpg,0102,object_text,object,1,object_text,val,966
C:\Temp\shot-classification\labeled_dataset\object_text\0102_cut_004.jpg,0102_cut_004.jpg,0102,object_text,object,1,object_text,val,967
C:\Temp\shot-classification\labeled_dataset\object_text\0102_cut_005.jpg,0102_cut_005.jpg,0102,object_text,object,1,object_text,val,968
C:\Temp\shot-classification\labeled_dataset\object_text\0102_cut_006.jpg,0102_cut_006.jpg,0102,object_text,object,1,object_text,val,969
C:\Temp\shot-classification\labeled_dataset\object_text\0102_cut_009.jpg,0102_cut_009.jpg,0102,object_text,object,1,object_text,val,970
C:\Temp\shot-classification\labeled_dataset\object_text\0102_cut_010.jpg,0102_cut_010.jpg,0102,object_text,object,1,object_text,val,971
C:\Temp\shot-classification\labeled_dataset\object_text\0102_cut_011.jpg,0102_cut_011.jpg,0102,object_text,object,1,object_text,val,972
C:\Temp\shot-classification\labeled_dataset\object_text\0102_cut_012.jpg,0102_cut_012.jpg,0102,object_text,object,1,object_text,val,973
C:\Temp\shot-classification\labeled_dataset\object_text\0103_cut_001.jpg,0103_cut_001.jpg,0103,object_text,object,1,object_text,train,974
C:\Temp\shot-classification\labeled_dataset\object_text\0103_cut_002.jpg,0103_cut_002.jpg,0103,object_text,object,1,object_text,train,975
C:\Temp\shot-classification\labeled_dataset\object_text\0103_cut_004.jpg,0103_cut_004.jpg,0103,object_text,object,1,object_text,train,976
C:\Temp\shot-classification\labeled_dataset\object_text\0103_cut_005.jpg,0103_cut_005.jpg,0103,object_text,object,1,object_text,train,977
C:\Temp\shot-classification\labeled_dataset\object_text\0103_cut_006.jpg,0103_cut_006.jpg,0103,object_text,object,1,object_text,train,978
C:\Temp\shot-classification\labeled_dataset\object_text\0103_cut_007.jpg,0103_cut_007.jpg,0103,object_text,object,1,object_text,train,979
C:\Temp\shot-classification\labeled_dataset\space_text\0103_cut_003.jpg,0103_cut_003.jpg,0103,space_text,space,1,space_text,train,980
C:\Temp\shot-classification\labeled_dataset\object_notext\0104_cut_003.jpg,0104_cut_003.jpg,0104,object_notext,object,0,object_notext,train,981
C:\Temp\shot-classification\labeled_dataset\object_text\0104_cut_001.jpg,0104_cut_001.jpg,0104,object_text,object,1,object_text,train,982
C:\Temp\shot-classification\labeled_dataset\object_text\0104_cut_002.jpg,0104_cut_002.jpg,0104,object_text,object,1,object_text,train,983
C:\Temp\shot-classification\labeled_dataset\space_text\0104_cut_004.jpg,0104_cut_004.jpg,0104,space_text,space,1,space_text,train,984
C:\Temp\shot-classification\labeled_dataset\close-up_text\0105_cut_003.jpg,0105_cut_003.jpg,0105,close-up_text,close-up,1,close-up_text,train,985
C:\Temp\shot-classification\labeled_dataset\medium_notext\0105_cut_001.jpg,0105_cut_001.jpg,0105,medium_notext,medium,0,medium_notext,train,986
C:\Temp\shot-classification\labeled_dataset\medium_text\0105_cut_009.jpg,0105_cut_009.jpg,0105,medium_text,medium,1,medium_text,train,987
C:\Temp\shot-classification\labeled_dataset\object_notext\0105_cut_008.jpg,0105_cut_008.jpg,0105,object_notext,object,0,object_notext,train,988
C:\Temp\shot-classification\labeled_dataset\object_text\0105_cut_005.jpg,0105_cut_005.jpg,0105,object_text,object,1,object_text,train,989
C:\Temp\shot-classification\labeled_dataset\object_text\0105_cut_006.jpg,0105_cut_006.jpg,0105,object_text,object,1,object_text,train,990
C:\Temp\shot-classification\labeled_dataset\object_text\0105_cut_007.jpg,0105_cut_007.jpg,0105,object_text,object,1,object_text,train,991
C:\Temp\shot-classification\labeled_dataset\medium_notext\0106_cut_008.jpg,0106_cut_008.jpg,0106,medium_notext,medium,0,medium_notext,test,992
C:\Temp\shot-classification\labeled_dataset\space_notext\0106_cut_001.jpg,0106_cut_001.jpg,0106,space_notext,space,0,space_notext,test,993
C:\Temp\shot-classification\labeled_dataset\space_notext\0106_cut_002.jpg,0106_cut_002.jpg,0106,space_notext,space,0,space_notext,test,994
C:\Temp\shot-classification\labeled_dataset\space_notext\0106_cut_004.jpg,0106_cut_004.jpg,0106,space_notext,space,0,space_notext,test,995
C:\Temp\shot-classification\labeled_dataset\space_notext\0106_cut_006.jpg,0106_cut_006.jpg,0106,space_notext,space,0,space_notext,test,996
C:\Temp\shot-classification\labeled_dataset\space_text\0106_cut_003.jpg,0106_cut_003.jpg,0106,space_text,space,1,space_text,test,997
C:\Temp\shot-classification\labeled_dataset\space_text\0106_cut_005.jpg,0106_cut_005.jpg,0106,space_text,space,1,space_text,test,998
C:\Temp\shot-classification\labeled_dataset\space_text\0106_cut_007.jpg,0106_cut_007.jpg,0106,space_text,space,1,space_text,test,999
C:\Temp\shot-classification\labeled_dataset\space_notext\0107_cut_001.jpg,0107_cut_001.jpg,0107,space_notext,space,0,space_notext,train,1000
C:\Temp\shot-classification\labeled_dataset\wide_notext\0107_cut_002.jpg,0107_cut_002.jpg,0107,wide_notext,wide,0,wide_notext,train,1001
C:\Temp\shot-classification\labeled_dataset\wide_notext\0107_cut_003.jpg,0107_cut_003.jpg,0107,wide_notext,wide,0,wide_notext,train,1002
C:\Temp\shot-classification\labeled_dataset\wide_notext\0107_cut_004.jpg,0107_cut_004.jpg,0107,wide_notext,wide,0,wide_notext,train,1003
C:\Temp\shot-classification\labeled_dataset\medium_notext\0108_cut_014.jpg,0108_cut_014.jpg,0108,medium_notext,medium,0,medium_notext,train,1004
C:\Temp\shot-classification\labeled_dataset\medium_text\0108_cut_006.jpg,0108_cut_006.jpg,0108,medium_text,medium,1,medium_text,train,1005
C:\Temp\shot-classification\labeled_dataset\medium_text\0108_cut_008.jpg,0108_cut_008.jpg,0108,medium_text,medium,1,medium_text,train,1006
C:\Temp\shot-classification\labeled_dataset\object_notext\0108_cut_013.jpg,0108_cut_013.jpg,0108,object_notext,object,0,object_notext,train,1007
C:\Temp\shot-classification\labeled_dataset\object_text\0108_cut_003.jpg,0108_cut_003.jpg,0108,object_text,object,1,object_text,train,1008
C:\Temp\shot-classification\labeled_dataset\object_text\0108_cut_005.jpg,0108_cut_005.jpg,0108,object_text,object,1,object_text,train,1009
C:\Temp\shot-classification\labeled_dataset\object_text\0108_cut_007.jpg,0108_cut_007.jpg,0108,object_text,object,1,object_text,train,1010
C:\Temp\shot-classification\labeled_dataset\object_text\0108_cut_009.jpg,0108_cut_009.jpg,0108,object_text,object,1,object_text,train,1011
C:\Temp\shot-classification\labeled_dataset\object_text\0108_cut_010.jpg,0108_cut_010.jpg,0108,object_text,object,1,object_text,train,1012
C:\Temp\shot-classification\labeled_dataset\object_text\0108_cut_011.jpg,0108_cut_011.jpg,0108,object_text,object,1,object_text,train,1013
C:\Temp\shot-classification\labeled_dataset\object_text\0108_cut_012.jpg,0108_cut_012.jpg,0108,object_text,object,1,object_text,train,1014
C:\Temp\shot-classification\labeled_dataset\space_notext\0108_cut_001.jpg,0108_cut_001.jpg,0108,space_notext,space,0,space_notext,train,1015
C:\Temp\shot-classification\labeled_dataset\space_text\0108_cut_002.jpg,0108_cut_002.jpg,0108,space_text,space,1,space_text,train,1016
C:\Temp\shot-classification\labeled_dataset\wide_text\0108_cut_004.jpg,0108_cut_004.jpg,0108,wide_text,wide,1,wide_text,train,1017
C:\Temp\shot-classification\labeled_dataset\medium_notext\0109_cut_010.jpg,0109_cut_010.jpg,0109,medium_notext,medium,0,medium_notext,train,1018
C:\Temp\shot-classification\labeled_dataset\medium_notext\0109_cut_012.jpg,0109_cut_012.jpg,0109,medium_notext,medium,0,medium_notext,train,1019
C:\Temp\shot-classification\labeled_dataset\medium_notext\0109_cut_016.jpg,0109_cut_016.jpg,0109,medium_notext,medium,0,medium_notext,train,1020
C:\Temp\shot-classification\labeled_dataset\medium_text\0109_cut_001.jpg,0109_cut_001.jpg,0109,medium_text,medium,1,medium_text,train,1021
C:\Temp\shot-classification\labeled_dataset\medium_text\0109_cut_002.jpg,0109_cut_002.jpg,0109,medium_text,medium,1,medium_text,train,1022
C:\Temp\shot-classification\labeled_dataset\medium_text\0109_cut_003.jpg,0109_cut_003.jpg,0109,medium_text,medium,1,medium_text,train,1023
C:\Temp\shot-classification\labeled_dataset\medium_text\0109_cut_008.jpg,0109_cut_008.jpg,0109,medium_text,medium,1,medium_text,train,1024
C:\Temp\shot-classification\labeled_dataset\medium_text\0109_cut_009.jpg,0109_cut_009.jpg,0109,medium_text,medium,1,medium_text,train,1025
C:\Temp\shot-classification\labeled_dataset\medium_text\0109_cut_011.jpg,0109_cut_011.jpg,0109,medium_text,medium,1,medium_text,train,1026
C:\Temp\shot-classification\labeled_dataset\medium_text\0109_cut_013.jpg,0109_cut_013.jpg,0109,medium_text,medium,1,medium_text,train,1027
C:\Temp\shot-classification\labeled_dataset\medium_text\0109_cut_014.jpg,0109_cut_014.jpg,0109,medium_text,medium,1,medium_text,train,1028
C:\Temp\shot-classification\labeled_dataset\medium_text\0109_cut_015.jpg,0109_cut_015.jpg,0109,medium_text,medium,1,medium_text,train,1029
C:\Temp\shot-classification\labeled_dataset\medium_text\0109_cut_017.jpg,0109_cut_017.jpg,0109,medium_text,medium,1,medium_text,train,1030
C:\Temp\shot-classification\labeled_dataset\medium_text\0109_cut_018.jpg,0109_cut_018.jpg,0109,medium_text,medium,1,medium_text,train,1031
C:\Temp\shot-classification\labeled_dataset\medium_text\0109_cut_019.jpg,0109_cut_019.jpg,0109,medium_text,medium,1,medium_text,train,1032
C:\Temp\shot-classification\labeled_dataset\medium_text\0109_cut_020.jpg,0109_cut_020.jpg,0109,medium_text,medium,1,medium_text,train,1033
C:\Temp\shot-classification\labeled_dataset\object_notext\0109_cut_021.jpg,0109_cut_021.jpg,0109,object_notext,object,0,object_notext,train,1034
C:\Temp\shot-classification\labeled_dataset\wide_notext\0109_cut_006.jpg,0109_cut_006.jpg,0109,wide_notext,wide,0,wide_notext,train,1035
C:\Temp\shot-classification\labeled_dataset\wide_notext\0109_cut_007.jpg,0109_cut_007.jpg,0109,wide_notext,wide,0,wide_notext,train,1036
C:\Temp\shot-classification\labeled_dataset\wide_text\0109_cut_004.jpg,0109_cut_004.jpg,0109,wide_text,wide,1,wide_text,train,1037
C:\Temp\shot-classification\labeled_dataset\wide_text\0109_cut_005.jpg,0109_cut_005.jpg,0109,wide_text,wide,1,wide_text,train,1038
C:\Temp\shot-classification\labeled_dataset\medium_text\0110_cut_003.jpg,0110_cut_003.jpg,0110,medium_text,medium,1,medium_text,test,1039
C:\Temp\shot-classification\labeled_dataset\object_text\0110_cut_001.jpg,0110_cut_001.jpg,0110,object_text,object,1,object_text,test,1040
C:\Temp\shot-classification\labeled_dataset\object_text\0110_cut_004.jpg,0110_cut_004.jpg,0110,object_text,object,1,object_text,test,1041
C:\Temp\shot-classification\labeled_dataset\object_text\0110_cut_005.jpg,0110_cut_005.jpg,0110,object_text,object,1,object_text,test,1042
C:\Temp\shot-classification\labeled_dataset\wide_text\0110_cut_002.jpg,0110_cut_002.jpg,0110,wide_text,wide,1,wide_text,test,1043
C:\Temp\shot-classification\labeled_dataset\space_notext\0111_cut_001.jpg,0111_cut_001.jpg,0111,space_notext,space,0,space_notext,train,1044
C:\Temp\shot-classification\labeled_dataset\space_notext\0111_cut_002.jpg,0111_cut_002.jpg,0111,space_notext,space,0,space_notext,train,1045
C:\Temp\shot-classification\labeled_dataset\space_notext\0111_cut_003.jpg,0111_cut_003.jpg,0111,space_notext,space,0,space_notext,train,1046
C:\Temp\shot-classification\labeled_dataset\space_notext\0111_cut_004.jpg,0111_cut_004.jpg,0111,space_notext,space,0,space_notext,train,1047
C:\Temp\shot-classification\labeled_dataset\space_notext\0111_cut_005.jpg,0111_cut_005.jpg,0111,space_notext,space,0,space_notext,train,1048
C:\Temp\shot-classification\labeled_dataset\medium_text\0112_cut_001.jpg,0112_cut_001.jpg,0112,medium_text,medium,1,medium_text,train,1049
C:\Temp\shot-classification\labeled_dataset\medium_text\0112_cut_002.jpg,0112_cut_002.jpg,0112,medium_text,medium,1,medium_text,train,1050
C:\Temp\shot-classification\labeled_dataset\medium_text\0112_cut_003.jpg,0112_cut_003.jpg,0112,medium_text,medium,1,medium_text,train,1051
C:\Temp\shot-classification\labeled_dataset\medium_text\0112_cut_004.jpg,0112_cut_004.jpg,0112,medium_text,medium,1,medium_text,train,1052
C:\Temp\shot-classification\labeled_dataset\medium_text\0112_cut_005.jpg,0112_cut_005.jpg,0112,medium_text,medium,1,medium_text,train,1053
C:\Temp\shot-classification\labeled_dataset\medium_text\0112_cut_006.jpg,0112_cut_006.jpg,0112,medium_text,medium,1,medium_text,train,1054
C:\Temp\shot-classification\labeled_dataset\medium_text\0112_cut_007.jpg,0112_cut_007.jpg,0112,medium_text,medium,1,medium_text,train,1055
C:\Temp\shot-classification\labeled_dataset\medium_text\0112_cut_008.jpg,0112_cut_008.jpg,0112,medium_text,medium,1,medium_text,train,1056
C:\Temp\shot-classification\labeled_dataset\medium_text\0112_cut_009.jpg,0112_cut_009.jpg,0112,medium_text,medium,1,medium_text,train,1057
C:\Temp\shot-classification\labeled_dataset\medium_text\0112_cut_010.jpg,0112_cut_010.jpg,0112,medium_text,medium,1,medium_text,train,1058
C:\Temp\shot-classification\labeled_dataset\medium_text\0112_cut_011.jpg,0112_cut_011.jpg,0112,medium_text,medium,1,medium_text,train,1059
C:\Temp\shot-classification\labeled_dataset\medium_text\0112_cut_012.jpg,0112_cut_012.jpg,0112,medium_text,medium,1,medium_text,train,1060
C:\Temp\shot-classification\labeled_dataset\medium_text\0113_cut_001.jpg,0113_cut_001.jpg,0113,medium_text,medium,1,medium_text,val,1061
C:\Temp\shot-classification\labeled_dataset\medium_text\0113_cut_004.jpg,0113_cut_004.jpg,0113,medium_text,medium,1,medium_text,val,1062
C:\Temp\shot-classification\labeled_dataset\medium_text\0113_cut_005.jpg,0113_cut_005.jpg,0113,medium_text,medium,1,medium_text,val,1063
C:\Temp\shot-classification\labeled_dataset\medium_text\0113_cut_006.jpg,0113_cut_006.jpg,0113,medium_text,medium,1,medium_text,val,1064
C:\Temp\shot-classification\labeled_dataset\medium_text\0113_cut_007.jpg,0113_cut_007.jpg,0113,medium_text,medium,1,medium_text,val,1065
C:\Temp\shot-classification\labeled_dataset\medium_text\0113_cut_008.jpg,0113_cut_008.jpg,0113,medium_text,medium,1,medium_text,val,1066
C:\Temp\shot-classification\labeled_dataset\wide_text\0113_cut_002.jpg,0113_cut_002.jpg,0113,wide_text,wide,1,wide_text,val,1067
C:\Temp\shot-classification\labeled_dataset\wide_text\0113_cut_003.jpg,0113_cut_003.jpg,0113,wide_text,wide,1,wide_text,val,1068
C:\Temp\shot-classification\labeled_dataset\wide_text\0113_cut_009.jpg,0113_cut_009.jpg,0113,wide_text,wide,1,wide_text,val,1069
C:\Temp\shot-classification\labeled_dataset\wide_text\0113_cut_010.jpg,0113_cut_010.jpg,0113,wide_text,wide,1,wide_text,val,1070
C:\Temp\shot-classification\labeled_dataset\wide_text\0113_cut_011.jpg,0113_cut_011.jpg,0113,wide_text,wide,1,wide_text,val,1071
C:\Temp\shot-classification\labeled_dataset\wide_text\0113_cut_012.jpg,0113_cut_012.jpg,0113,wide_text,wide,1,wide_text,val,1072
C:\Temp\shot-classification\labeled_dataset\wide_text\0113_cut_013.jpg,0113_cut_013.jpg,0113,wide_text,wide,1,wide_text,val,1073
C:\Temp\shot-classification\labeled_dataset\close-up_notext\0114_cut_001.jpg,0114_cut_001.jpg,0114,close-up_notext,close-up,0,close-up_notext,test,1074
C:\Temp\shot-classification\labeled_dataset\close-up_notext\0114_cut_015.jpg,0114_cut_015.jpg,0114,close-up_notext,close-up,0,close-up_notext,test,1075
C:\Temp\shot-classification\labeled_dataset\close-up_text\0114_cut_004.jpg,0114_cut_004.jpg,0114,close-up_text,close-up,1,close-up_text,test,1076
C:\Temp\shot-classification\labeled_dataset\close-up_text\0114_cut_005.jpg,0114_cut_005.jpg,0114,close-up_text,close-up,1,close-up_text,test,1077
C:\Temp\shot-classification\labeled_dataset\close-up_text\0114_cut_006.jpg,0114_cut_006.jpg,0114,close-up_text,close-up,1,close-up_text,test,1078
C:\Temp\shot-classification\labeled_dataset\close-up_text\0114_cut_010.jpg,0114_cut_010.jpg,0114,close-up_text,close-up,1,close-up_text,test,1079
C:\Temp\shot-classification\labeled_dataset\close-up_text\0114_cut_011.jpg,0114_cut_011.jpg,0114,close-up_text,close-up,1,close-up_text,test,1080
C:\Temp\shot-classification\labeled_dataset\close-up_text\0114_cut_013.jpg,0114_cut_013.jpg,0114,close-up_text,close-up,1,close-up_text,test,1081
C:\Temp\shot-classification\labeled_dataset\close-up_text\0114_cut_014.jpg,0114_cut_014.jpg,0114,close-up_text,close-up,1,close-up_text,test,1082
C:\Temp\shot-classification\labeled_dataset\medium_notext\0114_cut_002.jpg,0114_cut_002.jpg,0114,medium_notext,medium,0,medium_notext,test,1083
C:\Temp\shot-classification\labeled_dataset\medium_text\0114_cut_009.jpg,0114_cut_009.jpg,0114,medium_text,medium,1,medium_text,test,1084
C:\Temp\shot-classification\labeled_dataset\medium_text\0114_cut_012.jpg,0114_cut_012.jpg,0114,medium_text,medium,1,medium_text,test,1085
C:\Temp\shot-classification\labeled_dataset\object_text\0114_cut_003.jpg,0114_cut_003.jpg,0114,object_text,object,1,object_text,test,1086
C:\Temp\shot-classification\labeled_dataset\object_text\0114_cut_008.jpg,0114_cut_008.jpg,0114,object_text,object,1,object_text,test,1087
C:\Temp\shot-classification\labeled_dataset\space_text\0114_cut_007.jpg,0114_cut_007.jpg,0114,space_text,space,1,space_text,test,1088
C:\Temp\shot-classification\labeled_dataset\medium_text\0115_cut_001.jpg,0115_cut_001.jpg,0115,medium_text,medium,1,medium_text,train,1089
C:\Temp\shot-classification\labeled_dataset\wide_text\0115_cut_002.jpg,0115_cut_002.jpg,0115,wide_text,wide,1,wide_text,train,1090
C:\Temp\shot-classification\labeled_dataset\wide_text\0115_cut_003.jpg,0115_cut_003.jpg,0115,wide_text,wide,1,wide_text,train,1091
C:\Temp\shot-classification\labeled_dataset\wide_text\0115_cut_004.jpg,0115_cut_004.jpg,0115,wide_text,wide,1,wide_text,train,1092
C:\Temp\shot-classification\labeled_dataset\space_notext\0116_cut_002.jpg,0116_cut_002.jpg,0116,space_notext,space,0,space_notext,train,1093
C:\Temp\shot-classification\labeled_dataset\medium_notext\0117_cut_001.jpg,0117_cut_001.jpg,0117,medium_notext,medium,0,medium_notext,train,1094
C:\Temp\shot-classification\labeled_dataset\medium_notext\0117_cut_003.jpg,0117_cut_003.jpg,0117,medium_notext,medium,0,medium_notext,train,1095
C:\Temp\shot-classification\labeled_dataset\object_notext\0117_cut_004.jpg,0117_cut_004.jpg,0117,object_notext,object,0,object_notext,train,1096
C:\Temp\shot-classification\labeled_dataset\space_text\0118_cut_001.jpg,0118_cut_001.jpg,0118,space_text,space,1,space_text,train,1097
C:\Temp\shot-classification\labeled_dataset\space_text\0118_cut_002.jpg,0118_cut_002.jpg,0118,space_text,space,1,space_text,train,1098
C:\Temp\shot-classification\labeled_dataset\space_text\0118_cut_003.jpg,0118_cut_003.jpg,0118,space_text,space,1,space_text,train,1099
C:\Temp\shot-classification\labeled_dataset\space_text\0118_cut_004.jpg,0118_cut_004.jpg,0118,space_text,space,1,space_text,train,1100
C:\Temp\shot-classification\labeled_dataset\space_text\0118_cut_005.jpg,0118_cut_005.jpg,0118,space_text,space,1,space_text,train,1101
C:\Temp\shot-classification\labeled_dataset\close-up_text\0119_cut_001.jpg,0119_cut_001.jpg,0119,close-up_text,close-up,1,close-up_text,test,1102
C:\Temp\shot-classification\labeled_dataset\close-up_text\0119_cut_002.jpg,0119_cut_002.jpg,0119,close-up_text,close-up,1,close-up_text,test,1103
C:\Temp\shot-classification\labeled_dataset\close-up_text\0119_cut_003.jpg,0119_cut_003.jpg,0119,close-up_text,close-up,1,close-up_text,test,1104
C:\Temp\shot-classification\labeled_dataset\close-up_text\0119_cut_004.jpg,0119_cut_004.jpg,0119,close-up_text,close-up,1,close-up_text,test,1105
C:\Temp\shot-classification\labeled_dataset\close-up_text\0119_cut_005.jpg,0119_cut_005.jpg,0119,close-up_text,close-up,1,close-up_text,test,1106
C:\Temp\shot-classification\labeled_dataset\close-up_text\0119_cut_011.jpg,0119_cut_011.jpg,0119,close-up_text,close-up,1,close-up_text,test,1107
C:\Temp\shot-classification\labeled_dataset\close-up_text\0119_cut_014.jpg,0119_cut_014.jpg,0119,close-up_text,close-up,1,close-up_text,test,1108
C:\Temp\shot-classification\labeled_dataset\medium_notext\0119_cut_012.jpg,0119_cut_012.jpg,0119,medium_notext,medium,0,medium_notext,test,1109
C:\Temp\shot-classification\labeled_dataset\medium_notext\0119_cut_013.jpg,0119_cut_013.jpg,0119,medium_notext,medium,0,medium_notext,test,1110
C:\Temp\shot-classification\labeled_dataset\medium_text\0119_cut_007.jpg,0119_cut_007.jpg,0119,medium_text,medium,1,medium_text,test,1111
C:\Temp\shot-classification\labeled_dataset\medium_text\0119_cut_015.jpg,0119_cut_015.jpg,0119,medium_text,medium,1,medium_text,test,1112
C:\Temp\shot-classification\labeled_dataset\wide_notext\0119_cut_008.jpg,0119_cut_008.jpg,0119,wide_notext,wide,0,wide_notext,test,1113
C:\Temp\shot-classification\labeled_dataset\wide_text\0119_cut_009.jpg,0119_cut_009.jpg,0119,wide_text,wide,1,wide_text,test,1114
C:\Temp\shot-classification\labeled_dataset\wide_text\0119_cut_010.jpg,0119_cut_010.jpg,0119,wide_text,wide,1,wide_text,test,1115
C:\Temp\shot-classification\labeled_dataset\close-up_text\0120_cut_002.jpg,0120_cut_002.jpg,0120,close-up_text,close-up,1,close-up_text,val,1116
C:\Temp\shot-classification\labeled_dataset\object_text\0120_cut_004.jpg,0120_cut_004.jpg,0120,object_text,object,1,object_text,val,1117
C:\Temp\shot-classification\labeled_dataset\object_text\0120_cut_006.jpg,0120_cut_006.jpg,0120,object_text,object,1,object_text,val,1118
C:\Temp\shot-classification\labeled_dataset\wide_notext\0120_cut_001.jpg,0120_cut_001.jpg,0120,wide_notext,wide,0,wide_notext,val,1119
C:\Temp\shot-classification\labeled_dataset\wide_text\0120_cut_003.jpg,0120_cut_003.jpg,0120,wide_text,wide,1,wide_text,val,1120
C:\Temp\shot-classification\labeled_dataset\wide_text\0120_cut_005.jpg,0120_cut_005.jpg,0120,wide_text,wide,1,wide_text,val,1121
C:\Temp\shot-classification\labeled_dataset\wide_text\0120_cut_007.jpg,0120_cut_007.jpg,0120,wide_text,wide,1,wide_text,val,1122
C:\Temp\shot-classification\labeled_dataset\wide_notext\0121_cut_001.jpg,0121_cut_001.jpg,0121,wide_notext,wide,0,wide_notext,train,1123
C:\Temp\shot-classification\labeled_dataset\wide_notext\0121_cut_002.jpg,0121_cut_002.jpg,0121,wide_notext,wide,0,wide_notext,train,1124
C:\Temp\shot-classification\labeled_dataset\close-up_text\0122_cut_001.jpg,0122_cut_001.jpg,0122,close-up_text,close-up,1,close-up_text,test,1125
C:\Temp\shot-classification\labeled_dataset\medium_notext\0122_cut_003.jpg,0122_cut_003.jpg,0122,medium_notext,medium,0,medium_notext,test,1126
C:\Temp\shot-classification\labeled_dataset\object_notext\0122_cut_002.jpg,0122_cut_002.jpg,0122,object_notext,object,0,object_notext,test,1127
C:\Temp\shot-classification\labeled_dataset\close-up_notext\0123_cut_001.jpg,0123_cut_001.jpg,0123,close-up_notext,close-up,0,close-up_notext,train,1128
C:\Temp\shot-classification\labeled_dataset\medium_notext\0123_cut_002.jpg,0123_cut_002.jpg,0123,medium_notext,medium,0,medium_notext,train,1129
C:\Temp\shot-classification\labeled_dataset\medium_notext\0123_cut_003.jpg,0123_cut_003.jpg,0123,medium_notext,medium,0,medium_notext,train,1130
C:\Temp\shot-classification\labeled_dataset\medium_notext\0123_cut_009.jpg,0123_cut_009.jpg,0123,medium_notext,medium,0,medium_notext,train,1131
C:\Temp\shot-classification\labeled_dataset\wide_notext\0123_cut_004.jpg,0123_cut_004.jpg,0123,wide_notext,wide,0,wide_notext,train,1132
C:\Temp\shot-classification\labeled_dataset\wide_notext\0123_cut_005.jpg,0123_cut_005.jpg,0123,wide_notext,wide,0,wide_notext,train,1133
C:\Temp\shot-classification\labeled_dataset\wide_notext\0123_cut_006.jpg,0123_cut_006.jpg,0123,wide_notext,wide,0,wide_notext,train,1134
C:\Temp\shot-classification\labeled_dataset\wide_notext\0123_cut_007.jpg,0123_cut_007.jpg,0123,wide_notext,wide,0,wide_notext,train,1135
C:\Temp\shot-classification\labeled_dataset\wide_notext\0123_cut_008.jpg,0123_cut_008.jpg,0123,wide_notext,wide,0,wide_notext,train,1136
C:\Temp\shot-classification\labeled_dataset\wide_notext\0124_cut_002.jpg,0124_cut_002.jpg,0124,wide_notext,wide,0,wide_notext,train,1137
C:\Temp\shot-classification\labeled_dataset\wide_notext\0124_cut_003.jpg,0124_cut_003.jpg,0124,wide_notext,wide,0,wide_notext,train,1138
C:\Temp\shot-classification\labeled_dataset\wide_notext\0124_cut_004.jpg,0124_cut_004.jpg,0124,wide_notext,wide,0,wide_notext,train,1139
C:\Temp\shot-classification\labeled_dataset\wide_notext\0124_cut_007.jpg,0124_cut_007.jpg,0124,wide_notext,wide,0,wide_notext,train,1140
C:\Temp\shot-classification\labeled_dataset\wide_notext\0124_cut_008.jpg,0124_cut_008.jpg,0124,wide_notext,wide,0,wide_notext,train,1141
C:\Temp\shot-classification\labeled_dataset\wide_notext\0124_cut_010.jpg,0124_cut_010.jpg,0124,wide_notext,wide,0,wide_notext,train,1142
C:\Temp\shot-classification\labeled_dataset\wide_text\0124_cut_001.jpg,0124_cut_001.jpg,0124,wide_text,wide,1,wide_text,train,1143
C:\Temp\shot-classification\labeled_dataset\wide_text\0124_cut_005.jpg,0124_cut_005.jpg,0124,wide_text,wide,1,wide_text,train,1144
C:\Temp\shot-classification\labeled_dataset\wide_text\0124_cut_006.jpg,0124_cut_006.jpg,0124,wide_text,wide,1,wide_text,train,1145
C:\Temp\shot-classification\labeled_dataset\wide_text\0124_cut_009.jpg,0124_cut_009.jpg,0124,wide_text,wide,1,wide_text,train,1146
C:\Temp\shot-classification\labeled_dataset\wide_text\0124_cut_011.jpg,0124_cut_011.jpg,0124,wide_text,wide,1,wide_text,train,1147
C:\Temp\shot-classification\labeled_dataset\object_notext\0125_cut_002.jpg,0125_cut_002.jpg,0125,object_notext,object,0,object_notext,train,1148
C:\Temp\shot-classification\labeled_dataset\object_text\0125_cut_001.jpg,0125_cut_001.jpg,0125,object_text,object,1,object_text,train,1149
C:\Temp\shot-classification\labeled_dataset\object_text\0125_cut_003.jpg,0125_cut_003.jpg,0125,object_text,object,1,object_text,train,1150
C:\Temp\shot-classification\labeled_dataset\object_text\0125_cut_004.jpg,0125_cut_004.jpg,0125,object_text,object,1,object_text,train,1151
C:\Temp\shot-classification\labeled_dataset\object_text\0125_cut_006.jpg,0125_cut_006.jpg,0125,object_text,object,1,object_text,train,1152
C:\Temp\shot-classification\labeled_dataset\wide_text\0125_cut_005.jpg,0125_cut_005.jpg,0125,wide_text,wide,1,wide_text,train,1153
C:\Temp\shot-classification\labeled_dataset\wide_notext\0126_cut_002.jpg,0126_cut_002.jpg,0126,wide_notext,wide,0,wide_notext,val,1154
C:\Temp\shot-classification\labeled_dataset\wide_notext\0126_cut_003.jpg,0126_cut_003.jpg,0126,wide_notext,wide,0,wide_notext,val,1155
C:\Temp\shot-classification\labeled_dataset\wide_notext\0126_cut_004.jpg,0126_cut_004.jpg,0126,wide_notext,wide,0,wide_notext,val,1156
C:\Temp\shot-classification\labeled_dataset\wide_notext\0126_cut_005.jpg,0126_cut_005.jpg,0126,wide_notext,wide,0,wide_notext,val,1157
C:\Temp\shot-classification\labeled_dataset\wide_notext\0126_cut_006.jpg,0126_cut_006.jpg,0126,wide_notext,wide,0,wide_notext,val,1158
C:\Temp\shot-classification\labeled_dataset\wide_notext\0126_cut_007.jpg,0126_cut_007.jpg,0126,wide_notext,wide,0,wide_notext,val,1159
C:\Temp\shot-classification\labeled_dataset\wide_notext\0126_cut_008.jpg,0126_cut_008.jpg,0126,wide_notext,wide,0,wide_notext,val,1160
C:\Temp\shot-classification\labeled_dataset\wide_notext\0126_cut_009.jpg,0126_cut_009.jpg,0126,wide_notext,wide,0,wide_notext,val,1161
C:\Temp\shot-classification\labeled_dataset\wide_text\0126_cut_001.jpg,0126_cut_001.jpg,0126,wide_text,wide,1,wide_text,val,1162
C:\Temp\shot-classification\labeled_dataset\close-up_notext\0127_cut_001.jpg,0127_cut_001.jpg,0127,close-up_notext,close-up,0,close-up_notext,train,1163
C:\Temp\shot-classification\labeled_dataset\medium_notext\0127_cut_002.jpg,0127_cut_002.jpg,0127,medium_notext,medium,0,medium_notext,train,1164
C:\Temp\shot-classification\labeled_dataset\wide_notext\0127_cut_003.jpg,0127_cut_003.jpg,0127,wide_notext,wide,0,wide_notext,train,1165
C:\Temp\shot-classification\labeled_dataset\wide_notext\0127_cut_004.jpg,0127_cut_004.jpg,0127,wide_notext,wide,0,wide_notext,train,1166
C:\Temp\shot-classification\labeled_dataset\object_notext\0128_cut_002.jpg,0128_cut_002.jpg,0128,object_notext,object,0,object_notext,train,1167
C:\Temp\shot-classification\labeled_dataset\wide_text\0128_cut_001.jpg,0128_cut_001.jpg,0128,wide_text,wide,1,wide_text,train,1168
C:\Temp\shot-classification\labeled_dataset\close-up_text\0129_cut_007.jpg,0129_cut_007.jpg,0129,close-up_text,close-up,1,close-up_text,train,1169
C:\Temp\shot-classification\labeled_dataset\medium_text\0129_cut_001.jpg,0129_cut_001.jpg,0129,medium_text,medium,1,medium_text,train,1170
C:\Temp\shot-classification\labeled_dataset\medium_text\0129_cut_002.jpg,0129_cut_002.jpg,0129,medium_text,medium,1,medium_text,train,1171
C:\Temp\shot-classification\labeled_dataset\medium_text\0129_cut_004.jpg,0129_cut_004.jpg,0129,medium_text,medium,1,medium_text,train,1172
C:\Temp\shot-classification\labeled_dataset\object_text\0129_cut_003.jpg,0129_cut_003.jpg,0129,object_text,object,1,object_text,train,1173
C:\Temp\shot-classification\labeled_dataset\object_text\0129_cut_005.jpg,0129_cut_005.jpg,0129,object_text,object,1,object_text,train,1174
C:\Temp\shot-classification\labeled_dataset\object_text\0129_cut_006.jpg,0129_cut_006.jpg,0129,object_text,object,1,object_text,train,1175
C:\Temp\shot-classification\labeled_dataset\object_text\0129_cut_008.jpg,0129_cut_008.jpg,0129,object_text,object,1,object_text,train,1176
C:\Temp\shot-classification\labeled_dataset\object_text\0129_cut_010.jpg,0129_cut_010.jpg,0129,object_text,object,1,object_text,train,1177
C:\Temp\shot-classification\labeled_dataset\object_text\0129_cut_011.jpg,0129_cut_011.jpg,0129,object_text,object,1,object_text,train,1178
C:\Temp\shot-classification\labeled_dataset\space_text\0129_cut_009.jpg,0129_cut_009.jpg,0129,space_text,space,1,space_text,train,1179
C:\Temp\shot-classification\labeled_dataset\wide_text\0129_cut_012.jpg,0129_cut_012.jpg,0129,wide_text,wide,1,wide_text,train,1180
C:\Temp\shot-classification\labeled_dataset\wide_notext\0130_cut_002.jpg,0130_cut_002.jpg,0130,wide_notext,wide,0,wide_notext,val,1181
C:\Temp\shot-classification\labeled_dataset\wide_notext\0130_cut_003.jpg,0130_cut_003.jpg,0130,wide_notext,wide,0,wide_notext,val,1182
C:\Temp\shot-classification\labeled_dataset\wide_text\0130_cut_001.jpg,0130_cut_001.jpg,0130,wide_text,wide,1,wide_text,val,1183
C:\Temp\shot-classification\labeled_dataset\wide_text\0130_cut_007.jpg,0130_cut_007.jpg,0130,wide_text,wide,1,wide_text,val,1184
C:\Temp\shot-classification\labeled_dataset\medium_notext\0131_cut_001.jpg,0131_cut_001.jpg,0131,medium_notext,medium,0,medium_notext,train,1185
C:\Temp\shot-classification\labeled_dataset\medium_notext\0131_cut_002.jpg,0131_cut_002.jpg,0131,medium_notext,medium,0,medium_notext,train,1186
C:\Temp\shot-classification\labeled_dataset\medium_notext\0131_cut_003.jpg,0131_cut_003.jpg,0131,medium_notext,medium,0,medium_notext,train,1187
C:\Temp\shot-classification\labeled_dataset\medium_text\0131_cut_004.jpg,0131_cut_004.jpg,0131,medium_text,medium,1,medium_text,train,1188
C:\Temp\shot-classification\labeled_dataset\medium_notext\0132_cut_003.jpg,0132_cut_003.jpg,0132,medium_notext,medium,0,medium_notext,train,1189
C:\Temp\shot-classification\labeled_dataset\object_text\0132_cut_001.jpg,0132_cut_001.jpg,0132,object_text,object,1,object_text,train,1190
C:\Temp\shot-classification\labeled_dataset\wide_text\0132_cut_002.jpg,0132_cut_002.jpg,0132,wide_text,wide,1,wide_text,train,1191
C:\Temp\shot-classification\labeled_dataset\close-up_notext\0133_cut_002.jpg,0133_cut_002.jpg,0133,close-up_notext,close-up,0,close-up_notext,train,1192
C:\Temp\shot-classification\labeled_dataset\close-up_notext\0133_cut_006.jpg,0133_cut_006.jpg,0133,close-up_notext,close-up,0,close-up_notext,train,1193
C:\Temp\shot-classification\labeled_dataset\close-up_notext\0133_cut_007.jpg,0133_cut_007.jpg,0133,close-up_notext,close-up,0,close-up_notext,train,1194
C:\Temp\shot-classification\labeled_dataset\close-up_notext\0133_cut_008.jpg,0133_cut_008.jpg,0133,close-up_notext,close-up,0,close-up_notext,train,1195
C:\Temp\shot-classification\labeled_dataset\medium_notext\0133_cut_003.jpg,0133_cut_003.jpg,0133,medium_notext,medium,0,medium_notext,train,1196
C:\Temp\shot-classification\labeled_dataset\medium_notext\0133_cut_004.jpg,0133_cut_004.jpg,0133,medium_notext,medium,0,medium_notext,train,1197
C:\Temp\shot-classification\labeled_dataset\medium_notext\0133_cut_005.jpg,0133_cut_005.jpg,0133,medium_notext,medium,0,medium_notext,train,1198
C:\Temp\shot-classification\labeled_dataset\wide_notext\0133_cut_001.jpg,0133_cut_001.jpg,0133,wide_notext,wide,0,wide_notext,train,1199
C:\Temp\shot-classification\labeled_dataset\medium_notext\0134_cut_001.jpg,0134_cut_001.jpg,0134,medium_notext,medium,0,medium_notext,train,1200
C:\Temp\shot-classification\labeled_dataset\medium_notext\0134_cut_002.jpg,0134_cut_002.jpg,0134,medium_notext,medium,0,medium_notext,train,1201
C:\Temp\shot-classification\labeled_dataset\medium_notext\0134_cut_003.jpg,0134_cut_003.jpg,0134,medium_notext,medium,0,medium_notext,train,1202
C:\Temp\shot-classification\labeled_dataset\medium_notext\0134_cut_008.jpg,0134_cut_008.jpg,0134,medium_notext,medium,0,medium_notext,train,1203
C:\Temp\shot-classification\labeled_dataset\wide_notext\0134_cut_004.jpg,0134_cut_004.jpg,0134,wide_notext,wide,0,wide_notext,train,1204
C:\Temp\shot-classification\labeled_dataset\wide_notext\0134_cut_005.jpg,0134_cut_005.jpg,0134,wide_notext,wide,0,wide_notext,train,1205
C:\Temp\shot-classification\labeled_dataset\wide_notext\0134_cut_006.jpg,0134_cut_006.jpg,0134,wide_notext,wide,0,wide_notext,train,1206
C:\Temp\shot-classification\labeled_dataset\wide_notext\0134_cut_007.jpg,0134_cut_007.jpg,0134,wide_notext,wide,0,wide_notext,train,1207
C:\Temp\shot-classification\labeled_dataset\close-up_text\0135_cut_002.jpg,0135_cut_002.jpg,0135,close-up_text,close-up,1,close-up_text,train,1208
C:\Temp\shot-classification\labeled_dataset\close-up_text\0135_cut_003.jpg,0135_cut_003.jpg,0135,close-up_text,close-up,1,close-up_text,train,1209
C:\Temp\shot-classification\labeled_dataset\close-up_text\0135_cut_004.jpg,0135_cut_004.jpg,0135,close-up_text,close-up,1,close-up_text,train,1210
C:\Temp\shot-classification\labeled_dataset\medium_text\0135_cut_001.jpg,0135_cut_001.jpg,0135,medium_text,medium,1,medium_text,train,1211
C:\Temp\shot-classification\labeled_dataset\close-up_text\0136_cut_006.jpg,0136_cut_006.jpg,0136,close-up_text,close-up,1,close-up_text,train,1212
C:\Temp\shot-classification\labeled_dataset\medium_notext\0136_cut_002.jpg,0136_cut_002.jpg,0136,medium_notext,medium,0,medium_notext,train,1213
C:\Temp\shot-classification\labeled_dataset\medium_notext\0136_cut_007.jpg,0136_cut_007.jpg,0136,medium_notext,medium,0,medium_notext,train,1214
C:\Temp\shot-classification\labeled_dataset\medium_text\0136_cut_001.jpg,0136_cut_001.jpg,0136,medium_text,medium,1,medium_text,train,1215
C:\Temp\shot-classification\labeled_dataset\medium_text\0136_cut_003.jpg,0136_cut_003.jpg,0136,medium_text,medium,1,medium_text,train,1216
C:\Temp\shot-classification\labeled_dataset\medium_text\0136_cut_005.jpg,0136_cut_005.jpg,0136,medium_text,medium,1,medium_text,train,1217
C:\Temp\shot-classification\labeled_dataset\wide_text\0136_cut_004.jpg,0136_cut_004.jpg,0136,wide_text,wide,1,wide_text,train,1218
C:\Temp\shot-classification\labeled_dataset\close-up_text\0137_cut_012.jpg,0137_cut_012.jpg,0137,close-up_text,close-up,1,close-up_text,val,1219
C:\Temp\shot-classification\labeled_dataset\close-up_text\0137_cut_019.jpg,0137_cut_019.jpg,0137,close-up_text,close-up,1,close-up_text,val,1220
C:\Temp\shot-classification\labeled_dataset\close-up_text\0137_cut_025.jpg,0137_cut_025.jpg,0137,close-up_text,close-up,1,close-up_text,val,1221
C:\Temp\shot-classification\labeled_dataset\medium_notext\0137_cut_002.jpg,0137_cut_002.jpg,0137,medium_notext,medium,0,medium_notext,val,1222
C:\Temp\shot-classification\labeled_dataset\medium_notext\0137_cut_008.jpg,0137_cut_008.jpg,0137,medium_notext,medium,0,medium_notext,val,1223
C:\Temp\shot-classification\labeled_dataset\medium_notext\0137_cut_010.jpg,0137_cut_010.jpg,0137,medium_notext,medium,0,medium_notext,val,1224
C:\Temp\shot-classification\labeled_dataset\medium_notext\0137_cut_015.jpg,0137_cut_015.jpg,0137,medium_notext,medium,0,medium_notext,val,1225
C:\Temp\shot-classification\labeled_dataset\medium_text\0137_cut_001.jpg,0137_cut_001.jpg,0137,medium_text,medium,1,medium_text,val,1226
C:\Temp\shot-classification\labeled_dataset\medium_text\0137_cut_003.jpg,0137_cut_003.jpg,0137,medium_text,medium,1,medium_text,val,1227
C:\Temp\shot-classification\labeled_dataset\medium_text\0137_cut_004.jpg,0137_cut_004.jpg,0137,medium_text,medium,1,medium_text,val,1228
C:\Temp\shot-classification\labeled_dataset\medium_text\0137_cut_005.jpg,0137_cut_005.jpg,0137,medium_text,medium,1,medium_text,val,1229
C:\Temp\shot-classification\labeled_dataset\medium_text\0137_cut_006.jpg,0137_cut_006.jpg,0137,medium_text,medium,1,medium_text,val,1230
C:\Temp\shot-classification\labeled_dataset\medium_text\0137_cut_007.jpg,0137_cut_007.jpg,0137,medium_text,medium,1,medium_text,val,1231
C:\Temp\shot-classification\labeled_dataset\medium_text\0137_cut_009.jpg,0137_cut_009.jpg,0137,medium_text,medium,1,medium_text,val,1232
C:\Temp\shot-classification\labeled_dataset\medium_text\0137_cut_011.jpg,0137_cut_011.jpg,0137,medium_text,medium,1,medium_text,val,1233
C:\Temp\shot-classification\labeled_dataset\medium_text\0137_cut_013.jpg,0137_cut_013.jpg,0137,medium_text,medium,1,medium_text,val,1234
C:\Temp\shot-classification\labeled_dataset\medium_text\0137_cut_014.jpg,0137_cut_014.jpg,0137,medium_text,medium,1,medium_text,val,1235
C:\Temp\shot-classification\labeled_dataset\medium_text\0137_cut_016.jpg,0137_cut_016.jpg,0137,medium_text,medium,1,medium_text,val,1236
C:\Temp\shot-classification\labeled_dataset\medium_text\0137_cut_017.jpg,0137_cut_017.jpg,0137,medium_text,medium,1,medium_text,val,1237
C:\Temp\shot-classification\labeled_dataset\medium_text\0137_cut_018.jpg,0137_cut_018.jpg,0137,medium_text,medium,1,medium_text,val,1238
C:\Temp\shot-classification\labeled_dataset\medium_text\0137_cut_020.jpg,0137_cut_020.jpg,0137,medium_text,medium,1,medium_text,val,1239
C:\Temp\shot-classification\labeled_dataset\medium_text\0137_cut_021.jpg,0137_cut_021.jpg,0137,medium_text,medium,1,medium_text,val,1240
C:\Temp\shot-classification\labeled_dataset\medium_text\0137_cut_022.jpg,0137_cut_022.jpg,0137,medium_text,medium,1,medium_text,val,1241
C:\Temp\shot-classification\labeled_dataset\medium_text\0137_cut_023.jpg,0137_cut_023.jpg,0137,medium_text,medium,1,medium_text,val,1242
C:\Temp\shot-classification\labeled_dataset\medium_text\0137_cut_024.jpg,0137_cut_024.jpg,0137,medium_text,medium,1,medium_text,val,1243
C:\Temp\shot-classification\labeled_dataset\wide_text\0137_cut_026.jpg,0137_cut_026.jpg,0137,wide_text,wide,1,wide_text,val,1244
C:\Temp\shot-classification\labeled_dataset\medium_notext\0138_cut_003.jpg,0138_cut_003.jpg,0138,medium_notext,medium,0,medium_notext,test,1245
C:\Temp\shot-classification\labeled_dataset\medium_notext\0138_cut_006.jpg,0138_cut_006.jpg,0138,medium_notext,medium,0,medium_notext,test,1246
C:\Temp\shot-classification\labeled_dataset\object_notext\0138_cut_001.jpg,0138_cut_001.jpg,0138,object_notext,object,0,object_notext,test,1247
C:\Temp\shot-classification\labeled_dataset\object_notext\0138_cut_002.jpg,0138_cut_002.jpg,0138,object_notext,object,0,object_notext,test,1248
C:\Temp\shot-classification\labeled_dataset\object_notext\0138_cut_005.jpg,0138_cut_005.jpg,0138,object_notext,object,0,object_notext,test,1249
C:\Temp\shot-classification\labeled_dataset\object_notext\0138_cut_007.jpg,0138_cut_007.jpg,0138,object_notext,object,0,object_notext,test,1250
C:\Temp\shot-classification\labeled_dataset\wide_notext\0138_cut_004.jpg,0138_cut_004.jpg,0138,wide_notext,wide,0,wide_notext,test,1251
C:\Temp\shot-classification\labeled_dataset\medium_notext\0139_cut_001.jpg,0139_cut_001.jpg,0139,medium_notext,medium,0,medium_notext,test,1252
C:\Temp\shot-classification\labeled_dataset\medium_notext\0139_cut_002.jpg,0139_cut_002.jpg,0139,medium_notext,medium,0,medium_notext,test,1253
C:\Temp\shot-classification\labeled_dataset\medium_notext\0139_cut_003.jpg,0139_cut_003.jpg,0139,medium_notext,medium,0,medium_notext,test,1254
C:\Temp\shot-classification\labeled_dataset\medium_notext\0139_cut_004.jpg,0139_cut_004.jpg,0139,medium_notext,medium,0,medium_notext,test,1255
C:\Temp\shot-classification\labeled_dataset\medium_notext\0139_cut_005.jpg,0139_cut_005.jpg,0139,medium_notext,medium,0,medium_notext,test,1256
C:\Temp\shot-classification\labeled_dataset\medium_notext\0139_cut_006.jpg,0139_cut_006.jpg,0139,medium_notext,medium,0,medium_notext,test,1257
C:\Temp\shot-classification\labeled_dataset\medium_notext\0140_cut_003.jpg,0140_cut_003.jpg,0140,medium_notext,medium,0,medium_notext,val,1258
C:\Temp\shot-classification\labeled_dataset\space_notext\0140_cut_002.jpg,0140_cut_002.jpg,0140,space_notext,space,0,space_notext,val,1259
C:\Temp\shot-classification\labeled_dataset\space_notext\0140_cut_004.jpg,0140_cut_004.jpg,0140,space_notext,space,0,space_notext,val,1260
C:\Temp\shot-classification\labeled_dataset\space_text\0140_cut_001.jpg,0140_cut_001.jpg,0140,space_text,space,1,space_text,val,1261
C:\Temp\shot-classification\labeled_dataset\close-up_text\0141_cut_001.jpg,0141_cut_001.jpg,0141,close-up_text,close-up,1,close-up_text,val,1262
C:\Temp\shot-classification\labeled_dataset\close-up_text\0141_cut_002.jpg,0141_cut_002.jpg,0141,close-up_text,close-up,1,close-up_text,val,1263
C:\Temp\shot-classification\labeled_dataset\close-up_text\0141_cut_007.jpg,0141_cut_007.jpg,0141,close-up_text,close-up,1,close-up_text,val,1264
C:\Temp\shot-classification\labeled_dataset\close-up_text\0141_cut_010.jpg,0141_cut_010.jpg,0141,close-up_text,close-up,1,close-up_text,val,1265
C:\Temp\shot-classification\labeled_dataset\medium_text\0141_cut_003.jpg,0141_cut_003.jpg,0141,medium_text,medium,1,medium_text,val,1266
C:\Temp\shot-classification\labeled_dataset\medium_text\0141_cut_004.jpg,0141_cut_004.jpg,0141,medium_text,medium,1,medium_text,val,1267
C:\Temp\shot-classification\labeled_dataset\medium_text\0141_cut_005.jpg,0141_cut_005.jpg,0141,medium_text,medium,1,medium_text,val,1268
C:\Temp\shot-classification\labeled_dataset\medium_text\0141_cut_006.jpg,0141_cut_006.jpg,0141,medium_text,medium,1,medium_text,val,1269
C:\Temp\shot-classification\labeled_dataset\medium_text\0141_cut_008.jpg,0141_cut_008.jpg,0141,medium_text,medium,1,medium_text,val,1270
C:\Temp\shot-classification\labeled_dataset\medium_text\0141_cut_011.jpg,0141_cut_011.jpg,0141,medium_text,medium,1,medium_text,val,1271
C:\Temp\shot-classification\labeled_dataset\medium_text\0141_cut_013.jpg,0141_cut_013.jpg,0141,medium_text,medium,1,medium_text,val,1272
C:\Temp\shot-classification\labeled_dataset\medium_text\0141_cut_016.jpg,0141_cut_016.jpg,0141,medium_text,medium,1,medium_text,val,1273
C:\Temp\shot-classification\labeled_dataset\wide_text\0141_cut_009.jpg,0141_cut_009.jpg,0141,wide_text,wide,1,wide_text,val,1274
C:\Temp\shot-classification\labeled_dataset\wide_text\0141_cut_012.jpg,0141_cut_012.jpg,0141,wide_text,wide,1,wide_text,val,1275
C:\Temp\shot-classification\labeled_dataset\wide_text\0141_cut_014.jpg,0141_cut_014.jpg,0141,wide_text,wide,1,wide_text,val,1276
C:\Temp\shot-classification\labeled_dataset\wide_text\0141_cut_017.jpg,0141_cut_017.jpg,0141,wide_text,wide,1,wide_text,val,1277
C:\Temp\shot-classification\labeled_dataset\close-up_text\0142_cut_001.jpg,0142_cut_001.jpg,0142,close-up_text,close-up,1,close-up_text,train,1278
C:\Temp\shot-classification\labeled_dataset\close-up_text\0142_cut_002.jpg,0142_cut_002.jpg,0142,close-up_text,close-up,1,close-up_text,train,1279
C:\Temp\shot-classification\labeled_dataset\close-up_text\0142_cut_003.jpg,0142_cut_003.jpg,0142,close-up_text,close-up,1,close-up_text,train,1280
C:\Temp\shot-classification\labeled_dataset\close-up_text\0142_cut_004.jpg,0142_cut_004.jpg,0142,close-up_text,close-up,1,close-up_text,train,1281
C:\Temp\shot-classification\labeled_dataset\close-up_text\0143_cut_001.jpg,0143_cut_001.jpg,0143,close-up_text,close-up,1,close-up_text,train,1282
C:\Temp\shot-classification\labeled_dataset\close-up_text\0143_cut_003.jpg,0143_cut_003.jpg,0143,close-up_text,close-up,1,close-up_text,train,1283
C:\Temp\shot-classification\labeled_dataset\close-up_text\0143_cut_004.jpg,0143_cut_004.jpg,0143,close-up_text,close-up,1,close-up_text,train,1284
C:\Temp\shot-classification\labeled_dataset\medium_text\0143_cut_002.jpg,0143_cut_002.jpg,0143,medium_text,medium,1,medium_text,train,1285
C:\Temp\shot-classification\labeled_dataset\medium_text\0143_cut_005.jpg,0143_cut_005.jpg,0143,medium_text,medium,1,medium_text,train,1286
C:\Temp\shot-classification\labeled_dataset\medium_text\0143_cut_006.jpg,0143_cut_006.jpg,0143,medium_text,medium,1,medium_text,train,1287
C:\Temp\shot-classification\labeled_dataset\medium_text\0143_cut_007.jpg,0143_cut_007.jpg,0143,medium_text,medium,1,medium_text,train,1288
C:\Temp\shot-classification\labeled_dataset\medium_text\0143_cut_008.jpg,0143_cut_008.jpg,0143,medium_text,medium,1,medium_text,train,1289
C:\Temp\shot-classification\labeled_dataset\medium_text\0143_cut_009.jpg,0143_cut_009.jpg,0143,medium_text,medium,1,medium_text,train,1290
C:\Temp\shot-classification\labeled_dataset\medium_text\0143_cut_010.jpg,0143_cut_010.jpg,0143,medium_text,medium,1,medium_text,train,1291
C:\Temp\shot-classification\labeled_dataset\medium_text\0143_cut_011.jpg,0143_cut_011.jpg,0143,medium_text,medium,1,medium_text,train,1292
C:\Temp\shot-classification\labeled_dataset\medium_text\0143_cut_012.jpg,0143_cut_012.jpg,0143,medium_text,medium,1,medium_text,train,1293
C:\Temp\shot-classification\labeled_dataset\medium_text\0143_cut_013.jpg,0143_cut_013.jpg,0143,medium_text,medium,1,medium_text,train,1294
C:\Temp\shot-classification\labeled_dataset\close-up_text\0144_cut_001.jpg,0144_cut_001.jpg,0144,close-up_text,close-up,1,close-up_text,test,1295
C:\Temp\shot-classification\labeled_dataset\close-up_text\0144_cut_004.jpg,0144_cut_004.jpg,0144,close-up_text,close-up,1,close-up_text,test,1296
C:\Temp\shot-classification\labeled_dataset\close-up_text\0144_cut_005.jpg,0144_cut_005.jpg,0144,close-up_text,close-up,1,close-up_text,test,1297
C:\Temp\shot-classification\labeled_dataset\close-up_text\0144_cut_006.jpg,0144_cut_006.jpg,0144,close-up_text,close-up,1,close-up_text,test,1298
C:\Temp\shot-classification\labeled_dataset\close-up_text\0144_cut_007.jpg,0144_cut_007.jpg,0144,close-up_text,close-up,1,close-up_text,test,1299
C:\Temp\shot-classification\labeled_dataset\close-up_text\0144_cut_008.jpg,0144_cut_008.jpg,0144,close-up_text,close-up,1,close-up_text,test,1300
C:\Temp\shot-classification\labeled_dataset\close-up_text\0144_cut_009.jpg,0144_cut_009.jpg,0144,close-up_text,close-up,1,close-up_text,test,1301
C:\Temp\shot-classification\labeled_dataset\medium_text\0144_cut_003.jpg,0144_cut_003.jpg,0144,medium_text,medium,1,medium_text,test,1302
C:\Temp\shot-classification\labeled_dataset\wide_text\0144_cut_002.jpg,0144_cut_002.jpg,0144,wide_text,wide,1,wide_text,test,1303
C:\Temp\shot-classification\labeled_dataset\close-up_text\0145_cut_002.jpg,0145_cut_002.jpg,0145,close-up_text,close-up,1,close-up_text,train,1304
C:\Temp\shot-classification\labeled_dataset\close-up_text\0145_cut_003.jpg,0145_cut_003.jpg,0145,close-up_text,close-up,1,close-up_text,train,1305
C:\Temp\shot-classification\labeled_dataset\close-up_text\0145_cut_004.jpg,0145_cut_004.jpg,0145,close-up_text,close-up,1,close-up_text,train,1306
C:\Temp\shot-classification\labeled_dataset\close-up_text\0145_cut_005.jpg,0145_cut_005.jpg,0145,close-up_text,close-up,1,close-up_text,train,1307
C:\Temp\shot-classification\labeled_dataset\close-up_text\0145_cut_006.jpg,0145_cut_006.jpg,0145,close-up_text,close-up,1,close-up_text,train,1308
C:\Temp\shot-classification\labeled_dataset\close-up_text\0145_cut_007.jpg,0145_cut_007.jpg,0145,close-up_text,close-up,1,close-up_text,train,1309
C:\Temp\shot-classification\labeled_dataset\close-up_text\0145_cut_008.jpg,0145_cut_008.jpg,0145,close-up_text,close-up,1,close-up_text,train,1310
C:\Temp\shot-classification\labeled_dataset\close-up_text\0145_cut_009.jpg,0145_cut_009.jpg,0145,close-up_text,close-up,1,close-up_text,train,1311
C:\Temp\shot-classification\labeled_dataset\close-up_text\0145_cut_010.jpg,0145_cut_010.jpg,0145,close-up_text,close-up,1,close-up_text,train,1312
C:\Temp\shot-classification\labeled_dataset\close-up_text\0145_cut_011.jpg,0145_cut_011.jpg,0145,close-up_text,close-up,1,close-up_text,train,1313
C:\Temp\shot-classification\labeled_dataset\close-up_text\0145_cut_012.jpg,0145_cut_012.jpg,0145,close-up_text,close-up,1,close-up_text,train,1314
C:\Temp\shot-classification\labeled_dataset\close-up_text\0145_cut_013.jpg,0145_cut_013.jpg,0145,close-up_text,close-up,1,close-up_text,train,1315
C:\Temp\shot-classification\labeled_dataset\close-up_text\0145_cut_014.jpg,0145_cut_014.jpg,0145,close-up_text,close-up,1,close-up_text,train,1316
C:\Temp\shot-classification\labeled_dataset\close-up_text\0145_cut_015.jpg,0145_cut_015.jpg,0145,close-up_text,close-up,1,close-up_text,train,1317
C:\Temp\shot-classification\labeled_dataset\close-up_text\0145_cut_016.jpg,0145_cut_016.jpg,0145,close-up_text,close-up,1,close-up_text,train,1318
C:\Temp\shot-classification\labeled_dataset\close-up_text\0145_cut_017.jpg,0145_cut_017.jpg,0145,close-up_text,close-up,1,close-up_text,train,1319
C:\Temp\shot-classification\labeled_dataset\close-up_text\0145_cut_018.jpg,0145_cut_018.jpg,0145,close-up_text,close-up,1,close-up_text,train,1320
C:\Temp\shot-classification\labeled_dataset\close-up_text\0145_cut_019.jpg,0145_cut_019.jpg,0145,close-up_text,close-up,1,close-up_text,train,1321
C:\Temp\shot-classification\labeled_dataset\close-up_text\0145_cut_020.jpg,0145_cut_020.jpg,0145,close-up_text,close-up,1,close-up_text,train,1322
C:\Temp\shot-classification\labeled_dataset\close-up_text\0145_cut_021.jpg,0145_cut_021.jpg,0145,close-up_text,close-up,1,close-up_text,train,1323
C:\Temp\shot-classification\labeled_dataset\close-up_text\0145_cut_022.jpg,0145_cut_022.jpg,0145,close-up_text,close-up,1,close-up_text,train,1324
C:\Temp\shot-classification\labeled_dataset\close-up_text\0145_cut_023.jpg,0145_cut_023.jpg,0145,close-up_text,close-up,1,close-up_text,train,1325
C:\Temp\shot-classification\labeled_dataset\close-up_text\0145_cut_024.jpg,0145_cut_024.jpg,0145,close-up_text,close-up,1,close-up_text,train,1326
C:\Temp\shot-classification\labeled_dataset\close-up_text\0145_cut_025.jpg,0145_cut_025.jpg,0145,close-up_text,close-up,1,close-up_text,train,1327
C:\Temp\shot-classification\labeled_dataset\medium_text\0145_cut_001.jpg,0145_cut_001.jpg,0145,medium_text,medium,1,medium_text,train,1328
C:\Temp\shot-classification\labeled_dataset\medium_text\0145_cut_026.jpg,0145_cut_026.jpg,0145,medium_text,medium,1,medium_text,train,1329
C:\Temp\shot-classification\labeled_dataset\medium_text\0145_cut_027.jpg,0145_cut_027.jpg,0145,medium_text,medium,1,medium_text,train,1330
C:\Temp\shot-classification\labeled_dataset\close-up_text\0146_cut_001.jpg,0146_cut_001.jpg,0146,close-up_text,close-up,1,close-up_text,train,1331
C:\Temp\shot-classification\labeled_dataset\close-up_text\0146_cut_002.jpg,0146_cut_002.jpg,0146,close-up_text,close-up,1,close-up_text,train,1332
C:\Temp\shot-classification\labeled_dataset\close-up_text\0146_cut_003.jpg,0146_cut_003.jpg,0146,close-up_text,close-up,1,close-up_text,train,1333
C:\Temp\shot-classification\labeled_dataset\close-up_notext\0147_cut_004.jpg,0147_cut_004.jpg,0147,close-up_notext,close-up,0,close-up_notext,train,1334
C:\Temp\shot-classification\labeled_dataset\close-up_notext\0147_cut_005.jpg,0147_cut_005.jpg,0147,close-up_notext,close-up,0,close-up_notext,train,1335
C:\Temp\shot-classification\labeled_dataset\medium_notext\0147_cut_002.jpg,0147_cut_002.jpg,0147,medium_notext,medium,0,medium_notext,train,1336
C:\Temp\shot-classification\labeled_dataset\medium_text\0147_cut_001.jpg,0147_cut_001.jpg,0147,medium_text,medium,1,medium_text,train,1337
C:\Temp\shot-classification\labeled_dataset\close-up_text\0148_cut_001.jpg,0148_cut_001.jpg,0148,close-up_text,close-up,1,close-up_text,test,1338
C:\Temp\shot-classification\labeled_dataset\medium_text\0149_cut_002.jpg,0149_cut_002.jpg,0149,medium_text,medium,1,medium_text,train,1339
C:\Temp\shot-classification\labeled_dataset\medium_text\0149_cut_003.jpg,0149_cut_003.jpg,0149,medium_text,medium,1,medium_text,train,1340
C:\Temp\shot-classification\labeled_dataset\medium_text\0149_cut_004.jpg,0149_cut_004.jpg,0149,medium_text,medium,1,medium_text,train,1341
C:\Temp\shot-classification\labeled_dataset\medium_text\0149_cut_005.jpg,0149_cut_005.jpg,0149,medium_text,medium,1,medium_text,train,1342
C:\Temp\shot-classification\labeled_dataset\space_text\0149_cut_001.jpg,0149_cut_001.jpg,0149,space_text,space,1,space_text,train,1343
C:\Temp\shot-classification\labeled_dataset\medium_text\0150_cut_001.jpg,0150_cut_001.jpg,0150,medium_text,medium,1,medium_text,train,1344
C:\Temp\shot-classification\labeled_dataset\medium_text\0150_cut_002.jpg,0150_cut_002.jpg,0150,medium_text,medium,1,medium_text,train,1345
C:\Temp\shot-classification\labeled_dataset\medium_text\0150_cut_003.jpg,0150_cut_003.jpg,0150,medium_text,medium,1,medium_text,train,1346
C:\Temp\shot-classification\labeled_dataset\medium_text\0150_cut_004.jpg,0150_cut_004.jpg,0150,medium_text,medium,1,medium_text,train,1347
C:\Temp\shot-classification\labeled_dataset\close-up_text\0151_cut_001.jpg,0151_cut_001.jpg,0151,close-up_text,close-up,1,close-up_text,train,1348
C:\Temp\shot-classification\labeled_dataset\close-up_text\0151_cut_002.jpg,0151_cut_002.jpg,0151,close-up_text,close-up,1,close-up_text,train,1349
C:\Temp\shot-classification\labeled_dataset\close-up_text\0151_cut_003.jpg,0151_cut_003.jpg,0151,close-up_text,close-up,1,close-up_text,train,1350
C:\Temp\shot-classification\labeled_dataset\close-up_text\0151_cut_004.jpg,0151_cut_004.jpg,0151,close-up_text,close-up,1,close-up_text,train,1351
C:\Temp\shot-classification\labeled_dataset\close-up_text\0151_cut_005.jpg,0151_cut_005.jpg,0151,close-up_text,close-up,1,close-up_text,train,1352
C:\Temp\shot-classification\labeled_dataset\close-up_text\0153_cut_001.jpg,0153_cut_001.jpg,0153,close-up_text,close-up,1,close-up_text,train,1353
C:\Temp\shot-classification\labeled_dataset\close-up_text\0153_cut_002.jpg,0153_cut_002.jpg,0153,close-up_text,close-up,1,close-up_text,train,1354
C:\Temp\shot-classification\labeled_dataset\close-up_text\0153_cut_003.jpg,0153_cut_003.jpg,0153,close-up_text,close-up,1,close-up_text,train,1355
C:\Temp\shot-classification\labeled_dataset\medium_text\0153_cut_004.jpg,0153_cut_004.jpg,0153,medium_text,medium,1,medium_text,train,1356
C:\Temp\shot-classification\labeled_dataset\medium_text\0153_cut_005.jpg,0153_cut_005.jpg,0153,medium_text,medium,1,medium_text,train,1357
C:\Temp\shot-classification\labeled_dataset\close-up_text\0154_cut_001.jpg,0154_cut_001.jpg,0154,close-up_text,close-up,1,close-up_text,train,1358
C:\Temp\shot-classification\labeled_dataset\close-up_text\0154_cut_002.jpg,0154_cut_002.jpg,0154,close-up_text,close-up,1,close-up_text,train,1359
C:\Temp\shot-classification\labeled_dataset\close-up_text\0155_cut_001.jpg,0155_cut_001.jpg,0155,close-up_text,close-up,1,close-up_text,val,1360
C:\Temp\shot-classification\labeled_dataset\close-up_text\0155_cut_002.jpg,0155_cut_002.jpg,0155,close-up_text,close-up,1,close-up_text,val,1361
C:\Temp\shot-classification\labeled_dataset\close-up_text\0155_cut_003.jpg,0155_cut_003.jpg,0155,close-up_text,close-up,1,close-up_text,val,1362
C:\Temp\shot-classification\labeled_dataset\medium_notext\0156_cut_003.jpg,0156_cut_003.jpg,0156,medium_notext,medium,0,medium_notext,val,1363
C:\Temp\shot-classification\labeled_dataset\medium_notext\0156_cut_004.jpg,0156_cut_004.jpg,0156,medium_notext,medium,0,medium_notext,val,1364
C:\Temp\shot-classification\labeled_dataset\medium_notext\0156_cut_005.jpg,0156_cut_005.jpg,0156,medium_notext,medium,0,medium_notext,val,1365
C:\Temp\shot-classification\labeled_dataset\medium_text\0156_cut_001.jpg,0156_cut_001.jpg,0156,medium_text,medium,1,medium_text,val,1366
C:\Temp\shot-classification\labeled_dataset\medium_text\0156_cut_002.jpg,0156_cut_002.jpg,0156,medium_text,medium,1,medium_text,val,1367
C:\Temp\shot-classification\labeled_dataset\wide_notext\0156_cut_006.jpg,0156_cut_006.jpg,0156,wide_notext,wide,0,wide_notext,val,1368
C:\Temp\shot-classification\labeled_dataset\medium_text\0157_cut_001.jpg,0157_cut_001.jpg,0157,medium_text,medium,1,medium_text,test,1369
C:\Temp\shot-classification\labeled_dataset\medium_text\0157_cut_002.jpg,0157_cut_002.jpg,0157,medium_text,medium,1,medium_text,test,1370
C:\Temp\shot-classification\labeled_dataset\medium_text\0157_cut_003.jpg,0157_cut_003.jpg,0157,medium_text,medium,1,medium_text,test,1371
C:\Temp\shot-classification\labeled_dataset\medium_text\0157_cut_004.jpg,0157_cut_004.jpg,0157,medium_text,medium,1,medium_text,test,1372
C:\Temp\shot-classification\labeled_dataset\medium_text\0157_cut_005.jpg,0157_cut_005.jpg,0157,medium_text,medium,1,medium_text,test,1373
C:\Temp\shot-classification\labeled_dataset\medium_text\0157_cut_006.jpg,0157_cut_006.jpg,0157,medium_text,medium,1,medium_text,test,1374
C:\Temp\shot-classification\labeled_dataset\medium_text\0157_cut_007.jpg,0157_cut_007.jpg,0157,medium_text,medium,1,medium_text,test,1375
C:\Temp\shot-classification\labeled_dataset\medium_text\0157_cut_008.jpg,0157_cut_008.jpg,0157,medium_text,medium,1,medium_text,test,1376
C:\Temp\shot-classification\labeled_dataset\medium_text\0157_cut_009.jpg,0157_cut_009.jpg,0157,medium_text,medium,1,medium_text,test,1377
C:\Temp\shot-classification\labeled_dataset\close-up_text\0158_cut_003.jpg,0158_cut_003.jpg,0158,close-up_text,close-up,1,close-up_text,train,1378
C:\Temp\shot-classification\labeled_dataset\close-up_text\0158_cut_004.jpg,0158_cut_004.jpg,0158,close-up_text,close-up,1,close-up_text,train,1379
C:\Temp\shot-classification\labeled_dataset\close-up_text\0158_cut_005.jpg,0158_cut_005.jpg,0158,close-up_text,close-up,1,close-up_text,train,1380
C:\Temp\shot-classification\labeled_dataset\close-up_text\0158_cut_006.jpg,0158_cut_006.jpg,0158,close-up_text,close-up,1,close-up_text,train,1381
C:\Temp\shot-classification\labeled_dataset\close-up_text\0158_cut_007.jpg,0158_cut_007.jpg,0158,close-up_text,close-up,1,close-up_text,train,1382
C:\Temp\shot-classification\labeled_dataset\close-up_text\0158_cut_008.jpg,0158_cut_008.jpg,0158,close-up_text,close-up,1,close-up_text,train,1383
C:\Temp\shot-classification\labeled_dataset\medium_text\0158_cut_001.jpg,0158_cut_001.jpg,0158,medium_text,medium,1,medium_text,train,1384
C:\Temp\shot-classification\labeled_dataset\medium_text\0158_cut_002.jpg,0158_cut_002.jpg,0158,medium_text,medium,1,medium_text,train,1385
C:\Temp\shot-classification\labeled_dataset\wide_text\0158_cut_010.jpg,0158_cut_010.jpg,0158,wide_text,wide,1,wide_text,train,1386
C:\Temp\shot-classification\labeled_dataset\close-up_text\0159_cut_001.jpg,0159_cut_001.jpg,0159,close-up_text,close-up,1,close-up_text,train,1387
C:\Temp\shot-classification\labeled_dataset\medium_notext\0159_cut_002.jpg,0159_cut_002.jpg,0159,medium_notext,medium,0,medium_notext,train,1388
C:\Temp\shot-classification\labeled_dataset\medium_notext\0159_cut_003.jpg,0159_cut_003.jpg,0159,medium_notext,medium,0,medium_notext,train,1389
C:\Temp\shot-classification\labeled_dataset\medium_notext\0159_cut_004.jpg,0159_cut_004.jpg,0159,medium_notext,medium,0,medium_notext,train,1390
C:\Temp\shot-classification\labeled_dataset\medium_notext\0159_cut_005.jpg,0159_cut_005.jpg,0159,medium_notext,medium,0,medium_notext,train,1391
C:\Temp\shot-classification\labeled_dataset\medium_notext\0159_cut_006.jpg,0159_cut_006.jpg,0159,medium_notext,medium,0,medium_notext,train,1392
C:\Temp\shot-classification\labeled_dataset\medium_notext\0160_cut_013.jpg,0160_cut_013.jpg,0160,medium_notext,medium,0,medium_notext,train,1393
C:\Temp\shot-classification\labeled_dataset\medium_notext\0160_cut_016.jpg,0160_cut_016.jpg,0160,medium_notext,medium,0,medium_notext,train,1394
C:\Temp\shot-classification\labeled_dataset\medium_notext\0160_cut_017.jpg,0160_cut_017.jpg,0160,medium_notext,medium,0,medium_notext,train,1395
C:\Temp\shot-classification\labeled_dataset\medium_text\0160_cut_001.jpg,0160_cut_001.jpg,0160,medium_text,medium,1,medium_text,train,1396
C:\Temp\shot-classification\labeled_dataset\medium_text\0160_cut_002.jpg,0160_cut_002.jpg,0160,medium_text,medium,1,medium_text,train,1397
C:\Temp\shot-classification\labeled_dataset\medium_text\0160_cut_003.jpg,0160_cut_003.jpg,0160,medium_text,medium,1,medium_text,train,1398
C:\Temp\shot-classification\labeled_dataset\medium_text\0160_cut_004.jpg,0160_cut_004.jpg,0160,medium_text,medium,1,medium_text,train,1399
C:\Temp\shot-classification\labeled_dataset\medium_text\0160_cut_005.jpg,0160_cut_005.jpg,0160,medium_text,medium,1,medium_text,train,1400
C:\Temp\shot-classification\labeled_dataset\medium_text\0160_cut_006.jpg,0160_cut_006.jpg,0160,medium_text,medium,1,medium_text,train,1401
C:\Temp\shot-classification\labeled_dataset\medium_text\0160_cut_007.jpg,0160_cut_007.jpg,0160,medium_text,medium,1,medium_text,train,1402
C:\Temp\shot-classification\labeled_dataset\medium_text\0160_cut_011.jpg,0160_cut_011.jpg,0160,medium_text,medium,1,medium_text,train,1403
C:\Temp\shot-classification\labeled_dataset\medium_text\0160_cut_012.jpg,0160_cut_012.jpg,0160,medium_text,medium,1,medium_text,train,1404
C:\Temp\shot-classification\labeled_dataset\medium_text\0160_cut_014.jpg,0160_cut_014.jpg,0160,medium_text,medium,1,medium_text,train,1405
C:\Temp\shot-classification\labeled_dataset\medium_text\0160_cut_015.jpg,0160_cut_015.jpg,0160,medium_text,medium,1,medium_text,train,1406
C:\Temp\shot-classification\labeled_dataset\wide_notext\0160_cut_008.jpg,0160_cut_008.jpg,0160,wide_notext,wide,0,wide_notext,train,1407
C:\Temp\shot-classification\labeled_dataset\wide_notext\0160_cut_010.jpg,0160_cut_010.jpg,0160,wide_notext,wide,0,wide_notext,train,1408
C:\Temp\shot-classification\labeled_dataset\wide_text\0160_cut_009.jpg,0160_cut_009.jpg,0160,wide_text,wide,1,wide_text,train,1409
C:\Temp\shot-classification\labeled_dataset\close-up_notext\0161_cut_001.jpg,0161_cut_001.jpg,0161,close-up_notext,close-up,0,close-up_notext,train,1410
C:\Temp\shot-classification\labeled_dataset\close-up_notext\0161_cut_002.jpg,0161_cut_002.jpg,0161,close-up_notext,close-up,0,close-up_notext,train,1411
C:\Temp\shot-classification\labeled_dataset\close-up_text\0162_cut_001.jpg,0162_cut_001.jpg,0162,close-up_text,close-up,1,close-up_text,val,1412
C:\Temp\shot-classification\labeled_dataset\close-up_text\0162_cut_002.jpg,0162_cut_002.jpg,0162,close-up_text,close-up,1,close-up_text,val,1413
C:\Temp\shot-classification\labeled_dataset\close-up_text\0162_cut_003.jpg,0162_cut_003.jpg,0162,close-up_text,close-up,1,close-up_text,val,1414
C:\Temp\shot-classification\labeled_dataset\close-up_text\0162_cut_004.jpg,0162_cut_004.jpg,0162,close-up_text,close-up,1,close-up_text,val,1415
C:\Temp\shot-classification\labeled_dataset\close-up_text\0162_cut_005.jpg,0162_cut_005.jpg,0162,close-up_text,close-up,1,close-up_text,val,1416
C:\Temp\shot-classification\labeled_dataset\close-up_text\0162_cut_006.jpg,0162_cut_006.jpg,0162,close-up_text,close-up,1,close-up_text,val,1417
C:\Temp\shot-classification\labeled_dataset\close-up_text\0162_cut_007.jpg,0162_cut_007.jpg,0162,close-up_text,close-up,1,close-up_text,val,1418
C:\Temp\shot-classification\labeled_dataset\close-up_text\0162_cut_008.jpg,0162_cut_008.jpg,0162,close-up_text,close-up,1,close-up_text,val,1419
C:\Temp\shot-classification\labeled_dataset\close-up_text\0162_cut_009.jpg,0162_cut_009.jpg,0162,close-up_text,close-up,1,close-up_text,val,1420
C:\Temp\shot-classification\labeled_dataset\close-up_text\0162_cut_010.jpg,0162_cut_010.jpg,0162,close-up_text,close-up,1,close-up_text,val,1421
C:\Temp\shot-classification\labeled_dataset\close-up_notext\0163_cut_003.jpg,0163_cut_003.jpg,0163,close-up_notext,close-up,0,close-up_notext,train,1422
C:\Temp\shot-classification\labeled_dataset\close-up_text\0163_cut_001.jpg,0163_cut_001.jpg,0163,close-up_text,close-up,1,close-up_text,train,1423
C:\Temp\shot-classification\labeled_dataset\close-up_text\0163_cut_002.jpg,0163_cut_002.jpg,0163,close-up_text,close-up,1,close-up_text,train,1424
C:\Temp\shot-classification\labeled_dataset\close-up_text\0163_cut_004.jpg,0163_cut_004.jpg,0163,close-up_text,close-up,1,close-up_text,train,1425
C:\Temp\shot-classification\labeled_dataset\close-up_text\0163_cut_005.jpg,0163_cut_005.jpg,0163,close-up_text,close-up,1,close-up_text,train,1426
C:\Temp\shot-classification\labeled_dataset\medium_text\0164_cut_001.jpg,0164_cut_001.jpg,0164,medium_text,medium,1,medium_text,test,1427
C:\Temp\shot-classification\labeled_dataset\medium_text\0164_cut_002.jpg,0164_cut_002.jpg,0164,medium_text,medium,1,medium_text,test,1428
C:\Temp\shot-classification\labeled_dataset\close-up_text\0165_cut_001.jpg,0165_cut_001.jpg,0165,close-up_text,close-up,1,close-up_text,train,1429
C:\Temp\shot-classification\labeled_dataset\close-up_text\0165_cut_002.jpg,0165_cut_002.jpg,0165,close-up_text,close-up,1,close-up_text,train,1430
C:\Temp\shot-classification\labeled_dataset\close-up_text\0165_cut_003.jpg,0165_cut_003.jpg,0165,close-up_text,close-up,1,close-up_text,train,1431
C:\Temp\shot-classification\labeled_dataset\close-up_text\0165_cut_004.jpg,0165_cut_004.jpg,0165,close-up_text,close-up,1,close-up_text,train,1432
C:\Temp\shot-classification\labeled_dataset\close-up_text\0165_cut_005.jpg,0165_cut_005.jpg,0165,close-up_text,close-up,1,close-up_text,train,1433
C:\Temp\shot-classification\labeled_dataset\close-up_text\0165_cut_006.jpg,0165_cut_006.jpg,0165,close-up_text,close-up,1,close-up_text,train,1434
C:\Temp\shot-classification\labeled_dataset\close-up_text\0165_cut_007.jpg,0165_cut_007.jpg,0165,close-up_text,close-up,1,close-up_text,train,1435
C:\Temp\shot-classification\labeled_dataset\close-up_text\0165_cut_008.jpg,0165_cut_008.jpg,0165,close-up_text,close-up,1,close-up_text,train,1436
C:\Temp\shot-classification\labeled_dataset\close-up_text\0165_cut_009.jpg,0165_cut_009.jpg,0165,close-up_text,close-up,1,close-up_text,train,1437
C:\Temp\shot-classification\labeled_dataset\close-up_text\0165_cut_010.jpg,0165_cut_010.jpg,0165,close-up_text,close-up,1,close-up_text,train,1438
C:\Temp\shot-classification\labeled_dataset\close-up_notext\0166_cut_001.jpg,0166_cut_001.jpg,0166,close-up_notext,close-up,0,close-up_notext,val,1439
C:\Temp\shot-classification\labeled_dataset\close-up_notext\0166_cut_003.jpg,0166_cut_003.jpg,0166,close-up_notext,close-up,0,close-up_notext,val,1440
C:\Temp\shot-classification\labeled_dataset\close-up_notext\0166_cut_005.jpg,0166_cut_005.jpg,0166,close-up_notext,close-up,0,close-up_notext,val,1441
C:\Temp\shot-classification\labeled_dataset\close-up_text\0166_cut_002.jpg,0166_cut_002.jpg,0166,close-up_text,close-up,1,close-up_text,val,1442
C:\Temp\shot-classification\labeled_dataset\close-up_text\0166_cut_004.jpg,0166_cut_004.jpg,0166,close-up_text,close-up,1,close-up_text,val,1443
C:\Temp\shot-classification\labeled_dataset\close-up_notext\0167_cut_001.jpg,0167_cut_001.jpg,0167,close-up_notext,close-up,0,close-up_notext,train,1444
C:\Temp\shot-classification\labeled_dataset\close-up_text\0167_cut_002.jpg,0167_cut_002.jpg,0167,close-up_text,close-up,1,close-up_text,train,1445
C:\Temp\shot-classification\labeled_dataset\close-up_text\0167_cut_003.jpg,0167_cut_003.jpg,0167,close-up_text,close-up,1,close-up_text,train,1446
C:\Temp\shot-classification\labeled_dataset\close-up_text\0167_cut_004.jpg,0167_cut_004.jpg,0167,close-up_text,close-up,1,close-up_text,train,1447
C:\Temp\shot-classification\labeled_dataset\close-up_text\0167_cut_005.jpg,0167_cut_005.jpg,0167,close-up_text,close-up,1,close-up_text,train,1448
C:\Temp\shot-classification\labeled_dataset\close-up_text\0167_cut_006.jpg,0167_cut_006.jpg,0167,close-up_text,close-up,1,close-up_text,train,1449
C:\Temp\shot-classification\labeled_dataset\close-up_text\0168_cut_001.jpg,0168_cut_001.jpg,0168,close-up_text,close-up,1,close-up_text,train,1450
C:\Temp\shot-classification\labeled_dataset\close-up_text\0168_cut_002.jpg,0168_cut_002.jpg,0168,close-up_text,close-up,1,close-up_text,train,1451
C:\Temp\shot-classification\labeled_dataset\close-up_text\0168_cut_003.jpg,0168_cut_003.jpg,0168,close-up_text,close-up,1,close-up_text,train,1452
C:\Temp\shot-classification\labeled_dataset\close-up_notext\0169_cut_003.jpg,0169_cut_003.jpg,0169,close-up_notext,close-up,0,close-up_notext,train,1453
C:\Temp\shot-classification\labeled_dataset\close-up_notext\0169_cut_005.jpg,0169_cut_005.jpg,0169,close-up_notext,close-up,0,close-up_notext,train,1454
C:\Temp\shot-classification\labeled_dataset\close-up_text\0169_cut_001.jpg,0169_cut_001.jpg,0169,close-up_text,close-up,1,close-up_text,train,1455
C:\Temp\shot-classification\labeled_dataset\close-up_text\0169_cut_002.jpg,0169_cut_002.jpg,0169,close-up_text,close-up,1,close-up_text,train,1456
C:\Temp\shot-classification\labeled_dataset\close-up_text\0169_cut_004.jpg,0169_cut_004.jpg,0169,close-up_text,close-up,1,close-up_text,train,1457
C:\Temp\shot-classification\labeled_dataset\medium_text\0170_cut_001.jpg,0170_cut_001.jpg,0170,medium_text,medium,1,medium_text,train,1458
C:\Temp\shot-classification\labeled_dataset\medium_text\0170_cut_002.jpg,0170_cut_002.jpg,0170,medium_text,medium,1,medium_text,train,1459
C:\Temp\shot-classification\labeled_dataset\medium_text\0170_cut_004.jpg,0170_cut_004.jpg,0170,medium_text,medium,1,medium_text,train,1460
C:\Temp\shot-classification\labeled_dataset\medium_text\0170_cut_006.jpg,0170_cut_006.jpg,0170,medium_text,medium,1,medium_text,train,1461
C:\Temp\shot-classification\labeled_dataset\object_text\0170_cut_005.jpg,0170_cut_005.jpg,0170,object_text,object,1,object_text,train,1462
C:\Temp\shot-classification\labeled_dataset\close-up_notext\0171_cut_002.jpg,0171_cut_002.jpg,0171,close-up_notext,close-up,0,close-up_notext,train,1463
C:\Temp\shot-classification\labeled_dataset\close-up_text\0171_cut_003.jpg,0171_cut_003.jpg,0171,close-up_text,close-up,1,close-up_text,train,1464
C:\Temp\shot-classification\labeled_dataset\close-up_text\0171_cut_004.jpg,0171_cut_004.jpg,0171,close-up_text,close-up,1,close-up_text,train,1465
C:\Temp\shot-classification\labeled_dataset\medium_notext\0171_cut_001.jpg,0171_cut_001.jpg,0171,medium_notext,medium,0,medium_notext,train,1466
C:\Temp\shot-classification\labeled_dataset\medium_notext\0171_cut_005.jpg,0171_cut_005.jpg,0171,medium_notext,medium,0,medium_notext,train,1467
C:\Temp\shot-classification\labeled_dataset\medium_notext\0171_cut_007.jpg,0171_cut_007.jpg,0171,medium_notext,medium,0,medium_notext,train,1468
C:\Temp\shot-classification\labeled_dataset\close-up_notext\0172_cut_001.jpg,0172_cut_001.jpg,0172,close-up_notext,close-up,0,close-up_notext,train,1469
C:\Temp\shot-classification\labeled_dataset\close-up_notext\0172_cut_002.jpg,0172_cut_002.jpg,0172,close-up_notext,close-up,0,close-up_notext,train,1470
C:\Temp\shot-classification\labeled_dataset\close-up_notext\0172_cut_004.jpg,0172_cut_004.jpg,0172,close-up_notext,close-up,0,close-up_notext,train,1471
C:\Temp\shot-classification\labeled_dataset\close-up_notext\0172_cut_006.jpg,0172_cut_006.jpg,0172,close-up_notext,close-up,0,close-up_notext,train,1472
C:\Temp\shot-classification\labeled_dataset\close-up_notext\0172_cut_009.jpg,0172_cut_009.jpg,0172,close-up_notext,close-up,0,close-up_notext,train,1473
C:\Temp\shot-classification\labeled_dataset\close-up_notext\0172_cut_011.jpg,0172_cut_011.jpg,0172,close-up_notext,close-up,0,close-up_notext,train,1474
C:\Temp\shot-classification\labeled_dataset\close-up_notext\0172_cut_012.jpg,0172_cut_012.jpg,0172,close-up_notext,close-up,0,close-up_notext,train,1475
C:\Temp\shot-classification\labeled_dataset\close-up_notext\0172_cut_013.jpg,0172_cut_013.jpg,0172,close-up_notext,close-up,0,close-up_notext,train,1476
C:\Temp\shot-classification\labeled_dataset\close-up_notext\0172_cut_015.jpg,0172_cut_015.jpg,0172,close-up_notext,close-up,0,close-up_notext,train,1477
C:\Temp\shot-classification\labeled_dataset\close-up_notext\0172_cut_019.jpg,0172_cut_019.jpg,0172,close-up_notext,close-up,0,close-up_notext,train,1478
C:\Temp\shot-classification\labeled_dataset\close-up_notext\0172_cut_024.jpg,0172_cut_024.jpg,0172,close-up_notext,close-up,0,close-up_notext,train,1479
C:\Temp\shot-classification\labeled_dataset\close-up_text\0172_cut_003.jpg,0172_cut_003.jpg,0172,close-up_text,close-up,1,close-up_text,train,1480
C:\Temp\shot-classification\labeled_dataset\close-up_text\0172_cut_005.jpg,0172_cut_005.jpg,0172,close-up_text,close-up,1,close-up_text,train,1481
C:\Temp\shot-classification\labeled_dataset\close-up_text\0172_cut_007.jpg,0172_cut_007.jpg,0172,close-up_text,close-up,1,close-up_text,train,1482
C:\Temp\shot-classification\labeled_dataset\close-up_text\0172_cut_008.jpg,0172_cut_008.jpg,0172,close-up_text,close-up,1,close-up_text,train,1483
C:\Temp\shot-classification\labeled_dataset\close-up_text\0172_cut_010.jpg,0172_cut_010.jpg,0172,close-up_text,close-up,1,close-up_text,train,1484
C:\Temp\shot-classification\labeled_dataset\close-up_text\0172_cut_014.jpg,0172_cut_014.jpg,0172,close-up_text,close-up,1,close-up_text,train,1485
C:\Temp\shot-classification\labeled_dataset\close-up_text\0172_cut_016.jpg,0172_cut_016.jpg,0172,close-up_text,close-up,1,close-up_text,train,1486
C:\Temp\shot-classification\labeled_dataset\close-up_text\0172_cut_017.jpg,0172_cut_017.jpg,0172,close-up_text,close-up,1,close-up_text,train,1487
C:\Temp\shot-classification\labeled_dataset\close-up_text\0172_cut_018.jpg,0172_cut_018.jpg,0172,close-up_text,close-up,1,close-up_text,train,1488
C:\Temp\shot-classification\labeled_dataset\close-up_text\0172_cut_020.jpg,0172_cut_020.jpg,0172,close-up_text,close-up,1,close-up_text,train,1489
C:\Temp\shot-classification\labeled_dataset\close-up_text\0172_cut_021.jpg,0172_cut_021.jpg,0172,close-up_text,close-up,1,close-up_text,train,1490
C:\Temp\shot-classification\labeled_dataset\close-up_text\0172_cut_022.jpg,0172_cut_022.jpg,0172,close-up_text,close-up,1,close-up_text,train,1491
C:\Temp\shot-classification\labeled_dataset\close-up_text\0172_cut_023.jpg,0172_cut_023.jpg,0172,close-up_text,close-up,1,close-up_text,train,1492
C:\Temp\shot-classification\labeled_dataset\close-up_text\0172_cut_025.jpg,0172_cut_025.jpg,0172,close-up_text,close-up,1,close-up_text,train,1493
C:\Temp\shot-classification\labeled_dataset\close-up_notext\0173_cut_004.jpg,0173_cut_004.jpg,0173,close-up_notext,close-up,0,close-up_notext,val,1494
C:\Temp\shot-classification\labeled_dataset\close-up_text\0173_cut_002.jpg,0173_cut_002.jpg,0173,close-up_text,close-up,1,close-up_text,val,1495
C:\Temp\shot-classification\labeled_dataset\medium_text\0173_cut_001.jpg,0173_cut_001.jpg,0173,medium_text,medium,1,medium_text,val,1496
C:\Temp\shot-classification\labeled_dataset\medium_text\0173_cut_003.jpg,0173_cut_003.jpg,0173,medium_text,medium,1,medium_text,val,1497
C:\Temp\shot-classification\labeled_dataset\medium_text\0173_cut_005.jpg,0173_cut_005.jpg,0173,medium_text,medium,1,medium_text,val,1498
C:\Temp\shot-classification\labeled_dataset\medium_text\0173_cut_006.jpg,0173_cut_006.jpg,0173,medium_text,medium,1,medium_text,val,1499
C:\Temp\shot-classification\labeled_dataset\medium_text\0173_cut_007.jpg,0173_cut_007.jpg,0173,medium_text,medium,1,medium_text,val,1500
C:\Temp\shot-classification\labeled_dataset\medium_text\0173_cut_008.jpg,0173_cut_008.jpg,0173,medium_text,medium,1,medium_text,val,1501
C:\Temp\shot-classification\labeled_dataset\medium_text\0173_cut_009.jpg,0173_cut_009.jpg,0173,medium_text,medium,1,medium_text,val,1502
C:\Temp\shot-classification\labeled_dataset\close-up_text\0174_cut_013.jpg,0174_cut_013.jpg,0174,close-up_text,close-up,1,close-up_text,train,1503
C:\Temp\shot-classification\labeled_dataset\close-up_text\0174_cut_014.jpg,0174_cut_014.jpg,0174,close-up_text,close-up,1,close-up_text,train,1504
C:\Temp\shot-classification\labeled_dataset\close-up_text\0174_cut_015.jpg,0174_cut_015.jpg,0174,close-up_text,close-up,1,close-up_text,train,1505
C:\Temp\shot-classification\labeled_dataset\medium_text\0174_cut_001.jpg,0174_cut_001.jpg,0174,medium_text,medium,1,medium_text,train,1506
C:\Temp\shot-classification\labeled_dataset\medium_text\0174_cut_002.jpg,0174_cut_002.jpg,0174,medium_text,medium,1,medium_text,train,1507
C:\Temp\shot-classification\labeled_dataset\medium_text\0174_cut_004.jpg,0174_cut_004.jpg,0174,medium_text,medium,1,medium_text,train,1508
C:\Temp\shot-classification\labeled_dataset\medium_text\0174_cut_005.jpg,0174_cut_005.jpg,0174,medium_text,medium,1,medium_text,train,1509
C:\Temp\shot-classification\labeled_dataset\medium_text\0174_cut_006.jpg,0174_cut_006.jpg,0174,medium_text,medium,1,medium_text,train,1510
C:\Temp\shot-classification\labeled_dataset\medium_text\0174_cut_007.jpg,0174_cut_007.jpg,0174,medium_text,medium,1,medium_text,train,1511
C:\Temp\shot-classification\labeled_dataset\medium_text\0174_cut_008.jpg,0174_cut_008.jpg,0174,medium_text,medium,1,medium_text,train,1512
C:\Temp\shot-classification\labeled_dataset\medium_text\0174_cut_009.jpg,0174_cut_009.jpg,0174,medium_text,medium,1,medium_text,train,1513
C:\Temp\shot-classification\labeled_dataset\medium_text\0174_cut_010.jpg,0174_cut_010.jpg,0174,medium_text,medium,1,medium_text,train,1514
C:\Temp\shot-classification\labeled_dataset\medium_text\0174_cut_011.jpg,0174_cut_011.jpg,0174,medium_text,medium,1,medium_text,train,1515
C:\Temp\shot-classification\labeled_dataset\medium_text\0174_cut_012.jpg,0174_cut_012.jpg,0174,medium_text,medium,1,medium_text,train,1516
C:\Temp\shot-classification\labeled_dataset\medium_text\0174_cut_016.jpg,0174_cut_016.jpg,0174,medium_text,medium,1,medium_text,train,1517
C:\Temp\shot-classification\labeled_dataset\medium_text\0174_cut_017.jpg,0174_cut_017.jpg,0174,medium_text,medium,1,medium_text,train,1518
C:\Temp\shot-classification\labeled_dataset\object_text\0174_cut_003.jpg,0174_cut_003.jpg,0174,object_text,object,1,object_text,train,1519
C:\Temp\shot-classification\labeled_dataset\close-up_notext\0175_cut_001.jpg,0175_cut_001.jpg,0175,close-up_notext,close-up,0,close-up_notext,val,1520
C:\Temp\shot-classification\labeled_dataset\close-up_notext\0175_cut_012.jpg,0175_cut_012.jpg,0175,close-up_notext,close-up,0,close-up_notext,val,1521
C:\Temp\shot-classification\labeled_dataset\close-up_text\0175_cut_002.jpg,0175_cut_002.jpg,0175,close-up_text,close-up,1,close-up_text,val,1522
C:\Temp\shot-classification\labeled_dataset\close-up_text\0175_cut_003.jpg,0175_cut_003.jpg,0175,close-up_text,close-up,1,close-up_text,val,1523
C:\Temp\shot-classification\labeled_dataset\close-up_text\0175_cut_004.jpg,0175_cut_004.jpg,0175,close-up_text,close-up,1,close-up_text,val,1524
C:\Temp\shot-classification\labeled_dataset\close-up_text\0175_cut_005.jpg,0175_cut_005.jpg,0175,close-up_text,close-up,1,close-up_text,val,1525
C:\Temp\shot-classification\labeled_dataset\close-up_text\0175_cut_006.jpg,0175_cut_006.jpg,0175,close-up_text,close-up,1,close-up_text,val,1526
C:\Temp\shot-classification\labeled_dataset\close-up_text\0175_cut_007.jpg,0175_cut_007.jpg,0175,close-up_text,close-up,1,close-up_text,val,1527
C:\Temp\shot-classification\labeled_dataset\close-up_text\0175_cut_008.jpg,0175_cut_008.jpg,0175,close-up_text,close-up,1,close-up_text,val,1528
C:\Temp\shot-classification\labeled_dataset\close-up_text\0175_cut_009.jpg,0175_cut_009.jpg,0175,close-up_text,close-up,1,close-up_text,val,1529
C:\Temp\shot-classification\labeled_dataset\close-up_text\0175_cut_010.jpg,0175_cut_010.jpg,0175,close-up_text,close-up,1,close-up_text,val,1530
C:\Temp\shot-classification\labeled_dataset\close-up_text\0175_cut_011.jpg,0175_cut_011.jpg,0175,close-up_text,close-up,1,close-up_text,val,1531
C:\Temp\shot-classification\labeled_dataset\close-up_text\0176_cut_001.jpg,0176_cut_001.jpg,0176,close-up_text,close-up,1,close-up_text,train,1532
C:\Temp\shot-classification\labeled_dataset\close-up_text\0176_cut_008.jpg,0176_cut_008.jpg,0176,close-up_text,close-up,1,close-up_text,train,1533
C:\Temp\shot-classification\labeled_dataset\close-up_text\0176_cut_010.jpg,0176_cut_010.jpg,0176,close-up_text,close-up,1,close-up_text,train,1534
C:\Temp\shot-classification\labeled_dataset\close-up_text\0176_cut_012.jpg,0176_cut_012.jpg,0176,close-up_text,close-up,1,close-up_text,train,1535
C:\Temp\shot-classification\labeled_dataset\medium_text\0176_cut_004.jpg,0176_cut_004.jpg,0176,medium_text,medium,1,medium_text,train,1536
C:\Temp\shot-classification\labeled_dataset\medium_text\0176_cut_006.jpg,0176_cut_006.jpg,0176,medium_text,medium,1,medium_text,train,1537
C:\Temp\shot-classification\labeled_dataset\medium_text\0176_cut_013.jpg,0176_cut_013.jpg,0176,medium_text,medium,1,medium_text,train,1538
C:\Temp\shot-classification\labeled_dataset\medium_text\0176_cut_016.jpg,0176_cut_016.jpg,0176,medium_text,medium,1,medium_text,train,1539
C:\Temp\shot-classification\labeled_dataset\space_text\0176_cut_005.jpg,0176_cut_005.jpg,0176,space_text,space,1,space_text,train,1540
C:\Temp\shot-classification\labeled_dataset\close-up_notext\0177_cut_001.jpg,0177_cut_001.jpg,0177,close-up_notext,close-up,0,close-up_notext,train,1541
C:\Temp\shot-classification\labeled_dataset\close-up_notext\0177_cut_002.jpg,0177_cut_002.jpg,0177,close-up_notext,close-up,0,close-up_notext,train,1542
C:\Temp\shot-classification\labeled_dataset\close-up_notext\0177_cut_003.jpg,0177_cut_003.jpg,0177,close-up_notext,close-up,0,close-up_notext,train,1543
C:\Temp\shot-classification\labeled_dataset\close-up_notext\0177_cut_004.jpg,0177_cut_004.jpg,0177,close-up_notext,close-up,0,close-up_notext,train,1544
C:\Temp\shot-classification\labeled_dataset\close-up_notext\0178_cut_001.jpg,0178_cut_001.jpg,0178,close-up_notext,close-up,0,close-up_notext,train,1545
C:\Temp\shot-classification\labeled_dataset\close-up_text\0178_cut_003.jpg,0178_cut_003.jpg,0178,close-up_text,close-up,1,close-up_text,train,1546
C:\Temp\shot-classification\labeled_dataset\close-up_text\0178_cut_004.jpg,0178_cut_004.jpg,0178,close-up_text,close-up,1,close-up_text,train,1547
C:\Temp\shot-classification\labeled_dataset\close-up_text\0178_cut_005.jpg,0178_cut_005.jpg,0178,close-up_text,close-up,1,close-up_text,train,1548
C:\Temp\shot-classification\labeled_dataset\close-up_text\0178_cut_007.jpg,0178_cut_007.jpg,0178,close-up_text,close-up,1,close-up_text,train,1549
C:\Temp\shot-classification\labeled_dataset\close-up_text\0178_cut_008.jpg,0178_cut_008.jpg,0178,close-up_text,close-up,1,close-up_text,train,1550
C:\Temp\shot-classification\labeled_dataset\close-up_text\0178_cut_009.jpg,0178_cut_009.jpg,0178,close-up_text,close-up,1,close-up_text,train,1551
C:\Temp\shot-classification\labeled_dataset\close-up_text\0178_cut_010.jpg,0178_cut_010.jpg,0178,close-up_text,close-up,1,close-up_text,train,1552
C:\Temp\shot-classification\labeled_dataset\close-up_text\0178_cut_011.jpg,0178_cut_011.jpg,0178,close-up_text,close-up,1,close-up_text,train,1553
C:\Temp\shot-classification\labeled_dataset\close-up_text\0178_cut_012.jpg,0178_cut_012.jpg,0178,close-up_text,close-up,1,close-up_text,train,1554
C:\Temp\shot-classification\labeled_dataset\close-up_text\0178_cut_013.jpg,0178_cut_013.jpg,0178,close-up_text,close-up,1,close-up_text,train,1555
C:\Temp\shot-classification\labeled_dataset\close-up_text\0178_cut_014.jpg,0178_cut_014.jpg,0178,close-up_text,close-up,1,close-up_text,train,1556
C:\Temp\shot-classification\labeled_dataset\close-up_text\0178_cut_015.jpg,0178_cut_015.jpg,0178,close-up_text,close-up,1,close-up_text,train,1557
C:\Temp\shot-classification\labeled_dataset\close-up_text\0178_cut_016.jpg,0178_cut_016.jpg,0178,close-up_text,close-up,1,close-up_text,train,1558
C:\Temp\shot-classification\labeled_dataset\close-up_text\0178_cut_017.jpg,0178_cut_017.jpg,0178,close-up_text,close-up,1,close-up_text,train,1559
C:\Temp\shot-classification\labeled_dataset\close-up_text\0178_cut_018.jpg,0178_cut_018.jpg,0178,close-up_text,close-up,1,close-up_text,train,1560
C:\Temp\shot-classification\labeled_dataset\medium_notext\0178_cut_006.jpg,0178_cut_006.jpg,0178,medium_notext,medium,0,medium_notext,train,1561
C:\Temp\shot-classification\labeled_dataset\medium_text\0178_cut_002.jpg,0178_cut_002.jpg,0178,medium_text,medium,1,medium_text,train,1562
C:\Temp\shot-classification\labeled_dataset\medium_text\0178_cut_019.jpg,0178_cut_019.jpg,0178,medium_text,medium,1,medium_text,train,1563
C:\Temp\shot-classification\labeled_dataset\close-up_text\0179_cut_001.jpg,0179_cut_001.jpg,0179,close-up_text,close-up,1,close-up_text,test,1564
C:\Temp\shot-classification\labeled_dataset\close-up_text\0180_cut_001.jpg,0180_cut_001.jpg,0180,close-up_text,close-up,1,close-up_text,val,1565
C:\Temp\shot-classification\labeled_dataset\close-up_text\0180_cut_002.jpg,0180_cut_002.jpg,0180,close-up_text,close-up,1,close-up_text,val,1566
C:\Temp\shot-classification\labeled_dataset\close-up_text\0180_cut_010.jpg,0180_cut_010.jpg,0180,close-up_text,close-up,1,close-up_text,val,1567
C:\Temp\shot-classification\labeled_dataset\medium_text\0180_cut_003.jpg,0180_cut_003.jpg,0180,medium_text,medium,1,medium_text,val,1568
C:\Temp\shot-classification\labeled_dataset\medium_text\0180_cut_004.jpg,0180_cut_004.jpg,0180,medium_text,medium,1,medium_text,val,1569
C:\Temp\shot-classification\labeled_dataset\medium_text\0180_cut_005.jpg,0180_cut_005.jpg,0180,medium_text,medium,1,medium_text,val,1570
C:\Temp\shot-classification\labeled_dataset\medium_text\0180_cut_006.jpg,0180_cut_006.jpg,0180,medium_text,medium,1,medium_text,val,1571
C:\Temp\shot-classification\labeled_dataset\medium_text\0180_cut_007.jpg,0180_cut_007.jpg,0180,medium_text,medium,1,medium_text,val,1572
C:\Temp\shot-classification\labeled_dataset\medium_text\0180_cut_008.jpg,0180_cut_008.jpg,0180,medium_text,medium,1,medium_text,val,1573
C:\Temp\shot-classification\labeled_dataset\medium_text\0180_cut_009.jpg,0180_cut_009.jpg,0180,medium_text,medium,1,medium_text,val,1574
C:\Temp\shot-classification\labeled_dataset\medium_text\0180_cut_011.jpg,0180_cut_011.jpg,0180,medium_text,medium,1,medium_text,val,1575
C:\Temp\shot-classification\labeled_dataset\medium_text\0180_cut_012.jpg,0180_cut_012.jpg,0180,medium_text,medium,1,medium_text,val,1576
C:\Temp\shot-classification\labeled_dataset\medium_text\0180_cut_013.jpg,0180_cut_013.jpg,0180,medium_text,medium,1,medium_text,val,1577
C:\Temp\shot-classification\labeled_dataset\close-up_text\0181_cut_001.jpg,0181_cut_001.jpg,0181,close-up_text,close-up,1,close-up_text,train,1578
C:\Temp\shot-classification\labeled_dataset\close-up_text\0181_cut_002.jpg,0181_cut_002.jpg,0181,close-up_text,close-up,1,close-up_text,train,1579
C:\Temp\shot-classification\labeled_dataset\close-up_text\0181_cut_007.jpg,0181_cut_007.jpg,0181,close-up_text,close-up,1,close-up_text,train,1580
C:\Temp\shot-classification\labeled_dataset\medium_text\0181_cut_005.jpg,0181_cut_005.jpg,0181,medium_text,medium,1,medium_text,train,1581
C:\Temp\shot-classification\labeled_dataset\object_text\0181_cut_006.jpg,0181_cut_006.jpg,0181,object_text,object,1,object_text,train,1582
C:\Temp\shot-classification\labeled_dataset\wide_text\0181_cut_003.jpg,0181_cut_003.jpg,0181,wide_text,wide,1,wide_text,train,1583
C:\Temp\shot-classification\labeled_dataset\wide_text\0181_cut_004.jpg,0181_cut_004.jpg,0181,wide_text,wide,1,wide_text,train,1584
C:\Temp\shot-classification\labeled_dataset\close-up_notext\0182_cut_005.jpg,0182_cut_005.jpg,0182,close-up_notext,close-up,0,close-up_notext,train,1585
C:\Temp\shot-classification\labeled_dataset\close-up_text\0182_cut_001.jpg,0182_cut_001.jpg,0182,close-up_text,close-up,1,close-up_text,train,1586
C:\Temp\shot-classification\labeled_dataset\close-up_text\0182_cut_007.jpg,0182_cut_007.jpg,0182,close-up_text,close-up,1,close-up_text,train,1587
C:\Temp\shot-classification\labeled_dataset\close-up_notext\0183_cut_002.jpg,0183_cut_002.jpg,0183,close-up_notext,close-up,0,close-up_notext,train,1588
C:\Temp\shot-classification\labeled_dataset\medium_notext\0183_cut_001.jpg,0183_cut_001.jpg,0183,medium_notext,medium,0,medium_notext,train,1589
C:\Temp\shot-classification\labeled_dataset\close-up_text\0184_cut_001.jpg,0184_cut_001.jpg,0184,close-up_text,close-up,1,close-up_text,train,1590
C:\Temp\shot-classification\labeled_dataset\close-up_text\0184_cut_002.jpg,0184_cut_002.jpg,0184,close-up_text,close-up,1,close-up_text,train,1591
C:\Temp\shot-classification\labeled_dataset\medium_text\0184_cut_003.jpg,0184_cut_003.jpg,0184,medium_text,medium,1,medium_text,train,1592
C:\Temp\shot-classification\labeled_dataset\medium_text\0184_cut_004.jpg,0184_cut_004.jpg,0184,medium_text,medium,1,medium_text,train,1593
C:\Temp\shot-classification\labeled_dataset\close-up_notext\0185_cut_001.jpg,0185_cut_001.jpg,0185,close-up_notext,close-up,0,close-up_notext,test,1594
C:\Temp\shot-classification\labeled_dataset\close-up_notext\0185_cut_002.jpg,0185_cut_002.jpg,0185,close-up_notext,close-up,0,close-up_notext,test,1595
C:\Temp\shot-classification\labeled_dataset\close-up_notext\0185_cut_003.jpg,0185_cut_003.jpg,0185,close-up_notext,close-up,0,close-up_notext,test,1596
C:\Temp\shot-classification\labeled_dataset\close-up_notext\0185_cut_004.jpg,0185_cut_004.jpg,0185,close-up_notext,close-up,0,close-up_notext,test,1597
C:\Temp\shot-classification\labeled_dataset\close-up_notext\0185_cut_005.jpg,0185_cut_005.jpg,0185,close-up_notext,close-up,0,close-up_notext,test,1598
C:\Temp\shot-classification\labeled_dataset\close-up_text\0186_cut_001.jpg,0186_cut_001.jpg,0186,close-up_text,close-up,1,close-up_text,train,1599
C:\Temp\shot-classification\labeled_dataset\close-up_text\0186_cut_003.jpg,0186_cut_003.jpg,0186,close-up_text,close-up,1,close-up_text,train,1600
C:\Temp\shot-classification\labeled_dataset\close-up_text\0186_cut_004.jpg,0186_cut_004.jpg,0186,close-up_text,close-up,1,close-up_text,train,1601
C:\Temp\shot-classification\labeled_dataset\close-up_text\0186_cut_005.jpg,0186_cut_005.jpg,0186,close-up_text,close-up,1,close-up_text,train,1602
C:\Temp\shot-classification\labeled_dataset\close-up_text\0186_cut_006.jpg,0186_cut_006.jpg,0186,close-up_text,close-up,1,close-up_text,train,1603
C:\Temp\shot-classification\labeled_dataset\close-up_text\0186_cut_007.jpg,0186_cut_007.jpg,0186,close-up_text,close-up,1,close-up_text,train,1604
C:\Temp\shot-classification\labeled_dataset\medium_text\0187_cut_001.jpg,0187_cut_001.jpg,0187,medium_text,medium,1,medium_text,val,1605
C:\Temp\shot-classification\labeled_dataset\medium_text\0187_cut_003.jpg,0187_cut_003.jpg,0187,medium_text,medium,1,medium_text,val,1606
C:\Temp\shot-classification\labeled_dataset\medium_text\0187_cut_005.jpg,0187_cut_005.jpg,0187,medium_text,medium,1,medium_text,val,1607
C:\Temp\shot-classification\labeled_dataset\object_text\0187_cut_002.jpg,0187_cut_002.jpg,0187,object_text,object,1,object_text,val,1608
C:\Temp\shot-classification\labeled_dataset\object_text\0187_cut_004.jpg,0187_cut_004.jpg,0187,object_text,object,1,object_text,val,1609
C:\Temp\shot-classification\labeled_dataset\medium_text\0188_cut_001.jpg,0188_cut_001.jpg,0188,medium_text,medium,1,medium_text,train,1610
C:\Temp\shot-classification\labeled_dataset\medium_text\0188_cut_003.jpg,0188_cut_003.jpg,0188,medium_text,medium,1,medium_text,train,1611
C:\Temp\shot-classification\labeled_dataset\medium_text\0188_cut_004.jpg,0188_cut_004.jpg,0188,medium_text,medium,1,medium_text,train,1612
C:\Temp\shot-classification\labeled_dataset\medium_text\0188_cut_006.jpg,0188_cut_006.jpg,0188,medium_text,medium,1,medium_text,train,1613
C:\Temp\shot-classification\labeled_dataset\object_text\0188_cut_002.jpg,0188_cut_002.jpg,0188,object_text,object,1,object_text,train,1614
C:\Temp\shot-classification\labeled_dataset\object_text\0188_cut_005.jpg,0188_cut_005.jpg,0188,object_text,object,1,object_text,train,1615
C:\Temp\shot-classification\labeled_dataset\close-up_text\0189_cut_002.jpg,0189_cut_002.jpg,0189,close-up_text,close-up,1,close-up_text,test,1616
C:\Temp\shot-classification\labeled_dataset\close-up_text\0189_cut_003.jpg,0189_cut_003.jpg,0189,close-up_text,close-up,1,close-up_text,test,1617
C:\Temp\shot-classification\labeled_dataset\close-up_text\0189_cut_004.jpg,0189_cut_004.jpg,0189,close-up_text,close-up,1,close-up_text,test,1618
C:\Temp\shot-classification\labeled_dataset\close-up_text\0189_cut_006.jpg,0189_cut_006.jpg,0189,close-up_text,close-up,1,close-up_text,test,1619
C:\Temp\shot-classification\labeled_dataset\close-up_text\0190_cut_004.jpg,0190_cut_004.jpg,0190,close-up_text,close-up,1,close-up_text,train,1620
C:\Temp\shot-classification\labeled_dataset\medium_text\0190_cut_001.jpg,0190_cut_001.jpg,0190,medium_text,medium,1,medium_text,train,1621
C:\Temp\shot-classification\labeled_dataset\medium_text\0190_cut_005.jpg,0190_cut_005.jpg,0190,medium_text,medium,1,medium_text,train,1622
C:\Temp\shot-classification\labeled_dataset\medium_text\0190_cut_007.jpg,0190_cut_007.jpg,0190,medium_text,medium,1,medium_text,train,1623
C:\Temp\shot-classification\labeled_dataset\medium_text\0190_cut_009.jpg,0190_cut_009.jpg,0190,medium_text,medium,1,medium_text,train,1624
C:\Temp\shot-classification\labeled_dataset\medium_text\0190_cut_010.jpg,0190_cut_010.jpg,0190,medium_text,medium,1,medium_text,train,1625
C:\Temp\shot-classification\labeled_dataset\medium_text\0190_cut_012.jpg,0190_cut_012.jpg,0190,medium_text,medium,1,medium_text,train,1626
C:\Temp\shot-classification\labeled_dataset\wide_text\0190_cut_002.jpg,0190_cut_002.jpg,0190,wide_text,wide,1,wide_text,train,1627
C:\Temp\shot-classification\labeled_dataset\wide_text\0190_cut_003.jpg,0190_cut_003.jpg,0190,wide_text,wide,1,wide_text,train,1628
C:\Temp\shot-classification\labeled_dataset\wide_text\0190_cut_006.jpg,0190_cut_006.jpg,0190,wide_text,wide,1,wide_text,train,1629
C:\Temp\shot-classification\labeled_dataset\wide_text\0190_cut_008.jpg,0190_cut_008.jpg,0190,wide_text,wide,1,wide_text,train,1630
C:\Temp\shot-classification\labeled_dataset\wide_text\0190_cut_011.jpg,0190_cut_011.jpg,0190,wide_text,wide,1,wide_text,train,1631
C:\Temp\shot-classification\labeled_dataset\wide_text\0190_cut_013.jpg,0190_cut_013.jpg,0190,wide_text,wide,1,wide_text,train,1632
C:\Temp\shot-classification\labeled_dataset\medium_text\0191_cut_001.jpg,0191_cut_001.jpg,0191,medium_text,medium,1,medium_text,train,1633
C:\Temp\shot-classification\labeled_dataset\medium_text\0191_cut_002.jpg,0191_cut_002.jpg,0191,medium_text,medium,1,medium_text,train,1634
C:\Temp\shot-classification\labeled_dataset\medium_text\0191_cut_003.jpg,0191_cut_003.jpg,0191,medium_text,medium,1,medium_text,train,1635
C:\Temp\shot-classification\labeled_dataset\medium_text\0191_cut_004.jpg,0191_cut_004.jpg,0191,medium_text,medium,1,medium_text,train,1636
C:\Temp\shot-classification\labeled_dataset\medium_text\0191_cut_005.jpg,0191_cut_005.jpg,0191,medium_text,medium,1,medium_text,train,1637
C:\Temp\shot-classification\labeled_dataset\close-up_text\0192_cut_003.jpg,0192_cut_003.jpg,0192,close-up_text,close-up,1,close-up_text,train,1638
C:\Temp\shot-classification\labeled_dataset\close-up_text\0192_cut_010.jpg,0192_cut_010.jpg,0192,close-up_text,close-up,1,close-up_text,train,1639
C:\Temp\shot-classification\labeled_dataset\close-up_text\0192_cut_012.jpg,0192_cut_012.jpg,0192,close-up_text,close-up,1,close-up_text,train,1640
C:\Temp\shot-classification\labeled_dataset\object_text\0192_cut_001.jpg,0192_cut_001.jpg,0192,object_text,object,1,object_text,train,1641
C:\Temp\shot-classification\labeled_dataset\object_text\0192_cut_002.jpg,0192_cut_002.jpg,0192,object_text,object,1,object_text,train,1642
C:\Temp\shot-classification\labeled_dataset\object_text\0192_cut_004.jpg,0192_cut_004.jpg,0192,object_text,object,1,object_text,train,1643
C:\Temp\shot-classification\labeled_dataset\object_text\0192_cut_005.jpg,0192_cut_005.jpg,0192,object_text,object,1,object_text,train,1644
C:\Temp\shot-classification\labeled_dataset\object_text\0192_cut_006.jpg,0192_cut_006.jpg,0192,object_text,object,1,object_text,train,1645
C:\Temp\shot-classification\labeled_dataset\object_text\0192_cut_007.jpg,0192_cut_007.jpg,0192,object_text,object,1,object_text,train,1646
C:\Temp\shot-classification\labeled_dataset\object_text\0192_cut_008.jpg,0192_cut_008.jpg,0192,object_text,object,1,object_text,train,1647
C:\Temp\shot-classification\labeled_dataset\object_text\0192_cut_009.jpg,0192_cut_009.jpg,0192,object_text,object,1,object_text,train,1648
C:\Temp\shot-classification\labeled_dataset\object_text\0192_cut_011.jpg,0192_cut_011.jpg,0192,object_text,object,1,object_text,train,1649
C:\Temp\shot-classification\labeled_dataset\close-up_text\0194_cut_004.jpg,0194_cut_004.jpg,0194,close-up_text,close-up,1,close-up_text,test,1650
C:\Temp\shot-classification\labeled_dataset\close-up_text\0194_cut_005.jpg,0194_cut_005.jpg,0194,close-up_text,close-up,1,close-up_text,test,1651
C:\Temp\shot-classification\labeled_dataset\medium_text\0194_cut_001.jpg,0194_cut_001.jpg,0194,medium_text,medium,1,medium_text,test,1652
C:\Temp\shot-classification\labeled_dataset\medium_text\0194_cut_002.jpg,0194_cut_002.jpg,0194,medium_text,medium,1,medium_text,test,1653
C:\Temp\shot-classification\labeled_dataset\close-up_text\0195_cut_001.jpg,0195_cut_001.jpg,0195,close-up_text,close-up,1,close-up_text,train,1654
C:\Temp\shot-classification\labeled_dataset\close-up_text\0195_cut_002.jpg,0195_cut_002.jpg,0195,close-up_text,close-up,1,close-up_text,train,1655
C:\Temp\shot-classification\labeled_dataset\close-up_text\0195_cut_003.jpg,0195_cut_003.jpg,0195,close-up_text,close-up,1,close-up_text,train,1656
C:\Temp\shot-classification\labeled_dataset\close-up_text\0195_cut_004.jpg,0195_cut_004.jpg,0195,close-up_text,close-up,1,close-up_text,train,1657
C:\Temp\shot-classification\labeled_dataset\close-up_text\0195_cut_005.jpg,0195_cut_005.jpg,0195,close-up_text,close-up,1,close-up_text,train,1658
C:\Temp\shot-classification\labeled_dataset\close-up_text\0195_cut_006.jpg,0195_cut_006.jpg,0195,close-up_text,close-up,1,close-up_text,train,1659
C:\Temp\shot-classification\labeled_dataset\close-up_text\0195_cut_007.jpg,0195_cut_007.jpg,0195,close-up_text,close-up,1,close-up_text,train,1660
C:\Temp\shot-classification\labeled_dataset\close-up_text\0195_cut_008.jpg,0195_cut_008.jpg,0195,close-up_text,close-up,1,close-up_text,train,1661
C:\Temp\shot-classification\labeled_dataset\close-up_text\0195_cut_009.jpg,0195_cut_009.jpg,0195,close-up_text,close-up,1,close-up_text,train,1662
C:\Temp\shot-classification\labeled_dataset\close-up_text\0195_cut_010.jpg,0195_cut_010.jpg,0195,close-up_text,close-up,1,close-up_text,train,1663
C:\Temp\shot-classification\labeled_dataset\close-up_text\0195_cut_011.jpg,0195_cut_011.jpg,0195,close-up_text,close-up,1,close-up_text,train,1664
C:\Temp\shot-classification\labeled_dataset\close-up_text\0195_cut_012.jpg,0195_cut_012.jpg,0195,close-up_text,close-up,1,close-up_text,train,1665
C:\Temp\shot-classification\labeled_dataset\close-up_text\0196_cut_001(1).jpg,0196_cut_001(1).jpg,0196,close-up_text,close-up,1,close-up_text,train,1666
C:\Temp\shot-classification\labeled_dataset\close-up_text\0196_cut_001.jpg,0196_cut_001.jpg,0196,close-up_text,close-up,1,close-up_text,train,1667
C:\Temp\shot-classification\labeled_dataset\close-up_text\0196_cut_002(1).jpg,0196_cut_002(1).jpg,0196,close-up_text,close-up,1,close-up_text,train,1668
C:\Temp\shot-classification\labeled_dataset\close-up_text\0196_cut_002.jpg,0196_cut_002.jpg,0196,close-up_text,close-up,1,close-up_text,train,1669
C:\Temp\shot-classification\labeled_dataset\close-up_text\0196_cut_003(1).jpg,0196_cut_003(1).jpg,0196,close-up_text,close-up,1,close-up_text,train,1670
C:\Temp\shot-classification\labeled_dataset\close-up_text\0196_cut_003.jpg,0196_cut_003.jpg,0196,close-up_text,close-up,1,close-up_text,train,1671
C:\Temp\shot-classification\labeled_dataset\close-up_text\0196_cut_004(1).jpg,0196_cut_004(1).jpg,0196,close-up_text,close-up,1,close-up_text,train,1672
C:\Temp\shot-classification\labeled_dataset\close-up_text\0196_cut_004.jpg,0196_cut_004.jpg,0196,close-up_text,close-up,1,close-up_text,train,1673
C:\Temp\shot-classification\labeled_dataset\close-up_text\0196_cut_005(1).jpg,0196_cut_005(1).jpg,0196,close-up_text,close-up,1,close-up_text,train,1674
C:\Temp\shot-classification\labeled_dataset\close-up_text\0196_cut_005.jpg,0196_cut_005.jpg,0196,close-up_text,close-up,1,close-up_text,train,1675
C:\Temp\shot-classification\labeled_dataset\close-up_text\0196_cut_006(1).jpg,0196_cut_006(1).jpg,0196,close-up_text,close-up,1,close-up_text,train,1676
C:\Temp\shot-classification\labeled_dataset\close-up_text\0196_cut_006.jpg,0196_cut_006.jpg,0196,close-up_text,close-up,1,close-up_text,train,1677
C:\Temp\shot-classification\labeled_dataset\close-up_text\0196_cut_007(1).jpg,0196_cut_007(1).jpg,0196,close-up_text,close-up,1,close-up_text,train,1678
C:\Temp\shot-classification\labeled_dataset\close-up_text\0196_cut_007.jpg,0196_cut_007.jpg,0196,close-up_text,close-up,1,close-up_text,train,1679
C:\Temp\shot-classification\labeled_dataset\close-up_text\0196_cut_008(1).jpg,0196_cut_008(1).jpg,0196,close-up_text,close-up,1,close-up_text,train,1680
C:\Temp\shot-classification\labeled_dataset\close-up_text\0196_cut_008.jpg,0196_cut_008.jpg,0196,close-up_text,close-up,1,close-up_text,train,1681
C:\Temp\shot-classification\labeled_dataset\close-up_text\0196_cut_009(1).jpg,0196_cut_009(1).jpg,0196,close-up_text,close-up,1,close-up_text,train,1682
C:\Temp\shot-classification\labeled_dataset\close-up_text\0196_cut_009.jpg,0196_cut_009.jpg,0196,close-up_text,close-up,1,close-up_text,train,1683
C:\Temp\shot-classification\labeled_dataset\close-up_text\0196_cut_010(1).jpg,0196_cut_010(1).jpg,0196,close-up_text,close-up,1,close-up_text,train,1684
C:\Temp\shot-classification\labeled_dataset\close-up_text\0196_cut_010.jpg,0196_cut_010.jpg,0196,close-up_text,close-up,1,close-up_text,train,1685
C:\Temp\shot-classification\labeled_dataset\close-up_text\0196_cut_011(1).jpg,0196_cut_011(1).jpg,0196,close-up_text,close-up,1,close-up_text,train,1686
C:\Temp\shot-classification\labeled_dataset\close-up_text\0196_cut_011.jpg,0196_cut_011.jpg,0196,close-up_text,close-up,1,close-up_text,train,1687
C:\Temp\shot-classification\labeled_dataset\close-up_text\0196_cut_012(1).jpg,0196_cut_012(1).jpg,0196,close-up_text,close-up,1,close-up_text,train,1688
C:\Temp\shot-classification\labeled_dataset\close-up_text\0196_cut_012.jpg,0196_cut_012.jpg,0196,close-up_text,close-up,1,close-up_text,train,1689
C:\Temp\shot-classification\labeled_dataset\close-up_text\0196_cut_013(1).jpg,0196_cut_013(1).jpg,0196,close-up_text,close-up,1,close-up_text,train,1690
C:\Temp\shot-classification\labeled_dataset\close-up_text\0196_cut_013.jpg,0196_cut_013.jpg,0196,close-up_text,close-up,1,close-up_text,train,1691
C:\Temp\shot-classification\labeled_dataset\close-up_text\0196_cut_014(1).jpg,0196_cut_014(1).jpg,0196,close-up_text,close-up,1,close-up_text,train,1692
C:\Temp\shot-classification\labeled_dataset\close-up_text\0196_cut_014.jpg,0196_cut_014.jpg,0196,close-up_text,close-up,1,close-up_text,train,1693
C:\Temp\shot-classification\labeled_dataset\close-up_text\0196_cut_015(1).jpg,0196_cut_015(1).jpg,0196,close-up_text,close-up,1,close-up_text,train,1694
C:\Temp\shot-classification\labeled_dataset\close-up_text\0196_cut_015.jpg,0196_cut_015.jpg,0196,close-up_text,close-up,1,close-up_text,train,1695
C:\Temp\shot-classification\labeled_dataset\close-up_text\0196_cut_016(1).jpg,0196_cut_016(1).jpg,0196,close-up_text,close-up,1,close-up_text,train,1696
C:\Temp\shot-classification\labeled_dataset\close-up_text\0196_cut_016.jpg,0196_cut_016.jpg,0196,close-up_text,close-up,1,close-up_text,train,1697
C:\Temp\shot-classification\labeled_dataset\close-up_text\0196_cut_017(1).jpg,0196_cut_017(1).jpg,0196,close-up_text,close-up,1,close-up_text,train,1698
C:\Temp\shot-classification\labeled_dataset\close-up_text\0196_cut_017.jpg,0196_cut_017.jpg,0196,close-up_text,close-up,1,close-up_text,train,1699
C:\Temp\shot-classification\labeled_dataset\close-up_text\0196_cut_018(1).jpg,0196_cut_018(1).jpg,0196,close-up_text,close-up,1,close-up_text,train,1700
C:\Temp\shot-classification\labeled_dataset\close-up_text\0196_cut_018.jpg,0196_cut_018.jpg,0196,close-up_text,close-up,1,close-up_text,train,1701
C:\Temp\shot-classification\labeled_dataset\close-up_text\0196_cut_019(1).jpg,0196_cut_019(1).jpg,0196,close-up_text,close-up,1,close-up_text,train,1702
C:\Temp\shot-classification\labeled_dataset\close-up_text\0196_cut_019.jpg,0196_cut_019.jpg,0196,close-up_text,close-up,1,close-up_text,train,1703
C:\Temp\shot-classification\labeled_dataset\close-up_text\0196_cut_020(1).jpg,0196_cut_020(1).jpg,0196,close-up_text,close-up,1,close-up_text,train,1704
C:\Temp\shot-classification\labeled_dataset\close-up_text\0196_cut_020.jpg,0196_cut_020.jpg,0196,close-up_text,close-up,1,close-up_text,train,1705
C:\Temp\shot-classification\labeled_dataset\close-up_text\0196_cut_021(1).jpg,0196_cut_021(1).jpg,0196,close-up_text,close-up,1,close-up_text,train,1706
C:\Temp\shot-classification\labeled_dataset\close-up_text\0196_cut_021.jpg,0196_cut_021.jpg,0196,close-up_text,close-up,1,close-up_text,train,1707
C:\Temp\shot-classification\labeled_dataset\close-up_text\0196_cut_022(1).jpg,0196_cut_022(1).jpg,0196,close-up_text,close-up,1,close-up_text,train,1708
C:\Temp\shot-classification\labeled_dataset\close-up_text\0196_cut_022.jpg,0196_cut_022.jpg,0196,close-up_text,close-up,1,close-up_text,train,1709
C:\Temp\shot-classification\labeled_dataset\close-up_text\0196_cut_023(1).jpg,0196_cut_023(1).jpg,0196,close-up_text,close-up,1,close-up_text,train,1710
C:\Temp\shot-classification\labeled_dataset\close-up_text\0196_cut_023.jpg,0196_cut_023.jpg,0196,close-up_text,close-up,1,close-up_text,train,1711
C:\Temp\shot-classification\labeled_dataset\close-up_text\0196_cut_025(1).jpg,0196_cut_025(1).jpg,0196,close-up_text,close-up,1,close-up_text,train,1712
C:\Temp\shot-classification\labeled_dataset\close-up_text\0196_cut_025.jpg,0196_cut_025.jpg,0196,close-up_text,close-up,1,close-up_text,train,1713
C:\Temp\shot-classification\labeled_dataset\close-up_text\0196_cut_026(1).jpg,0196_cut_026(1).jpg,0196,close-up_text,close-up,1,close-up_text,train,1714
C:\Temp\shot-classification\labeled_dataset\close-up_text\0196_cut_026.jpg,0196_cut_026.jpg,0196,close-up_text,close-up,1,close-up_text,train,1715
C:\Temp\shot-classification\labeled_dataset\close-up_text\0196_cut_027(1).jpg,0196_cut_027(1).jpg,0196,close-up_text,close-up,1,close-up_text,train,1716
C:\Temp\shot-classification\labeled_dataset\close-up_text\0196_cut_027.jpg,0196_cut_027.jpg,0196,close-up_text,close-up,1,close-up_text,train,1717
C:\Temp\shot-classification\labeled_dataset\close-up_text\0196_cut_028(1).jpg,0196_cut_028(1).jpg,0196,close-up_text,close-up,1,close-up_text,train,1718
C:\Temp\shot-classification\labeled_dataset\close-up_text\0196_cut_028.jpg,0196_cut_028.jpg,0196,close-up_text,close-up,1,close-up_text,train,1719
C:\Temp\shot-classification\labeled_dataset\close-up_text\0196_cut_029(1).jpg,0196_cut_029(1).jpg,0196,close-up_text,close-up,1,close-up_text,train,1720
C:\Temp\shot-classification\labeled_dataset\close-up_text\0196_cut_029.jpg,0196_cut_029.jpg,0196,close-up_text,close-up,1,close-up_text,train,1721
C:\Temp\shot-classification\labeled_dataset\close-up_text\0196_cut_030(1).jpg,0196_cut_030(1).jpg,0196,close-up_text,close-up,1,close-up_text,train,1722
C:\Temp\shot-classification\labeled_dataset\close-up_text\0196_cut_030.jpg,0196_cut_030.jpg,0196,close-up_text,close-up,1,close-up_text,train,1723
C:\Temp\shot-classification\labeled_dataset\close-up_text\0196_cut_031(1).jpg,0196_cut_031(1).jpg,0196,close-up_text,close-up,1,close-up_text,train,1724
C:\Temp\shot-classification\labeled_dataset\close-up_text\0196_cut_031.jpg,0196_cut_031.jpg,0196,close-up_text,close-up,1,close-up_text,train,1725
C:\Temp\shot-classification\labeled_dataset\medium_text\0196_cut_024(1).jpg,0196_cut_024(1).jpg,0196,medium_text,medium,1,medium_text,train,1726
C:\Temp\shot-classification\labeled_dataset\medium_text\0196_cut_024.jpg,0196_cut_024.jpg,0196,medium_text,medium,1,medium_text,train,1727
C:\Temp\shot-classification\labeled_dataset\object_text\0196_cut_032.jpg의 사본.jpg,0196_cut_032.jpg의 사본.jpg,0196,object_text,object,1,object_text,train,1728
C:\Temp\shot-classification\labeled_dataset\object_text\0196_cut_033.jpg의 사본.jpg,0196_cut_033.jpg의 사본.jpg,0196,object_text,object,1,object_text,train,1729
C:\Temp\shot-classification\labeled_dataset\close-up_notext\0197_cut_014.jpg,0197_cut_014.jpg,0197,close-up_notext,close-up,0,close-up_notext,val,1730
C:\Temp\shot-classification\labeled_dataset\close-up_text\0197_cut_001.jpg,0197_cut_001.jpg,0197,close-up_text,close-up,1,close-up_text,val,1731
C:\Temp\shot-classification\labeled_dataset\close-up_text\0197_cut_002.jpg,0197_cut_002.jpg,0197,close-up_text,close-up,1,close-up_text,val,1732
C:\Temp\shot-classification\labeled_dataset\close-up_text\0197_cut_003.jpg,0197_cut_003.jpg,0197,close-up_text,close-up,1,close-up_text,val,1733
C:\Temp\shot-classification\labeled_dataset\close-up_text\0197_cut_004.jpg,0197_cut_004.jpg,0197,close-up_text,close-up,1,close-up_text,val,1734
C:\Temp\shot-classification\labeled_dataset\close-up_text\0197_cut_005.jpg,0197_cut_005.jpg,0197,close-up_text,close-up,1,close-up_text,val,1735
C:\Temp\shot-classification\labeled_dataset\close-up_text\0197_cut_006.jpg,0197_cut_006.jpg,0197,close-up_text,close-up,1,close-up_text,val,1736
C:\Temp\shot-classification\labeled_dataset\close-up_text\0197_cut_007.jpg,0197_cut_007.jpg,0197,close-up_text,close-up,1,close-up_text,val,1737
C:\Temp\shot-classification\labeled_dataset\close-up_text\0197_cut_008.jpg,0197_cut_008.jpg,0197,close-up_text,close-up,1,close-up_text,val,1738
C:\Temp\shot-classification\labeled_dataset\close-up_text\0197_cut_009.jpg,0197_cut_009.jpg,0197,close-up_text,close-up,1,close-up_text,val,1739
C:\Temp\shot-classification\labeled_dataset\close-up_text\0197_cut_010.jpg,0197_cut_010.jpg,0197,close-up_text,close-up,1,close-up_text,val,1740
C:\Temp\shot-classification\labeled_dataset\close-up_text\0197_cut_011.jpg,0197_cut_011.jpg,0197,close-up_text,close-up,1,close-up_text,val,1741
C:\Temp\shot-classification\labeled_dataset\close-up_text\0197_cut_012.jpg,0197_cut_012.jpg,0197,close-up_text,close-up,1,close-up_text,val,1742
C:\Temp\shot-classification\labeled_dataset\close-up_text\0197_cut_013.jpg,0197_cut_013.jpg,0197,close-up_text,close-up,1,close-up_text,val,1743
C:\Temp\shot-classification\labeled_dataset\close-up_text\0197_cut_015.jpg,0197_cut_015.jpg,0197,close-up_text,close-up,1,close-up_text,val,1744
C:\Temp\shot-classification\labeled_dataset\close-up_text\0197_cut_016.jpg,0197_cut_016.jpg,0197,close-up_text,close-up,1,close-up_text,val,1745
C:\Temp\shot-classification\labeled_dataset\close-up_text\0197_cut_017.jpg,0197_cut_017.jpg,0197,close-up_text,close-up,1,close-up_text,val,1746
C:\Temp\shot-classification\labeled_dataset\close-up_text\0197_cut_018.jpg,0197_cut_018.jpg,0197,close-up_text,close-up,1,close-up_text,val,1747
C:\Temp\shot-classification\labeled_dataset\close-up_text\0197_cut_019.jpg,0197_cut_019.jpg,0197,close-up_text,close-up,1,close-up_text,val,1748
C:\Temp\shot-classification\labeled_dataset\close-up_text\0197_cut_020.jpg,0197_cut_020.jpg,0197,close-up_text,close-up,1,close-up_text,val,1749
C:\Temp\shot-classification\labeled_dataset\close-up_text\0197_cut_021.jpg,0197_cut_021.jpg,0197,close-up_text,close-up,1,close-up_text,val,1750
C:\Temp\shot-classification\labeled_dataset\close-up_text\0197_cut_022.jpg,0197_cut_022.jpg,0197,close-up_text,close-up,1,close-up_text,val,1751
C:\Temp\shot-classification\labeled_dataset\close-up_text\0197_cut_023.jpg,0197_cut_023.jpg,0197,close-up_text,close-up,1,close-up_text,val,1752
C:\Temp\shot-classification\labeled_dataset\close-up_text\0197_cut_024.jpg,0197_cut_024.jpg,0197,close-up_text,close-up,1,close-up_text,val,1753
C:\Temp\shot-classification\labeled_dataset\close-up_text\0197_cut_025.jpg,0197_cut_025.jpg,0197,close-up_text,close-up,1,close-up_text,val,1754
C:\Temp\shot-classification\labeled_dataset\close-up_text\0197_cut_026.jpg,0197_cut_026.jpg,0197,close-up_text,close-up,1,close-up_text,val,1755
C:\Temp\shot-classification\labeled_dataset\close-up_text\0197_cut_027.jpg,0197_cut_027.jpg,0197,close-up_text,close-up,1,close-up_text,val,1756
C:\Temp\shot-classification\labeled_dataset\close-up_text\0197_cut_028.jpg,0197_cut_028.jpg,0197,close-up_text,close-up,1,close-up_text,val,1757
C:\Temp\shot-classification\labeled_dataset\close-up_text\0197_cut_029.jpg,0197_cut_029.jpg,0197,close-up_text,close-up,1,close-up_text,val,1758
C:\Temp\shot-classification\labeled_dataset\close-up_text\0198_cut_001.jpg,0198_cut_001.jpg,0198,close-up_text,close-up,1,close-up_text,train,1759
C:\Temp\shot-classification\labeled_dataset\close-up_text\0198_cut_003.jpg,0198_cut_003.jpg,0198,close-up_text,close-up,1,close-up_text,train,1760
C:\Temp\shot-classification\labeled_dataset\close-up_text\0198_cut_004.jpg,0198_cut_004.jpg,0198,close-up_text,close-up,1,close-up_text,train,1761
C:\Temp\shot-classification\labeled_dataset\close-up_text\0198_cut_007.jpg,0198_cut_007.jpg,0198,close-up_text,close-up,1,close-up_text,train,1762
C:\Temp\shot-classification\labeled_dataset\close-up_text\0198_cut_008.jpg,0198_cut_008.jpg,0198,close-up_text,close-up,1,close-up_text,train,1763
C:\Temp\shot-classification\labeled_dataset\close-up_text\0198_cut_009.jpg,0198_cut_009.jpg,0198,close-up_text,close-up,1,close-up_text,train,1764
C:\Temp\shot-classification\labeled_dataset\close-up_text\0198_cut_010.jpg,0198_cut_010.jpg,0198,close-up_text,close-up,1,close-up_text,train,1765
C:\Temp\shot-classification\labeled_dataset\close-up_text\0198_cut_011.jpg,0198_cut_011.jpg,0198,close-up_text,close-up,1,close-up_text,train,1766
C:\Temp\shot-classification\labeled_dataset\object_text\0198_cut_002.jpg,0198_cut_002.jpg,0198,object_text,object,1,object_text,train,1767
C:\Temp\shot-classification\labeled_dataset\object_text\0198_cut_005.jpg,0198_cut_005.jpg,0198,object_text,object,1,object_text,train,1768
C:\Temp\shot-classification\labeled_dataset\close-up_text\0199_cut_001.jpg,0199_cut_001.jpg,0199,close-up_text,close-up,1,close-up_text,train,1769
C:\Temp\shot-classification\labeled_dataset\medium_text\0199_cut_002.jpg,0199_cut_002.jpg,0199,medium_text,medium,1,medium_text,train,1770
C:\Temp\shot-classification\labeled_dataset\medium_text\0199_cut_003.jpg,0199_cut_003.jpg,0199,medium_text,medium,1,medium_text,train,1771
C:\Temp\shot-classification\labeled_dataset\close-up_text\0200_cut_001.jpg,0200_cut_001.jpg,0200,close-up_text,close-up,1,close-up_text,train,1772
C:\Temp\shot-classification\labeled_dataset\close-up_text\0201_cut_001.jpg,0201_cut_001.jpg,0201,close-up_text,close-up,1,close-up_text,train,1773
C:\Temp\shot-classification\labeled_dataset\close-up_text\0201_cut_002.jpg,0201_cut_002.jpg,0201,close-up_text,close-up,1,close-up_text,train,1774
C:\Temp\shot-classification\labeled_dataset\close-up_text\0201_cut_003.jpg,0201_cut_003.jpg,0201,close-up_text,close-up,1,close-up_text,train,1775
C:\Temp\shot-classification\labeled_dataset\close-up_text\0201_cut_005.jpg,0201_cut_005.jpg,0201,close-up_text,close-up,1,close-up_text,train,1776
C:\Temp\shot-classification\labeled_dataset\close-up_text\0201_cut_009.jpg,0201_cut_009.jpg,0201,close-up_text,close-up,1,close-up_text,train,1777
C:\Temp\shot-classification\labeled_dataset\medium_text\0201_cut_004.jpg,0201_cut_004.jpg,0201,medium_text,medium,1,medium_text,train,1778
C:\Temp\shot-classification\labeled_dataset\medium_text\0201_cut_006.jpg,0201_cut_006.jpg,0201,medium_text,medium,1,medium_text,train,1779
C:\Temp\shot-classification\labeled_dataset\medium_text\0201_cut_007.jpg,0201_cut_007.jpg,0201,medium_text,medium,1,medium_text,train,1780
C:\Temp\shot-classification\labeled_dataset\medium_text\0201_cut_008.jpg,0201_cut_008.jpg,0201,medium_text,medium,1,medium_text,train,1781
C:\Temp\shot-classification\labeled_dataset\medium_text\0201_cut_010.jpg,0201_cut_010.jpg,0201,medium_text,medium,1,medium_text,train,1782
C:\Temp\shot-classification\labeled_dataset\medium_text\0201_cut_011.jpg,0201_cut_011.jpg,0201,medium_text,medium,1,medium_text,train,1783
C:\Temp\shot-classification\labeled_dataset\medium_text\0201_cut_012.jpg,0201_cut_012.jpg,0201,medium_text,medium,1,medium_text,train,1784
C:\Temp\shot-classification\labeled_dataset\close-up_text\0202_cut_001.jpg,0202_cut_001.jpg,0202,close-up_text,close-up,1,close-up_text,train,1785
C:\Temp\shot-classification\labeled_dataset\close-up_text\0202_cut_002.jpg,0202_cut_002.jpg,0202,close-up_text,close-up,1,close-up_text,train,1786
C:\Temp\shot-classification\labeled_dataset\close-up_text\0202_cut_003.jpg,0202_cut_003.jpg,0202,close-up_text,close-up,1,close-up_text,train,1787
C:\Temp\shot-classification\labeled_dataset\close-up_text\0202_cut_004.jpg,0202_cut_004.jpg,0202,close-up_text,close-up,1,close-up_text,train,1788
C:\Temp\shot-classification\labeled_dataset\close-up_text\0202_cut_005.jpg,0202_cut_005.jpg,0202,close-up_text,close-up,1,close-up_text,train,1789
C:\Temp\shot-classification\labeled_dataset\close-up_text\0202_cut_006.jpg,0202_cut_006.jpg,0202,close-up_text,close-up,1,close-up_text,train,1790
C:\Temp\shot-classification\labeled_dataset\close-up_text\0202_cut_007.jpg,0202_cut_007.jpg,0202,close-up_text,close-up,1,close-up_text,train,1791
C:\Temp\shot-classification\labeled_dataset\close-up_text\0202_cut_009.jpg,0202_cut_009.jpg,0202,close-up_text,close-up,1,close-up_text,train,1792
C:\Temp\shot-classification\labeled_dataset\close-up_text\0202_cut_010.jpg,0202_cut_010.jpg,0202,close-up_text,close-up,1,close-up_text,train,1793
C:\Temp\shot-classification\labeled_dataset\close-up_text\0202_cut_011.jpg,0202_cut_011.jpg,0202,close-up_text,close-up,1,close-up_text,train,1794
C:\Temp\shot-classification\labeled_dataset\close-up_text\0202_cut_012.jpg,0202_cut_012.jpg,0202,close-up_text,close-up,1,close-up_text,train,1795
C:\Temp\shot-classification\labeled_dataset\medium_text\0203_cut_001.jpg,0203_cut_001.jpg,0203,medium_text,medium,1,medium_text,train,1796
C:\Temp\shot-classification\labeled_dataset\medium_text\0203_cut_002.jpg,0203_cut_002.jpg,0203,medium_text,medium,1,medium_text,train,1797
C:\Temp\shot-classification\labeled_dataset\close-up_text\0205_cut_001.jpg,0205_cut_001.jpg,0205,close-up_text,close-up,1,close-up_text,val,1798
C:\Temp\shot-classification\labeled_dataset\close-up_text\0205_cut_002.jpg,0205_cut_002.jpg,0205,close-up_text,close-up,1,close-up_text,val,1799
C:\Temp\shot-classification\labeled_dataset\close-up_notext\0206_cut_004.jpg,0206_cut_004.jpg,0206,close-up_notext,close-up,0,close-up_notext,train,1800
C:\Temp\shot-classification\labeled_dataset\close-up_notext\0206_cut_005.jpg,0206_cut_005.jpg,0206,close-up_notext,close-up,0,close-up_notext,train,1801
C:\Temp\shot-classification\labeled_dataset\close-up_notext\0206_cut_006.jpg,0206_cut_006.jpg,0206,close-up_notext,close-up,0,close-up_notext,train,1802
C:\Temp\shot-classification\labeled_dataset\close-up_notext\0206_cut_009.jpg,0206_cut_009.jpg,0206,close-up_notext,close-up,0,close-up_notext,train,1803
C:\Temp\shot-classification\labeled_dataset\close-up_notext\0206_cut_010.jpg,0206_cut_010.jpg,0206,close-up_notext,close-up,0,close-up_notext,train,1804
C:\Temp\shot-classification\labeled_dataset\close-up_notext\0206_cut_011.jpg,0206_cut_011.jpg,0206,close-up_notext,close-up,0,close-up_notext,train,1805
C:\Temp\shot-classification\labeled_dataset\close-up_notext\0206_cut_013.jpg,0206_cut_013.jpg,0206,close-up_notext,close-up,0,close-up_notext,train,1806
C:\Temp\shot-classification\labeled_dataset\close-up_notext\0206_cut_014.jpg,0206_cut_014.jpg,0206,close-up_notext,close-up,0,close-up_notext,train,1807
C:\Temp\shot-classification\labeled_dataset\close-up_notext\0206_cut_015.jpg,0206_cut_015.jpg,0206,close-up_notext,close-up,0,close-up_notext,train,1808
C:\Temp\shot-classification\labeled_dataset\close-up_notext\0206_cut_020.jpg,0206_cut_020.jpg,0206,close-up_notext,close-up,0,close-up_notext,train,1809
C:\Temp\shot-classification\labeled_dataset\close-up_notext\0206_cut_021.jpg,0206_cut_021.jpg,0206,close-up_notext,close-up,0,close-up_notext,train,1810
C:\Temp\shot-classification\labeled_dataset\close-up_notext\0206_cut_023.jpg,0206_cut_023.jpg,0206,close-up_notext,close-up,0,close-up_notext,train,1811
C:\Temp\shot-classification\labeled_dataset\close-up_notext\0206_cut_025.jpg,0206_cut_025.jpg,0206,close-up_notext,close-up,0,close-up_notext,train,1812
C:\Temp\shot-classification\labeled_dataset\close-up_notext\0206_cut_026.jpg,0206_cut_026.jpg,0206,close-up_notext,close-up,0,close-up_notext,train,1813
C:\Temp\shot-classification\labeled_dataset\close-up_notext\0206_cut_027.jpg,0206_cut_027.jpg,0206,close-up_notext,close-up,0,close-up_notext,train,1814
C:\Temp\shot-classification\labeled_dataset\close-up_notext\0206_cut_028.jpg,0206_cut_028.jpg,0206,close-up_notext,close-up,0,close-up_notext,train,1815
C:\Temp\shot-classification\labeled_dataset\close-up_notext\0206_cut_030.jpg,0206_cut_030.jpg,0206,close-up_notext,close-up,0,close-up_notext,train,1816
C:\Temp\shot-classification\labeled_dataset\close-up_text\0206_cut_002.jpg,0206_cut_002.jpg,0206,close-up_text,close-up,1,close-up_text,train,1817
C:\Temp\shot-classification\labeled_dataset\close-up_text\0206_cut_003.jpg,0206_cut_003.jpg,0206,close-up_text,close-up,1,close-up_text,train,1818
C:\Temp\shot-classification\labeled_dataset\close-up_text\0206_cut_008.jpg,0206_cut_008.jpg,0206,close-up_text,close-up,1,close-up_text,train,1819
C:\Temp\shot-classification\labeled_dataset\close-up_text\0206_cut_012.jpg,0206_cut_012.jpg,0206,close-up_text,close-up,1,close-up_text,train,1820
C:\Temp\shot-classification\labeled_dataset\close-up_text\0206_cut_019.jpg,0206_cut_019.jpg,0206,close-up_text,close-up,1,close-up_text,train,1821
C:\Temp\shot-classification\labeled_dataset\close-up_text\0206_cut_024.jpg,0206_cut_024.jpg,0206,close-up_text,close-up,1,close-up_text,train,1822
C:\Temp\shot-classification\labeled_dataset\medium_notext\0206_cut_001.jpg,0206_cut_001.jpg,0206,medium_notext,medium,0,medium_notext,train,1823
C:\Temp\shot-classification\labeled_dataset\medium_notext\0206_cut_007.jpg,0206_cut_007.jpg,0206,medium_notext,medium,0,medium_notext,train,1824
C:\Temp\shot-classification\labeled_dataset\medium_notext\0206_cut_016.jpg,0206_cut_016.jpg,0206,medium_notext,medium,0,medium_notext,train,1825
C:\Temp\shot-classification\labeled_dataset\medium_notext\0206_cut_017.jpg,0206_cut_017.jpg,0206,medium_notext,medium,0,medium_notext,train,1826
C:\Temp\shot-classification\labeled_dataset\medium_notext\0206_cut_018.jpg,0206_cut_018.jpg,0206,medium_notext,medium,0,medium_notext,train,1827
C:\Temp\shot-classification\labeled_dataset\medium_notext\0206_cut_022.jpg,0206_cut_022.jpg,0206,medium_notext,medium,0,medium_notext,train,1828
C:\Temp\shot-classification\labeled_dataset\medium_notext\0206_cut_029.jpg,0206_cut_029.jpg,0206,medium_notext,medium,0,medium_notext,train,1829
C:\Temp\shot-classification\labeled_dataset\close-up_text\0207_cut_001.jpg,0207_cut_001.jpg,0207,close-up_text,close-up,1,close-up_text,train,1830
C:\Temp\shot-classification\labeled_dataset\close-up_text\0207_cut_002.jpg,0207_cut_002.jpg,0207,close-up_text,close-up,1,close-up_text,train,1831
C:\Temp\shot-classification\labeled_dataset\close-up_text\0207_cut_003.jpg,0207_cut_003.jpg,0207,close-up_text,close-up,1,close-up_text,train,1832
C:\Temp\shot-classification\labeled_dataset\close-up_text\0207_cut_004.jpg,0207_cut_004.jpg,0207,close-up_text,close-up,1,close-up_text,train,1833
C:\Temp\shot-classification\labeled_dataset\close-up_text\0207_cut_005.jpg,0207_cut_005.jpg,0207,close-up_text,close-up,1,close-up_text,train,1834
C:\Temp\shot-classification\labeled_dataset\close-up_text\0207_cut_009.jpg,0207_cut_009.jpg,0207,close-up_text,close-up,1,close-up_text,train,1835
C:\Temp\shot-classification\labeled_dataset\close-up_text\0207_cut_010.jpg,0207_cut_010.jpg,0207,close-up_text,close-up,1,close-up_text,train,1836
C:\Temp\shot-classification\labeled_dataset\close-up_text\0207_cut_011.jpg,0207_cut_011.jpg,0207,close-up_text,close-up,1,close-up_text,train,1837
C:\Temp\shot-classification\labeled_dataset\medium_text\0207_cut_006.jpg,0207_cut_006.jpg,0207,medium_text,medium,1,medium_text,train,1838
C:\Temp\shot-classification\labeled_dataset\medium_text\0207_cut_007.jpg,0207_cut_007.jpg,0207,medium_text,medium,1,medium_text,train,1839
C:\Temp\shot-classification\labeled_dataset\medium_text\0207_cut_008.jpg,0207_cut_008.jpg,0207,medium_text,medium,1,medium_text,train,1840
C:\Temp\shot-classification\labeled_dataset\medium_text\0207_cut_012.jpg,0207_cut_012.jpg,0207,medium_text,medium,1,medium_text,train,1841
C:\Temp\shot-classification\labeled_dataset\medium_text\0207_cut_013.jpg,0207_cut_013.jpg,0207,medium_text,medium,1,medium_text,train,1842
C:\Temp\shot-classification\labeled_dataset\medium_text\0208_cut_001.jpg,0208_cut_001.jpg,0208,medium_text,medium,1,medium_text,train,1843
C:\Temp\shot-classification\labeled_dataset\medium_text\0208_cut_002.jpg,0208_cut_002.jpg,0208,medium_text,medium,1,medium_text,train,1844
C:\Temp\shot-classification\labeled_dataset\close-up_notext\0209_cut_011.jpg,0209_cut_011.jpg,0209,close-up_notext,close-up,0,close-up_notext,train,1845
C:\Temp\shot-classification\labeled_dataset\close-up_text\0209_cut_004.jpg,0209_cut_004.jpg,0209,close-up_text,close-up,1,close-up_text,train,1846
C:\Temp\shot-classification\labeled_dataset\close-up_text\0209_cut_005.jpg,0209_cut_005.jpg,0209,close-up_text,close-up,1,close-up_text,train,1847
C:\Temp\shot-classification\labeled_dataset\close-up_text\0209_cut_006.jpg,0209_cut_006.jpg,0209,close-up_text,close-up,1,close-up_text,train,1848
C:\Temp\shot-classification\labeled_dataset\close-up_text\0209_cut_012.jpg,0209_cut_012.jpg,0209,close-up_text,close-up,1,close-up_text,train,1849
C:\Temp\shot-classification\labeled_dataset\close-up_text\0209_cut_013.jpg,0209_cut_013.jpg,0209,close-up_text,close-up,1,close-up_text,train,1850
C:\Temp\shot-classification\labeled_dataset\close-up_text\0209_cut_014.jpg,0209_cut_014.jpg,0209,close-up_text,close-up,1,close-up_text,train,1851
C:\Temp\shot-classification\labeled_dataset\close-up_text\0209_cut_015.jpg,0209_cut_015.jpg,0209,close-up_text,close-up,1,close-up_text,train,1852
C:\Temp\shot-classification\labeled_dataset\close-up_text\0209_cut_018.jpg,0209_cut_018.jpg,0209,close-up_text,close-up,1,close-up_text,train,1853
C:\Temp\shot-classification\labeled_dataset\medium_notext\0209_cut_001.jpg,0209_cut_001.jpg,0209,medium_notext,medium,0,medium_notext,train,1854
C:\Temp\shot-classification\labeled_dataset\medium_text\0209_cut_002.jpg,0209_cut_002.jpg,0209,medium_text,medium,1,medium_text,train,1855
C:\Temp\shot-classification\labeled_dataset\medium_text\0209_cut_003.jpg,0209_cut_003.jpg,0209,medium_text,medium,1,medium_text,train,1856
C:\Temp\shot-classification\labeled_dataset\medium_text\0209_cut_007.jpg,0209_cut_007.jpg,0209,medium_text,medium,1,medium_text,train,1857
C:\Temp\shot-classification\labeled_dataset\medium_text\0209_cut_008.jpg,0209_cut_008.jpg,0209,medium_text,medium,1,medium_text,train,1858
C:\Temp\shot-classification\labeled_dataset\medium_text\0209_cut_009.jpg,0209_cut_009.jpg,0209,medium_text,medium,1,medium_text,train,1859
C:\Temp\shot-classification\labeled_dataset\medium_text\0209_cut_010.jpg,0209_cut_010.jpg,0209,medium_text,medium,1,medium_text,train,1860
C:\Temp\shot-classification\labeled_dataset\object_text\0209_cut_016.jpg,0209_cut_016.jpg,0209,object_text,object,1,object_text,train,1861
C:\Temp\shot-classification\labeled_dataset\close-up_text\0210_cut_001.jpg,0210_cut_001.jpg,0210,close-up_text,close-up,1,close-up_text,test,1862
C:\Temp\shot-classification\labeled_dataset\close-up_text\0210_cut_002.jpg,0210_cut_002.jpg,0210,close-up_text,close-up,1,close-up_text,test,1863
C:\Temp\shot-classification\labeled_dataset\close-up_text\0210_cut_003.jpg,0210_cut_003.jpg,0210,close-up_text,close-up,1,close-up_text,test,1864
C:\Temp\shot-classification\labeled_dataset\close-up_text\0210_cut_006.jpg,0210_cut_006.jpg,0210,close-up_text,close-up,1,close-up_text,test,1865
C:\Temp\shot-classification\labeled_dataset\close-up_text\0210_cut_008.jpg,0210_cut_008.jpg,0210,close-up_text,close-up,1,close-up_text,test,1866
C:\Temp\shot-classification\labeled_dataset\close-up_text\0210_cut_009.jpg,0210_cut_009.jpg,0210,close-up_text,close-up,1,close-up_text,test,1867
C:\Temp\shot-classification\labeled_dataset\close-up_text\0210_cut_010.jpg,0210_cut_010.jpg,0210,close-up_text,close-up,1,close-up_text,test,1868
C:\Temp\shot-classification\labeled_dataset\close-up_text\0210_cut_011.jpg,0210_cut_011.jpg,0210,close-up_text,close-up,1,close-up_text,test,1869
C:\Temp\shot-classification\labeled_dataset\close-up_text\0210_cut_012.jpg,0210_cut_012.jpg,0210,close-up_text,close-up,1,close-up_text,test,1870
C:\Temp\shot-classification\labeled_dataset\close-up_text\0210_cut_013.jpg,0210_cut_013.jpg,0210,close-up_text,close-up,1,close-up_text,test,1871
C:\Temp\shot-classification\labeled_dataset\close-up_text\0210_cut_015.jpg,0210_cut_015.jpg,0210,close-up_text,close-up,1,close-up_text,test,1872
C:\Temp\shot-classification\labeled_dataset\close-up_text\0210_cut_016.jpg,0210_cut_016.jpg,0210,close-up_text,close-up,1,close-up_text,test,1873
C:\Temp\shot-classification\labeled_dataset\close-up_text\0210_cut_017.jpg,0210_cut_017.jpg,0210,close-up_text,close-up,1,close-up_text,test,1874
C:\Temp\shot-classification\labeled_dataset\close-up_text\0210_cut_018.jpg,0210_cut_018.jpg,0210,close-up_text,close-up,1,close-up_text,test,1875
C:\Temp\shot-classification\labeled_dataset\close-up_text\0210_cut_019.jpg,0210_cut_019.jpg,0210,close-up_text,close-up,1,close-up_text,test,1876
C:\Temp\shot-classification\labeled_dataset\close-up_text\0210_cut_020.jpg,0210_cut_020.jpg,0210,close-up_text,close-up,1,close-up_text,test,1877
C:\Temp\shot-classification\labeled_dataset\close-up_text\0210_cut_021.jpg,0210_cut_021.jpg,0210,close-up_text,close-up,1,close-up_text,test,1878
C:\Temp\shot-classification\labeled_dataset\close-up_text\0210_cut_022.jpg,0210_cut_022.jpg,0210,close-up_text,close-up,1,close-up_text,test,1879
C:\Temp\shot-classification\labeled_dataset\object_text\0210_cut_004.jpg,0210_cut_004.jpg,0210,object_text,object,1,object_text,test,1880
C:\Temp\shot-classification\labeled_dataset\object_text\0210_cut_007.jpg,0210_cut_007.jpg,0210,object_text,object,1,object_text,test,1881
C:\Temp\shot-classification\labeled_dataset\object_text\0210_cut_014.jpg,0210_cut_014.jpg,0210,object_text,object,1,object_text,test,1882
C:\Temp\shot-classification\labeled_dataset\close-up_text\0211_cut_001.jpg,0211_cut_001.jpg,0211,close-up_text,close-up,1,close-up_text,test,1883
C:\Temp\shot-classification\labeled_dataset\close-up_text\0211_cut_003.jpg,0211_cut_003.jpg,0211,close-up_text,close-up,1,close-up_text,test,1884
C:\Temp\shot-classification\labeled_dataset\close-up_text\0211_cut_007.jpg,0211_cut_007.jpg,0211,close-up_text,close-up,1,close-up_text,test,1885
C:\Temp\shot-classification\labeled_dataset\close-up_text\0211_cut_008.jpg,0211_cut_008.jpg,0211,close-up_text,close-up,1,close-up_text,test,1886
C:\Temp\shot-classification\labeled_dataset\medium_text\0211_cut_002.jpg,0211_cut_002.jpg,0211,medium_text,medium,1,medium_text,test,1887
C:\Temp\shot-classification\labeled_dataset\medium_text\0211_cut_006.jpg,0211_cut_006.jpg,0211,medium_text,medium,1,medium_text,test,1888
C:\Temp\shot-classification\labeled_dataset\medium_text\0211_cut_009.jpg,0211_cut_009.jpg,0211,medium_text,medium,1,medium_text,test,1889
C:\Temp\shot-classification\labeled_dataset\object_text\0211_cut_004.jpg,0211_cut_004.jpg,0211,object_text,object,1,object_text,test,1890
C:\Temp\shot-classification\labeled_dataset\object_text\0211_cut_005.jpg,0211_cut_005.jpg,0211,object_text,object,1,object_text,test,1891
C:\Temp\shot-classification\labeled_dataset\close-up_text\0212_cut_001.jpg,0212_cut_001.jpg,0212,close-up_text,close-up,1,close-up_text,train,1892
C:\Temp\shot-classification\labeled_dataset\close-up_text\0212_cut_005.jpg,0212_cut_005.jpg,0212,close-up_text,close-up,1,close-up_text,train,1893
C:\Temp\shot-classification\labeled_dataset\close-up_text\0212_cut_006.jpg,0212_cut_006.jpg,0212,close-up_text,close-up,1,close-up_text,train,1894
C:\Temp\shot-classification\labeled_dataset\close-up_text\0212_cut_007.jpg,0212_cut_007.jpg,0212,close-up_text,close-up,1,close-up_text,train,1895
C:\Temp\shot-classification\labeled_dataset\close-up_text\0212_cut_008.jpg,0212_cut_008.jpg,0212,close-up_text,close-up,1,close-up_text,train,1896
C:\Temp\shot-classification\labeled_dataset\close-up_text\0212_cut_010.jpg,0212_cut_010.jpg,0212,close-up_text,close-up,1,close-up_text,train,1897
C:\Temp\shot-classification\labeled_dataset\close-up_text\0212_cut_011.jpg,0212_cut_011.jpg,0212,close-up_text,close-up,1,close-up_text,train,1898
C:\Temp\shot-classification\labeled_dataset\close-up_text\0212_cut_012.jpg,0212_cut_012.jpg,0212,close-up_text,close-up,1,close-up_text,train,1899
C:\Temp\shot-classification\labeled_dataset\close-up_text\0212_cut_013.jpg,0212_cut_013.jpg,0212,close-up_text,close-up,1,close-up_text,train,1900
C:\Temp\shot-classification\labeled_dataset\close-up_text\0212_cut_014.jpg,0212_cut_014.jpg,0212,close-up_text,close-up,1,close-up_text,train,1901
C:\Temp\shot-classification\labeled_dataset\medium_text\0212_cut_003.jpg,0212_cut_003.jpg,0212,medium_text,medium,1,medium_text,train,1902
C:\Temp\shot-classification\labeled_dataset\object_text\0212_cut_002.jpg,0212_cut_002.jpg,0212,object_text,object,1,object_text,train,1903
C:\Temp\shot-classification\labeled_dataset\object_text\0212_cut_004.jpg,0212_cut_004.jpg,0212,object_text,object,1,object_text,train,1904
C:\Temp\shot-classification\labeled_dataset\object_text\0212_cut_009.jpg,0212_cut_009.jpg,0212,object_text,object,1,object_text,train,1905
C:\Temp\shot-classification\labeled_dataset\close-up_notext\0213_cut_004.jpg,0213_cut_004.jpg,0213,close-up_notext,close-up,0,close-up_notext,train,1906
C:\Temp\shot-classification\labeled_dataset\close-up_notext\0213_cut_005.jpg,0213_cut_005.jpg,0213,close-up_notext,close-up,0,close-up_notext,train,1907
C:\Temp\shot-classification\labeled_dataset\close-up_text\0213_cut_001.jpg,0213_cut_001.jpg,0213,close-up_text,close-up,1,close-up_text,train,1908
C:\Temp\shot-classification\labeled_dataset\close-up_text\0213_cut_002.jpg,0213_cut_002.jpg,0213,close-up_text,close-up,1,close-up_text,train,1909
C:\Temp\shot-classification\labeled_dataset\close-up_text\0213_cut_003.jpg,0213_cut_003.jpg,0213,close-up_text,close-up,1,close-up_text,train,1910
C:\Temp\shot-classification\labeled_dataset\close-up_text\0213_cut_006.jpg,0213_cut_006.jpg,0213,close-up_text,close-up,1,close-up_text,train,1911
C:\Temp\shot-classification\labeled_dataset\close-up_text\0213_cut_007.jpg,0213_cut_007.jpg,0213,close-up_text,close-up,1,close-up_text,train,1912
C:\Temp\shot-classification\labeled_dataset\close-up_text\0213_cut_008.jpg,0213_cut_008.jpg,0213,close-up_text,close-up,1,close-up_text,train,1913
C:\Temp\shot-classification\labeled_dataset\close-up_text\0214_cut_001.jpg,0214_cut_001.jpg,0214,close-up_text,close-up,1,close-up_text,train,1914
C:\Temp\shot-classification\labeled_dataset\close-up_text\0214_cut_003.jpg,0214_cut_003.jpg,0214,close-up_text,close-up,1,close-up_text,train,1915
C:\Temp\shot-classification\labeled_dataset\close-up_text\0214_cut_004.jpg,0214_cut_004.jpg,0214,close-up_text,close-up,1,close-up_text,train,1916
C:\Temp\shot-classification\labeled_dataset\close-up_text\0214_cut_005.jpg,0214_cut_005.jpg,0214,close-up_text,close-up,1,close-up_text,train,1917
C:\Temp\shot-classification\labeled_dataset\close-up_text\0214_cut_007.jpg,0214_cut_007.jpg,0214,close-up_text,close-up,1,close-up_text,train,1918
C:\Temp\shot-classification\labeled_dataset\close-up_text\0214_cut_008.jpg,0214_cut_008.jpg,0214,close-up_text,close-up,1,close-up_text,train,1919
C:\Temp\shot-classification\labeled_dataset\close-up_text\0214_cut_009.jpg,0214_cut_009.jpg,0214,close-up_text,close-up,1,close-up_text,train,1920
C:\Temp\shot-classification\labeled_dataset\close-up_text\0214_cut_010.jpg,0214_cut_010.jpg,0214,close-up_text,close-up,1,close-up_text,train,1921
C:\Temp\shot-classification\labeled_dataset\close-up_text\0214_cut_011.jpg,0214_cut_011.jpg,0214,close-up_text,close-up,1,close-up_text,train,1922
C:\Temp\shot-classification\labeled_dataset\close-up_text\0214_cut_012.jpg,0214_cut_012.jpg,0214,close-up_text,close-up,1,close-up_text,train,1923
C:\Temp\shot-classification\labeled_dataset\close-up_text\0214_cut_014.jpg,0214_cut_014.jpg,0214,close-up_text,close-up,1,close-up_text,train,1924
C:\Temp\shot-classification\labeled_dataset\close-up_text\0214_cut_016.jpg,0214_cut_016.jpg,0214,close-up_text,close-up,1,close-up_text,train,1925
C:\Temp\shot-classification\labeled_dataset\close-up_text\0214_cut_018.jpg,0214_cut_018.jpg,0214,close-up_text,close-up,1,close-up_text,train,1926
C:\Temp\shot-classification\labeled_dataset\close-up_text\0214_cut_019.jpg,0214_cut_019.jpg,0214,close-up_text,close-up,1,close-up_text,train,1927
C:\Temp\shot-classification\labeled_dataset\close-up_text\0214_cut_020.jpg,0214_cut_020.jpg,0214,close-up_text,close-up,1,close-up_text,train,1928
C:\Temp\shot-classification\labeled_dataset\close-up_text\0214_cut_021.jpg,0214_cut_021.jpg,0214,close-up_text,close-up,1,close-up_text,train,1929
C:\Temp\shot-classification\labeled_dataset\close-up_text\0214_cut_022.jpg,0214_cut_022.jpg,0214,close-up_text,close-up,1,close-up_text,train,1930
C:\Temp\shot-classification\labeled_dataset\close-up_text\0214_cut_023.jpg,0214_cut_023.jpg,0214,close-up_text,close-up,1,close-up_text,train,1931
C:\Temp\shot-classification\labeled_dataset\close-up_text\0214_cut_024.jpg,0214_cut_024.jpg,0214,close-up_text,close-up,1,close-up_text,train,1932
C:\Temp\shot-classification\labeled_dataset\close-up_text\0214_cut_025.jpg,0214_cut_025.jpg,0214,close-up_text,close-up,1,close-up_text,train,1933
C:\Temp\shot-classification\labeled_dataset\close-up_text\0214_cut_026.jpg,0214_cut_026.jpg,0214,close-up_text,close-up,1,close-up_text,train,1934
C:\Temp\shot-classification\labeled_dataset\close-up_text\0214_cut_027.jpg,0214_cut_027.jpg,0214,close-up_text,close-up,1,close-up_text,train,1935
C:\Temp\shot-classification\labeled_dataset\close-up_text\0214_cut_028.jpg,0214_cut_028.jpg,0214,close-up_text,close-up,1,close-up_text,train,1936
C:\Temp\shot-classification\labeled_dataset\close-up_text\0214_cut_029.jpg,0214_cut_029.jpg,0214,close-up_text,close-up,1,close-up_text,train,1937
C:\Temp\shot-classification\labeled_dataset\close-up_text\0214_cut_030.jpg,0214_cut_030.jpg,0214,close-up_text,close-up,1,close-up_text,train,1938
C:\Temp\shot-classification\labeled_dataset\close-up_text\0214_cut_031.jpg,0214_cut_031.jpg,0214,close-up_text,close-up,1,close-up_text,train,1939
C:\Temp\shot-classification\labeled_dataset\close-up_text\0214_cut_032.jpg,0214_cut_032.jpg,0214,close-up_text,close-up,1,close-up_text,train,1940
C:\Temp\shot-classification\labeled_dataset\close-up_text\0214_cut_033.jpg,0214_cut_033.jpg,0214,close-up_text,close-up,1,close-up_text,train,1941
C:\Temp\shot-classification\labeled_dataset\close-up_text\0214_cut_034.jpg,0214_cut_034.jpg,0214,close-up_text,close-up,1,close-up_text,train,1942
C:\Temp\shot-classification\labeled_dataset\close-up_text\0214_cut_035.jpg,0214_cut_035.jpg,0214,close-up_text,close-up,1,close-up_text,train,1943
C:\Temp\shot-classification\labeled_dataset\medium_text\0214_cut_002.jpg,0214_cut_002.jpg,0214,medium_text,medium,1,medium_text,train,1944
C:\Temp\shot-classification\labeled_dataset\medium_text\0214_cut_017.jpg,0214_cut_017.jpg,0214,medium_text,medium,1,medium_text,train,1945
C:\Temp\shot-classification\labeled_dataset\object_text\0214_cut_006.jpg,0214_cut_006.jpg,0214,object_text,object,1,object_text,train,1946
C:\Temp\shot-classification\labeled_dataset\object_text\0214_cut_015.jpg,0214_cut_015.jpg,0214,object_text,object,1,object_text,train,1947
C:\Temp\shot-classification\labeled_dataset\close-up_text\0215_cut_001.jpg,0215_cut_001.jpg,0215,close-up_text,close-up,1,close-up_text,train,1948
C:\Temp\shot-classification\labeled_dataset\close-up_text\0215_cut_002.jpg,0215_cut_002.jpg,0215,close-up_text,close-up,1,close-up_text,train,1949
C:\Temp\shot-classification\labeled_dataset\close-up_text\0215_cut_003.jpg,0215_cut_003.jpg,0215,close-up_text,close-up,1,close-up_text,train,1950
C:\Temp\shot-classification\labeled_dataset\close-up_text\0215_cut_004.jpg,0215_cut_004.jpg,0215,close-up_text,close-up,1,close-up_text,train,1951
C:\Temp\shot-classification\labeled_dataset\close-up_text\0215_cut_006.jpg,0215_cut_006.jpg,0215,close-up_text,close-up,1,close-up_text,train,1952
C:\Temp\shot-classification\labeled_dataset\close-up_text\0215_cut_008.jpg,0215_cut_008.jpg,0215,close-up_text,close-up,1,close-up_text,train,1953
C:\Temp\shot-classification\labeled_dataset\close-up_text\0215_cut_012.jpg,0215_cut_012.jpg,0215,close-up_text,close-up,1,close-up_text,train,1954
C:\Temp\shot-classification\labeled_dataset\close-up_text\0215_cut_013.jpg,0215_cut_013.jpg,0215,close-up_text,close-up,1,close-up_text,train,1955
C:\Temp\shot-classification\labeled_dataset\close-up_text\0215_cut_018.jpg,0215_cut_018.jpg,0215,close-up_text,close-up,1,close-up_text,train,1956
C:\Temp\shot-classification\labeled_dataset\close-up_text\0215_cut_020.jpg,0215_cut_020.jpg,0215,close-up_text,close-up,1,close-up_text,train,1957
C:\Temp\shot-classification\labeled_dataset\close-up_text\0215_cut_021.jpg,0215_cut_021.jpg,0215,close-up_text,close-up,1,close-up_text,train,1958
C:\Temp\shot-classification\labeled_dataset\close-up_text\0215_cut_023.jpg,0215_cut_023.jpg,0215,close-up_text,close-up,1,close-up_text,train,1959
C:\Temp\shot-classification\labeled_dataset\object_text\0215_cut_005.jpg,0215_cut_005.jpg,0215,object_text,object,1,object_text,train,1960
C:\Temp\shot-classification\labeled_dataset\object_text\0215_cut_007.jpg,0215_cut_007.jpg,0215,object_text,object,1,object_text,train,1961
C:\Temp\shot-classification\labeled_dataset\object_text\0215_cut_009.jpg,0215_cut_009.jpg,0215,object_text,object,1,object_text,train,1962
C:\Temp\shot-classification\labeled_dataset\object_text\0215_cut_010.jpg,0215_cut_010.jpg,0215,object_text,object,1,object_text,train,1963
C:\Temp\shot-classification\labeled_dataset\object_text\0215_cut_011.jpg,0215_cut_011.jpg,0215,object_text,object,1,object_text,train,1964
C:\Temp\shot-classification\labeled_dataset\object_text\0215_cut_014.jpg,0215_cut_014.jpg,0215,object_text,object,1,object_text,train,1965
C:\Temp\shot-classification\labeled_dataset\object_text\0215_cut_015.jpg,0215_cut_015.jpg,0215,object_text,object,1,object_text,train,1966
C:\Temp\shot-classification\labeled_dataset\object_text\0215_cut_016.jpg,0215_cut_016.jpg,0215,object_text,object,1,object_text,train,1967
C:\Temp\shot-classification\labeled_dataset\object_text\0215_cut_017.jpg,0215_cut_017.jpg,0215,object_text,object,1,object_text,train,1968
C:\Temp\shot-classification\labeled_dataset\object_text\0215_cut_019.jpg,0215_cut_019.jpg,0215,object_text,object,1,object_text,train,1969
C:\Temp\shot-classification\labeled_dataset\object_text\0215_cut_022.jpg,0215_cut_022.jpg,0215,object_text,object,1,object_text,train,1970
C:\Temp\shot-classification\labeled_dataset\close-up_text\0216_cut_001.jpg,0216_cut_001.jpg,0216,close-up_text,close-up,1,close-up_text,train,1971
C:\Temp\shot-classification\labeled_dataset\close-up_text\0216_cut_002.jpg,0216_cut_002.jpg,0216,close-up_text,close-up,1,close-up_text,train,1972
C:\Temp\shot-classification\labeled_dataset\close-up_text\0216_cut_003.jpg,0216_cut_003.jpg,0216,close-up_text,close-up,1,close-up_text,train,1973
C:\Temp\shot-classification\labeled_dataset\close-up_text\0216_cut_004.jpg,0216_cut_004.jpg,0216,close-up_text,close-up,1,close-up_text,train,1974
C:\Temp\shot-classification\labeled_dataset\close-up_text\0216_cut_005.jpg,0216_cut_005.jpg,0216,close-up_text,close-up,1,close-up_text,train,1975
C:\Temp\shot-classification\labeled_dataset\close-up_text\0216_cut_006.jpg,0216_cut_006.jpg,0216,close-up_text,close-up,1,close-up_text,train,1976
C:\Temp\shot-classification\labeled_dataset\close-up_text\0216_cut_007.jpg,0216_cut_007.jpg,0216,close-up_text,close-up,1,close-up_text,train,1977
C:\Temp\shot-classification\labeled_dataset\medium_text\0216_cut_008.jpg,0216_cut_008.jpg,0216,medium_text,medium,1,medium_text,train,1978
C:\Temp\shot-classification\labeled_dataset\object_text\0216_cut_009.jpg,0216_cut_009.jpg,0216,object_text,object,1,object_text,train,1979
C:\Temp\shot-classification\labeled_dataset\close-up_text\0217_cut_001.jpg,0217_cut_001.jpg,0217,close-up_text,close-up,1,close-up_text,test,1980
C:\Temp\shot-classification\labeled_dataset\close-up_text\0217_cut_002.jpg,0217_cut_002.jpg,0217,close-up_text,close-up,1,close-up_text,test,1981
C:\Temp\shot-classification\labeled_dataset\close-up_text\0218_cut_005.jpg,0218_cut_005.jpg,0218,close-up_text,close-up,1,close-up_text,train,1982
C:\Temp\shot-classification\labeled_dataset\close-up_text\0218_cut_006.jpg,0218_cut_006.jpg,0218,close-up_text,close-up,1,close-up_text,train,1983
C:\Temp\shot-classification\labeled_dataset\close-up_text\0218_cut_007.jpg,0218_cut_007.jpg,0218,close-up_text,close-up,1,close-up_text,train,1984
C:\Temp\shot-classification\labeled_dataset\object_text\0218_cut_001.jpg,0218_cut_001.jpg,0218,object_text,object,1,object_text,train,1985
C:\Temp\shot-classification\labeled_dataset\object_text\0218_cut_004.jpg,0218_cut_004.jpg,0218,object_text,object,1,object_text,train,1986
C:\Temp\shot-classification\labeled_dataset\space_text\0218_cut_002.jpg,0218_cut_002.jpg,0218,space_text,space,1,space_text,train,1987
C:\Temp\shot-classification\labeled_dataset\space_text\0218_cut_003.jpg,0218_cut_003.jpg,0218,space_text,space,1,space_text,train,1988
C:\Temp\shot-classification\labeled_dataset\space_text\0218_cut_011.jpg,0218_cut_011.jpg,0218,space_text,space,1,space_text,train,1989
C:\Temp\shot-classification\labeled_dataset\medium_text\0219_cut_001.jpg,0219_cut_001.jpg,0219,medium_text,medium,1,medium_text,test,1990
C:\Temp\shot-classification\labeled_dataset\medium_text\0219_cut_002.jpg,0219_cut_002.jpg,0219,medium_text,medium,1,medium_text,test,1991
C:\Temp\shot-classification\labeled_dataset\medium_text\0219_cut_003.jpg,0219_cut_003.jpg,0219,medium_text,medium,1,medium_text,test,1992
C:\Temp\shot-classification\labeled_dataset\medium_text\0219_cut_004.jpg,0219_cut_004.jpg,0219,medium_text,medium,1,medium_text,test,1993
C:\Temp\shot-classification\labeled_dataset\medium_text\0219_cut_005.jpg,0219_cut_005.jpg,0219,medium_text,medium,1,medium_text,test,1994
C:\Temp\shot-classification\labeled_dataset\close-up_text\0220_cut_001.jpg,0220_cut_001.jpg,0220,close-up_text,close-up,1,close-up_text,train,1995
C:\Temp\shot-classification\labeled_dataset\close-up_text\0220_cut_004.jpg,0220_cut_004.jpg,0220,close-up_text,close-up,1,close-up_text,train,1996
C:\Temp\shot-classification\labeled_dataset\close-up_text\0220_cut_005.jpg,0220_cut_005.jpg,0220,close-up_text,close-up,1,close-up_text,train,1997
C:\Temp\shot-classification\labeled_dataset\close-up_text\0220_cut_006.jpg,0220_cut_006.jpg,0220,close-up_text,close-up,1,close-up_text,train,1998
C:\Temp\shot-classification\labeled_dataset\close-up_text\0220_cut_007.jpg,0220_cut_007.jpg,0220,close-up_text,close-up,1,close-up_text,train,1999
C:\Temp\shot-classification\labeled_dataset\close-up_text\0220_cut_008.jpg,0220_cut_008.jpg,0220,close-up_text,close-up,1,close-up_text,train,2000
C:\Temp\shot-classification\labeled_dataset\close-up_text\0220_cut_009.jpg,0220_cut_009.jpg,0220,close-up_text,close-up,1,close-up_text,train,2001
C:\Temp\shot-classification\labeled_dataset\close-up_text\0220_cut_010.jpg,0220_cut_010.jpg,0220,close-up_text,close-up,1,close-up_text,train,2002
C:\Temp\shot-classification\labeled_dataset\medium_text\0220_cut_002.jpg,0220_cut_002.jpg,0220,medium_text,medium,1,medium_text,train,2003
C:\Temp\shot-classification\labeled_dataset\medium_text\0220_cut_003.jpg,0220_cut_003.jpg,0220,medium_text,medium,1,medium_text,train,2004
C:\Temp\shot-classification\labeled_dataset\medium_text\0220_cut_011.jpg,0220_cut_011.jpg,0220,medium_text,medium,1,medium_text,train,2005
C:\Temp\shot-classification\labeled_dataset\close-up_text\0221_cut_001.jpg,0221_cut_001.jpg,0221,close-up_text,close-up,1,close-up_text,train,2006
C:\Temp\shot-classification\labeled_dataset\medium_text\0221_cut_002.jpg,0221_cut_002.jpg,0221,medium_text,medium,1,medium_text,train,2007
C:\Temp\shot-classification\labeled_dataset\medium_text\0221_cut_003.jpg,0221_cut_003.jpg,0221,medium_text,medium,1,medium_text,train,2008
C:\Temp\shot-classification\labeled_dataset\medium_text\0221_cut_004.jpg,0221_cut_004.jpg,0221,medium_text,medium,1,medium_text,train,2009
C:\Temp\shot-classification\labeled_dataset\medium_text\0221_cut_006.jpg,0221_cut_006.jpg,0221,medium_text,medium,1,medium_text,train,2010
C:\Temp\shot-classification\labeled_dataset\object_text\0221_cut_005.jpg,0221_cut_005.jpg,0221,object_text,object,1,object_text,train,2011
