filepath,filename,video_id,original_class,shot_type,has_text,joint_label,split
C:\Temp\deep\labeled_dataset\close-up_notext\0013_cut_006.jpg,0013_cut_006.jpg,0013,close-up_notext,close-up,0,close-up_notext,train
C:\Temp\deep\labeled_dataset\close-up_notext\0013_cut_012.jpg,0013_cut_012.jpg,0013,close-up_notext,close-up,0,close-up_notext,train
C:\Temp\deep\labeled_dataset\close-up_notext\0013_cut_017.jpg,0013_cut_017.jpg,0013,close-up_notext,close-up,0,close-up_notext,train
C:\Temp\deep\labeled_dataset\close-up_notext\0015_cut_001.jpg,0015_cut_001.jpg,0015,close-up_notext,close-up,0,close-up_notext,train
C:\Temp\deep\labeled_dataset\close-up_notext\0024_cut_012.jpg,0024_cut_012.jpg,0024,close-up_notext,close-up,0,close-up_notext,train
C:\Temp\deep\labeled_dataset\close-up_notext\0024_cut_016.jpg,0024_cut_016.jpg,0024,close-up_notext,close-up,0,close-up_notext,train
C:\Temp\deep\labeled_dataset\close-up_notext\0024_cut_019.jpg,0024_cut_019.jpg,0024,close-up_notext,close-up,0,close-up_notext,train
C:\Temp\deep\labeled_dataset\close-up_notext\0024_cut_026.jpg,0024_cut_026.jpg,0024,close-up_notext,close-up,0,close-up_notext,train
C:\Temp\deep\labeled_dataset\close-up_notext\0036_cut_001.jpg,0036_cut_001.jpg,0036,close-up_notext,close-up,0,close-up_notext,train
C:\Temp\deep\labeled_dataset\close-up_notext\0036_cut_008.jpg,0036_cut_008.jpg,0036,close-up_notext,close-up,0,close-up_notext,train
C:\Temp\deep\labeled_dataset\close-up_notext\0036_cut_009.jpg,0036_cut_009.jpg,0036,close-up_notext,close-up,0,close-up_notext,train
C:\Temp\deep\labeled_dataset\close-up_notext\0037_cut_002.jpg,0037_cut_002.jpg,0037,close-up_notext,close-up,0,close-up_notext,test
C:\Temp\deep\labeled_dataset\close-up_notext\0044_cut_011.jpg,0044_cut_011.jpg,0044,close-up_notext,close-up,0,close-up_notext,train
C:\Temp\deep\labeled_dataset\close-up_notext\0044_cut_018.jpg,0044_cut_018.jpg,0044,close-up_notext,close-up,0,close-up_notext,train
C:\Temp\deep\labeled_dataset\close-up_notext\0048_cut_027.jpg,0048_cut_027.jpg,0048,close-up_notext,close-up,0,close-up_notext,test
C:\Temp\deep\labeled_dataset\close-up_notext\0081_cut_002.jpg,0081_cut_002.jpg,0081,close-up_notext,close-up,0,close-up_notext,train
C:\Temp\deep\labeled_dataset\close-up_notext\0081_cut_003.jpg,0081_cut_003.jpg,0081,close-up_notext,close-up,0,close-up_notext,train
C:\Temp\deep\labeled_dataset\close-up_notext\0081_cut_004.jpg,0081_cut_004.jpg,0081,close-up_notext,close-up,0,close-up_notext,train
C:\Temp\deep\labeled_dataset\close-up_notext\0084_cut_004.jpg,0084_cut_004.jpg,0084,close-up_notext,close-up,0,close-up_notext,train
C:\Temp\deep\labeled_dataset\close-up_notext\0085_cut_003.jpg,0085_cut_003.jpg,0085,close-up_notext,close-up,0,close-up_notext,train
C:\Temp\deep\labeled_dataset\close-up_notext\0085_cut_007.jpg,0085_cut_007.jpg,0085,close-up_notext,close-up,0,close-up_notext,train
C:\Temp\deep\labeled_dataset\close-up_notext\0085_cut_008.jpg,0085_cut_008.jpg,0085,close-up_notext,close-up,0,close-up_notext,train
C:\Temp\deep\labeled_dataset\close-up_notext\0089_cut_001.jpg,0089_cut_001.jpg,0089,close-up_notext,close-up,0,close-up_notext,val
C:\Temp\deep\labeled_dataset\close-up_notext\0098_cut_003.jpg,0098_cut_003.jpg,0098,close-up_notext,close-up,0,close-up_notext,train
C:\Temp\deep\labeled_dataset\close-up_notext\0098_cut_004.jpg,0098_cut_004.jpg,0098,close-up_notext,close-up,0,close-up_notext,train
C:\Temp\deep\labeled_dataset\close-up_notext\0114_cut_001.jpg,0114_cut_001.jpg,0114,close-up_notext,close-up,0,close-up_notext,test
C:\Temp\deep\labeled_dataset\close-up_notext\0114_cut_015.jpg,0114_cut_015.jpg,0114,close-up_notext,close-up,0,close-up_notext,test
C:\Temp\deep\labeled_dataset\close-up_notext\0123_cut_001.jpg,0123_cut_001.jpg,0123,close-up_notext,close-up,0,close-up_notext,train
C:\Temp\deep\labeled_dataset\close-up_notext\0127_cut_001.jpg,0127_cut_001.jpg,0127,close-up_notext,close-up,0,close-up_notext,train
C:\Temp\deep\labeled_dataset\close-up_text\0002_cut_002.jpg,0002_cut_002.jpg,0002,close-up_text,close-up,1,close-up_text,train
C:\Temp\deep\labeled_dataset\close-up_text\0002_cut_003.jpg,0002_cut_003.jpg,0002,close-up_text,close-up,1,close-up_text,train
C:\Temp\deep\labeled_dataset\close-up_text\0002_cut_004.jpg,0002_cut_004.jpg,0002,close-up_text,close-up,1,close-up_text,train
C:\Temp\deep\labeled_dataset\close-up_text\0002_cut_005.jpg,0002_cut_005.jpg,0002,close-up_text,close-up,1,close-up_text,train
C:\Temp\deep\labeled_dataset\close-up_text\0002_cut_006.jpg,0002_cut_006.jpg,0002,close-up_text,close-up,1,close-up_text,train
C:\Temp\deep\labeled_dataset\close-up_text\0002_cut_007.jpg,0002_cut_007.jpg,0002,close-up_text,close-up,1,close-up_text,train
C:\Temp\deep\labeled_dataset\close-up_text\0002_cut_008.jpg,0002_cut_008.jpg,0002,close-up_text,close-up,1,close-up_text,train
C:\Temp\deep\labeled_dataset\close-up_text\0002_cut_009.jpg,0002_cut_009.jpg,0002,close-up_text,close-up,1,close-up_text,train
C:\Temp\deep\labeled_dataset\close-up_text\0002_cut_010.jpg,0002_cut_010.jpg,0002,close-up_text,close-up,1,close-up_text,train
C:\Temp\deep\labeled_dataset\close-up_text\0002_cut_011.jpg,0002_cut_011.jpg,0002,close-up_text,close-up,1,close-up_text,train
C:\Temp\deep\labeled_dataset\close-up_text\0002_cut_012.jpg,0002_cut_012.jpg,0002,close-up_text,close-up,1,close-up_text,train
C:\Temp\deep\labeled_dataset\close-up_text\0002_cut_013.jpg,0002_cut_013.jpg,0002,close-up_text,close-up,1,close-up_text,train
C:\Temp\deep\labeled_dataset\close-up_text\0002_cut_014.jpg,0002_cut_014.jpg,0002,close-up_text,close-up,1,close-up_text,train
C:\Temp\deep\labeled_dataset\close-up_text\0004_cut_006.jpg,0004_cut_006.jpg,0004,close-up_text,close-up,1,close-up_text,val
C:\Temp\deep\labeled_dataset\close-up_text\0004_cut_009.jpg,0004_cut_009.jpg,0004,close-up_text,close-up,1,close-up_text,val
C:\Temp\deep\labeled_dataset\close-up_text\0004_cut_010.jpg,0004_cut_010.jpg,0004,close-up_text,close-up,1,close-up_text,val
C:\Temp\deep\labeled_dataset\close-up_text\0009_cut_006.jpg,0009_cut_006.jpg,0009,close-up_text,close-up,1,close-up_text,train
C:\Temp\deep\labeled_dataset\close-up_text\0011_cut_002.jpg,0011_cut_002.jpg,0011,close-up_text,close-up,1,close-up_text,train
C:\Temp\deep\labeled_dataset\close-up_text\0011_cut_015.jpg,0011_cut_015.jpg,0011,close-up_text,close-up,1,close-up_text,train
C:\Temp\deep\labeled_dataset\close-up_text\0011_cut_016.jpg,0011_cut_016.jpg,0011,close-up_text,close-up,1,close-up_text,train
C:\Temp\deep\labeled_dataset\close-up_text\0013_cut_002.jpg,0013_cut_002.jpg,0013,close-up_text,close-up,1,close-up_text,train
C:\Temp\deep\labeled_dataset\close-up_text\0015_cut_004.jpg,0015_cut_004.jpg,0015,close-up_text,close-up,1,close-up_text,train
C:\Temp\deep\labeled_dataset\close-up_text\0015_cut_005.jpg,0015_cut_005.jpg,0015,close-up_text,close-up,1,close-up_text,train
C:\Temp\deep\labeled_dataset\close-up_text\0015_cut_006.jpg,0015_cut_006.jpg,0015,close-up_text,close-up,1,close-up_text,train
C:\Temp\deep\labeled_dataset\close-up_text\0015_cut_007.jpg,0015_cut_007.jpg,0015,close-up_text,close-up,1,close-up_text,train
C:\Temp\deep\labeled_dataset\close-up_text\0015_cut_009.jpg,0015_cut_009.jpg,0015,close-up_text,close-up,1,close-up_text,train
C:\Temp\deep\labeled_dataset\close-up_text\0015_cut_010.jpg,0015_cut_010.jpg,0015,close-up_text,close-up,1,close-up_text,train
C:\Temp\deep\labeled_dataset\close-up_text\0015_cut_011.jpg,0015_cut_011.jpg,0015,close-up_text,close-up,1,close-up_text,train
C:\Temp\deep\labeled_dataset\close-up_text\0015_cut_012.jpg,0015_cut_012.jpg,0015,close-up_text,close-up,1,close-up_text,train
C:\Temp\deep\labeled_dataset\close-up_text\0015_cut_013.jpg,0015_cut_013.jpg,0015,close-up_text,close-up,1,close-up_text,train
C:\Temp\deep\labeled_dataset\close-up_text\0015_cut_014.jpg,0015_cut_014.jpg,0015,close-up_text,close-up,1,close-up_text,train
C:\Temp\deep\labeled_dataset\close-up_text\0015_cut_015.jpg,0015_cut_015.jpg,0015,close-up_text,close-up,1,close-up_text,train
C:\Temp\deep\labeled_dataset\close-up_text\0017_cut_005.jpg,0017_cut_005.jpg,0017,close-up_text,close-up,1,close-up_text,train
C:\Temp\deep\labeled_dataset\close-up_text\0019_cut_002.jpg,0019_cut_002.jpg,0019,close-up_text,close-up,1,close-up_text,test
C:\Temp\deep\labeled_dataset\close-up_text\0021_cut_001.jpg,0021_cut_001.jpg,0021,close-up_text,close-up,1,close-up_text,val
C:\Temp\deep\labeled_dataset\close-up_text\0024_cut_010.jpg,0024_cut_010.jpg,0024,close-up_text,close-up,1,close-up_text,train
C:\Temp\deep\labeled_dataset\close-up_text\0024_cut_011.jpg,0024_cut_011.jpg,0024,close-up_text,close-up,1,close-up_text,train
C:\Temp\deep\labeled_dataset\close-up_text\0024_cut_024.jpg,0024_cut_024.jpg,0024,close-up_text,close-up,1,close-up_text,train
C:\Temp\deep\labeled_dataset\close-up_text\0024_cut_027.jpg,0024_cut_027.jpg,0024,close-up_text,close-up,1,close-up_text,train
C:\Temp\deep\labeled_dataset\close-up_text\0024_cut_029.jpg,0024_cut_029.jpg,0024,close-up_text,close-up,1,close-up_text,train
C:\Temp\deep\labeled_dataset\close-up_text\0024_cut_030.jpg,0024_cut_030.jpg,0024,close-up_text,close-up,1,close-up_text,train
C:\Temp\deep\labeled_dataset\close-up_text\0024_cut_031.jpg,0024_cut_031.jpg,0024,close-up_text,close-up,1,close-up_text,train
C:\Temp\deep\labeled_dataset\close-up_text\0024_cut_033.jpg,0024_cut_033.jpg,0024,close-up_text,close-up,1,close-up_text,train
C:\Temp\deep\labeled_dataset\close-up_text\0025_cut_011.jpg,0025_cut_011.jpg,0025,close-up_text,close-up,1,close-up_text,test
C:\Temp\deep\labeled_dataset\close-up_text\0029_cut_009.jpg,0029_cut_009.jpg,0029,close-up_text,close-up,1,close-up_text,train
C:\Temp\deep\labeled_dataset\close-up_text\0029_cut_010.jpg,0029_cut_010.jpg,0029,close-up_text,close-up,1,close-up_text,train
C:\Temp\deep\labeled_dataset\close-up_text\0029_cut_022.jpg,0029_cut_022.jpg,0029,close-up_text,close-up,1,close-up_text,train
C:\Temp\deep\labeled_dataset\close-up_text\0030_cut_003.jpg,0030_cut_003.jpg,0030,close-up_text,close-up,1,close-up_text,val
C:\Temp\deep\labeled_dataset\close-up_text\0030_cut_013.jpg,0030_cut_013.jpg,0030,close-up_text,close-up,1,close-up_text,val
C:\Temp\deep\labeled_dataset\close-up_text\0030_cut_015.jpg,0030_cut_015.jpg,0030,close-up_text,close-up,1,close-up_text,val
C:\Temp\deep\labeled_dataset\close-up_text\0030_cut_025.jpg,0030_cut_025.jpg,0030,close-up_text,close-up,1,close-up_text,val
C:\Temp\deep\labeled_dataset\close-up_text\0040_cut_005.jpg,0040_cut_005.jpg,0040,close-up_text,close-up,1,close-up_text,train
C:\Temp\deep\labeled_dataset\close-up_text\0040_cut_018.jpg,0040_cut_018.jpg,0040,close-up_text,close-up,1,close-up_text,train
C:\Temp\deep\labeled_dataset\close-up_text\0041_cut_002.jpg,0041_cut_002.jpg,0041,close-up_text,close-up,1,close-up_text,train
C:\Temp\deep\labeled_dataset\close-up_text\0045_cut_004.jpg,0045_cut_004.jpg,0045,close-up_text,close-up,1,close-up_text,train
C:\Temp\deep\labeled_dataset\close-up_text\0047_cut_004.jpg,0047_cut_004.jpg,0047,close-up_text,close-up,1,close-up_text,train
C:\Temp\deep\labeled_dataset\close-up_text\0048_cut_017.jpg,0048_cut_017.jpg,0048,close-up_text,close-up,1,close-up_text,test
C:\Temp\deep\labeled_dataset\close-up_text\0048_cut_019.jpg,0048_cut_019.jpg,0048,close-up_text,close-up,1,close-up_text,test
C:\Temp\deep\labeled_dataset\close-up_text\0048_cut_021.jpg,0048_cut_021.jpg,0048,close-up_text,close-up,1,close-up_text,test
C:\Temp\deep\labeled_dataset\close-up_text\0048_cut_022.jpg,0048_cut_022.jpg,0048,close-up_text,close-up,1,close-up_text,test
C:\Temp\deep\labeled_dataset\close-up_text\0048_cut_030.jpg,0048_cut_030.jpg,0048,close-up_text,close-up,1,close-up_text,test
C:\Temp\deep\labeled_dataset\close-up_text\0048_cut_031.jpg,0048_cut_031.jpg,0048,close-up_text,close-up,1,close-up_text,test
C:\Temp\deep\labeled_dataset\close-up_text\0048_cut_032.jpg,0048_cut_032.jpg,0048,close-up_text,close-up,1,close-up_text,test
C:\Temp\deep\labeled_dataset\close-up_text\0048_cut_033.jpg,0048_cut_033.jpg,0048,close-up_text,close-up,1,close-up_text,test
C:\Temp\deep\labeled_dataset\close-up_text\0048_cut_035.jpg,0048_cut_035.jpg,0048,close-up_text,close-up,1,close-up_text,test
C:\Temp\deep\labeled_dataset\close-up_text\0048_cut_037.jpg,0048_cut_037.jpg,0048,close-up_text,close-up,1,close-up_text,test
C:\Temp\deep\labeled_dataset\close-up_text\0048_cut_039.jpg,0048_cut_039.jpg,0048,close-up_text,close-up,1,close-up_text,test
C:\Temp\deep\labeled_dataset\close-up_text\0056_cut_001.jpg,0056_cut_001.jpg,0056,close-up_text,close-up,1,close-up_text,train
C:\Temp\deep\labeled_dataset\close-up_text\0056_cut_018.jpg,0056_cut_018.jpg,0056,close-up_text,close-up,1,close-up_text,train
C:\Temp\deep\labeled_dataset\close-up_text\0057_cut_002.jpg,0057_cut_002.jpg,0057,close-up_text,close-up,1,close-up_text,train
C:\Temp\deep\labeled_dataset\close-up_text\0063_cut_002.jpg,0063_cut_002.jpg,0063,close-up_text,close-up,1,close-up_text,train
C:\Temp\deep\labeled_dataset\close-up_text\0063_cut_003.jpg,0063_cut_003.jpg,0063,close-up_text,close-up,1,close-up_text,train
C:\Temp\deep\labeled_dataset\close-up_text\0063_cut_004.jpg,0063_cut_004.jpg,0063,close-up_text,close-up,1,close-up_text,train
C:\Temp\deep\labeled_dataset\close-up_text\0066_cut_003.jpg,0066_cut_003.jpg,0066,close-up_text,close-up,1,close-up_text,val
C:\Temp\deep\labeled_dataset\close-up_text\0066_cut_004.jpg,0066_cut_004.jpg,0066,close-up_text,close-up,1,close-up_text,val
C:\Temp\deep\labeled_dataset\close-up_text\0066_cut_005.jpg,0066_cut_005.jpg,0066,close-up_text,close-up,1,close-up_text,val
C:\Temp\deep\labeled_dataset\close-up_text\0077_cut_008.jpg,0077_cut_008.jpg,0077,close-up_text,close-up,1,close-up_text,test
C:\Temp\deep\labeled_dataset\close-up_text\0084_cut_001.jpg,0084_cut_001.jpg,0084,close-up_text,close-up,1,close-up_text,train
C:\Temp\deep\labeled_dataset\close-up_text\0085_cut_001.jpg,0085_cut_001.jpg,0085,close-up_text,close-up,1,close-up_text,train
C:\Temp\deep\labeled_dataset\close-up_text\0085_cut_002.jpg,0085_cut_002.jpg,0085,close-up_text,close-up,1,close-up_text,train
C:\Temp\deep\labeled_dataset\close-up_text\0085_cut_004.jpg,0085_cut_004.jpg,0085,close-up_text,close-up,1,close-up_text,train
C:\Temp\deep\labeled_dataset\close-up_text\0085_cut_005.jpg,0085_cut_005.jpg,0085,close-up_text,close-up,1,close-up_text,train
C:\Temp\deep\labeled_dataset\close-up_text\0085_cut_006.jpg,0085_cut_006.jpg,0085,close-up_text,close-up,1,close-up_text,train
C:\Temp\deep\labeled_dataset\close-up_text\0085_cut_009.jpg,0085_cut_009.jpg,0085,close-up_text,close-up,1,close-up_text,train
C:\Temp\deep\labeled_dataset\close-up_text\0085_cut_010.jpg,0085_cut_010.jpg,0085,close-up_text,close-up,1,close-up_text,train
C:\Temp\deep\labeled_dataset\close-up_text\0087_cut_012.jpg,0087_cut_012.jpg,0087,close-up_text,close-up,1,close-up_text,test
C:\Temp\deep\labeled_dataset\close-up_text\0089_cut_003.jpg,0089_cut_003.jpg,0089,close-up_text,close-up,1,close-up_text,val
C:\Temp\deep\labeled_dataset\close-up_text\0091_cut_004.jpg,0091_cut_004.jpg,0091,close-up_text,close-up,1,close-up_text,val
C:\Temp\deep\labeled_dataset\close-up_text\0093_cut_002.jpg,0093_cut_002.jpg,0093,close-up_text,close-up,1,close-up_text,val
C:\Temp\deep\labeled_dataset\close-up_text\0093_cut_012.jpg,0093_cut_012.jpg,0093,close-up_text,close-up,1,close-up_text,val
C:\Temp\deep\labeled_dataset\close-up_text\0093_cut_018.jpg,0093_cut_018.jpg,0093,close-up_text,close-up,1,close-up_text,val
C:\Temp\deep\labeled_dataset\close-up_text\0096_cut_006.jpg,0096_cut_006.jpg,0096,close-up_text,close-up,1,close-up_text,train
C:\Temp\deep\labeled_dataset\close-up_text\0097_cut_001.jpg,0097_cut_001.jpg,0097,close-up_text,close-up,1,close-up_text,train
C:\Temp\deep\labeled_dataset\close-up_text\0097_cut_003.jpg,0097_cut_003.jpg,0097,close-up_text,close-up,1,close-up_text,train
C:\Temp\deep\labeled_dataset\close-up_text\0097_cut_005.jpg,0097_cut_005.jpg,0097,close-up_text,close-up,1,close-up_text,train
C:\Temp\deep\labeled_dataset\close-up_text\0097_cut_007.jpg,0097_cut_007.jpg,0097,close-up_text,close-up,1,close-up_text,train
C:\Temp\deep\labeled_dataset\close-up_text\0102_cut_002.jpg,0102_cut_002.jpg,0102,close-up_text,close-up,1,close-up_text,test
C:\Temp\deep\labeled_dataset\close-up_text\0102_cut_008.jpg,0102_cut_008.jpg,0102,close-up_text,close-up,1,close-up_text,test
C:\Temp\deep\labeled_dataset\close-up_text\0102_cut_013.jpg,0102_cut_013.jpg,0102,close-up_text,close-up,1,close-up_text,test
C:\Temp\deep\labeled_dataset\close-up_text\0102_cut_014.jpg,0102_cut_014.jpg,0102,close-up_text,close-up,1,close-up_text,test
C:\Temp\deep\labeled_dataset\close-up_text\0105_cut_003.jpg,0105_cut_003.jpg,0105,close-up_text,close-up,1,close-up_text,train
C:\Temp\deep\labeled_dataset\close-up_text\0114_cut_004.jpg,0114_cut_004.jpg,0114,close-up_text,close-up,1,close-up_text,test
C:\Temp\deep\labeled_dataset\close-up_text\0114_cut_005.jpg,0114_cut_005.jpg,0114,close-up_text,close-up,1,close-up_text,test
C:\Temp\deep\labeled_dataset\close-up_text\0114_cut_006.jpg,0114_cut_006.jpg,0114,close-up_text,close-up,1,close-up_text,test
C:\Temp\deep\labeled_dataset\close-up_text\0114_cut_010.jpg,0114_cut_010.jpg,0114,close-up_text,close-up,1,close-up_text,test
C:\Temp\deep\labeled_dataset\close-up_text\0114_cut_011.jpg,0114_cut_011.jpg,0114,close-up_text,close-up,1,close-up_text,test
C:\Temp\deep\labeled_dataset\close-up_text\0114_cut_013.jpg,0114_cut_013.jpg,0114,close-up_text,close-up,1,close-up_text,test
C:\Temp\deep\labeled_dataset\close-up_text\0114_cut_014.jpg,0114_cut_014.jpg,0114,close-up_text,close-up,1,close-up_text,test
C:\Temp\deep\labeled_dataset\close-up_text\0119_cut_001.jpg,0119_cut_001.jpg,0119,close-up_text,close-up,1,close-up_text,train
C:\Temp\deep\labeled_dataset\close-up_text\0119_cut_002.jpg,0119_cut_002.jpg,0119,close-up_text,close-up,1,close-up_text,train
C:\Temp\deep\labeled_dataset\close-up_text\0119_cut_003.jpg,0119_cut_003.jpg,0119,close-up_text,close-up,1,close-up_text,train
C:\Temp\deep\labeled_dataset\close-up_text\0119_cut_004.jpg,0119_cut_004.jpg,0119,close-up_text,close-up,1,close-up_text,train
C:\Temp\deep\labeled_dataset\close-up_text\0119_cut_005.jpg,0119_cut_005.jpg,0119,close-up_text,close-up,1,close-up_text,train
C:\Temp\deep\labeled_dataset\close-up_text\0119_cut_011.jpg,0119_cut_011.jpg,0119,close-up_text,close-up,1,close-up_text,train
C:\Temp\deep\labeled_dataset\close-up_text\0119_cut_014.jpg,0119_cut_014.jpg,0119,close-up_text,close-up,1,close-up_text,train
C:\Temp\deep\labeled_dataset\close-up_text\0120_cut_002.jpg,0120_cut_002.jpg,0120,close-up_text,close-up,1,close-up_text,train
C:\Temp\deep\labeled_dataset\close-up_text\0122_cut_001.jpg,0122_cut_001.jpg,0122,close-up_text,close-up,1,close-up_text,train
C:\Temp\deep\labeled_dataset\close-up_text\0129_cut_007.jpg,0129_cut_007.jpg,0129,close-up_text,close-up,1,close-up_text,train
C:\Temp\deep\labeled_dataset\medium_notext\0010_cut_002.jpg,0010_cut_002.jpg,0010,medium_notext,medium,0,medium_notext,val
C:\Temp\deep\labeled_dataset\medium_notext\0013_cut_009.jpg,0013_cut_009.jpg,0013,medium_notext,medium,0,medium_notext,train
C:\Temp\deep\labeled_dataset\medium_notext\0013_cut_014.jpg,0013_cut_014.jpg,0013,medium_notext,medium,0,medium_notext,train
C:\Temp\deep\labeled_dataset\medium_notext\0013_cut_021.jpg,0013_cut_021.jpg,0013,medium_notext,medium,0,medium_notext,train
C:\Temp\deep\labeled_dataset\medium_notext\0024_cut_017.jpg,0024_cut_017.jpg,0024,medium_notext,medium,0,medium_notext,train
C:\Temp\deep\labeled_dataset\medium_notext\0024_cut_018.jpg,0024_cut_018.jpg,0024,medium_notext,medium,0,medium_notext,train
C:\Temp\deep\labeled_dataset\medium_notext\0024_cut_020.jpg,0024_cut_020.jpg,0024,medium_notext,medium,0,medium_notext,train
C:\Temp\deep\labeled_dataset\medium_notext\0024_cut_025.jpg,0024_cut_025.jpg,0024,medium_notext,medium,0,medium_notext,train
C:\Temp\deep\labeled_dataset\medium_notext\0025_cut_005.jpg,0025_cut_005.jpg,0025,medium_notext,medium,0,medium_notext,test
C:\Temp\deep\labeled_dataset\medium_notext\0025_cut_006.jpg,0025_cut_006.jpg,0025,medium_notext,medium,0,medium_notext,test
C:\Temp\deep\labeled_dataset\medium_notext\0025_cut_007.jpg,0025_cut_007.jpg,0025,medium_notext,medium,0,medium_notext,test
C:\Temp\deep\labeled_dataset\medium_notext\0028_cut_004.jpg,0028_cut_004.jpg,0028,medium_notext,medium,0,medium_notext,train
C:\Temp\deep\labeled_dataset\medium_notext\0028_cut_006.jpg,0028_cut_006.jpg,0028,medium_notext,medium,0,medium_notext,train
C:\Temp\deep\labeled_dataset\medium_notext\0028_cut_007.jpg,0028_cut_007.jpg,0028,medium_notext,medium,0,medium_notext,train
C:\Temp\deep\labeled_dataset\medium_notext\0028_cut_010.jpg,0028_cut_010.jpg,0028,medium_notext,medium,0,medium_notext,train
C:\Temp\deep\labeled_dataset\medium_notext\0029_cut_001.jpg,0029_cut_001.jpg,0029,medium_notext,medium,0,medium_notext,train
C:\Temp\deep\labeled_dataset\medium_notext\0030_cut_011.jpg,0030_cut_011.jpg,0030,medium_notext,medium,0,medium_notext,val
C:\Temp\deep\labeled_dataset\medium_notext\0030_cut_022.jpg,0030_cut_022.jpg,0030,medium_notext,medium,0,medium_notext,val
C:\Temp\deep\labeled_dataset\medium_notext\0032_cut_005.jpg,0032_cut_005.jpg,0032,medium_notext,medium,0,medium_notext,train
C:\Temp\deep\labeled_dataset\medium_notext\0034_cut_006.jpg,0034_cut_006.jpg,0034,medium_notext,medium,0,medium_notext,val
C:\Temp\deep\labeled_dataset\medium_notext\0034_cut_009.jpg,0034_cut_009.jpg,0034,medium_notext,medium,0,medium_notext,val
C:\Temp\deep\labeled_dataset\medium_notext\0036_cut_005.jpg,0036_cut_005.jpg,0036,medium_notext,medium,0,medium_notext,train
C:\Temp\deep\labeled_dataset\medium_notext\0036_cut_006.jpg,0036_cut_006.jpg,0036,medium_notext,medium,0,medium_notext,train
C:\Temp\deep\labeled_dataset\medium_notext\0038_cut_006.jpg,0038_cut_006.jpg,0038,medium_notext,medium,0,medium_notext,train
C:\Temp\deep\labeled_dataset\medium_notext\0043_cut_005.jpg,0043_cut_005.jpg,0043,medium_notext,medium,0,medium_notext,train
C:\Temp\deep\labeled_dataset\medium_notext\0043_cut_007.jpg,0043_cut_007.jpg,0043,medium_notext,medium,0,medium_notext,train
C:\Temp\deep\labeled_dataset\medium_notext\0044_cut_003.jpg,0044_cut_003.jpg,0044,medium_notext,medium,0,medium_notext,train
C:\Temp\deep\labeled_dataset\medium_notext\0044_cut_005.jpg,0044_cut_005.jpg,0044,medium_notext,medium,0,medium_notext,train
C:\Temp\deep\labeled_dataset\medium_notext\0044_cut_019.jpg,0044_cut_019.jpg,0044,medium_notext,medium,0,medium_notext,train
C:\Temp\deep\labeled_dataset\medium_notext\0047_cut_003.jpg,0047_cut_003.jpg,0047,medium_notext,medium,0,medium_notext,train
C:\Temp\deep\labeled_dataset\medium_notext\0048_cut_001.jpg,0048_cut_001.jpg,0048,medium_notext,medium,0,medium_notext,test
C:\Temp\deep\labeled_dataset\medium_notext\0050_cut_004.jpg,0050_cut_004.jpg,0050,medium_notext,medium,0,medium_notext,train
C:\Temp\deep\labeled_dataset\medium_notext\0050_cut_005.jpg,0050_cut_005.jpg,0050,medium_notext,medium,0,medium_notext,train
C:\Temp\deep\labeled_dataset\medium_notext\0051_cut_001.jpg,0051_cut_001.jpg,0051,medium_notext,medium,0,medium_notext,val
C:\Temp\deep\labeled_dataset\medium_notext\0051_cut_002.jpg,0051_cut_002.jpg,0051,medium_notext,medium,0,medium_notext,val
C:\Temp\deep\labeled_dataset\medium_notext\0051_cut_003.jpg,0051_cut_003.jpg,0051,medium_notext,medium,0,medium_notext,val
C:\Temp\deep\labeled_dataset\medium_notext\0051_cut_004.jpg,0051_cut_004.jpg,0051,medium_notext,medium,0,medium_notext,val
C:\Temp\deep\labeled_dataset\medium_notext\0051_cut_005.jpg,0051_cut_005.jpg,0051,medium_notext,medium,0,medium_notext,val
C:\Temp\deep\labeled_dataset\medium_notext\0051_cut_006.jpg,0051_cut_006.jpg,0051,medium_notext,medium,0,medium_notext,val
C:\Temp\deep\labeled_dataset\medium_notext\0051_cut_007.jpg,0051_cut_007.jpg,0051,medium_notext,medium,0,medium_notext,val
C:\Temp\deep\labeled_dataset\medium_notext\0051_cut_008.jpg,0051_cut_008.jpg,0051,medium_notext,medium,0,medium_notext,val
C:\Temp\deep\labeled_dataset\medium_notext\0051_cut_009.jpg,0051_cut_009.jpg,0051,medium_notext,medium,0,medium_notext,val
C:\Temp\deep\labeled_dataset\medium_notext\0051_cut_010.jpg,0051_cut_010.jpg,0051,medium_notext,medium,0,medium_notext,val
C:\Temp\deep\labeled_dataset\medium_notext\0052_cut_001.jpg,0052_cut_001.jpg,0052,medium_notext,medium,0,medium_notext,val
C:\Temp\deep\labeled_dataset\medium_notext\0054_cut_002.jpg,0054_cut_002.jpg,0054,medium_notext,medium,0,medium_notext,train
C:\Temp\deep\labeled_dataset\medium_notext\0054_cut_003.jpg,0054_cut_003.jpg,0054,medium_notext,medium,0,medium_notext,train
C:\Temp\deep\labeled_dataset\medium_notext\0054_cut_005.jpg,0054_cut_005.jpg,0054,medium_notext,medium,0,medium_notext,train
C:\Temp\deep\labeled_dataset\medium_notext\0054_cut_010.jpg,0054_cut_010.jpg,0054,medium_notext,medium,0,medium_notext,train
C:\Temp\deep\labeled_dataset\medium_notext\0084_cut_002.jpg,0084_cut_002.jpg,0084,medium_notext,medium,0,medium_notext,train
C:\Temp\deep\labeled_dataset\medium_notext\0084_cut_003.jpg,0084_cut_003.jpg,0084,medium_notext,medium,0,medium_notext,train
C:\Temp\deep\labeled_dataset\medium_notext\0084_cut_007.jpg,0084_cut_007.jpg,0084,medium_notext,medium,0,medium_notext,train
C:\Temp\deep\labeled_dataset\medium_notext\0084_cut_008.jpg,0084_cut_008.jpg,0084,medium_notext,medium,0,medium_notext,train
C:\Temp\deep\labeled_dataset\medium_notext\0087_cut_001.jpg,0087_cut_001.jpg,0087,medium_notext,medium,0,medium_notext,test
C:\Temp\deep\labeled_dataset\medium_notext\0089_cut_007.jpg,0089_cut_007.jpg,0089,medium_notext,medium,0,medium_notext,val
C:\Temp\deep\labeled_dataset\medium_notext\0089_cut_011.jpg,0089_cut_011.jpg,0089,medium_notext,medium,0,medium_notext,val
C:\Temp\deep\labeled_dataset\medium_notext\0093_cut_001.jpg,0093_cut_001.jpg,0093,medium_notext,medium,0,medium_notext,val
C:\Temp\deep\labeled_dataset\medium_notext\0093_cut_019.jpg,0093_cut_019.jpg,0093,medium_notext,medium,0,medium_notext,val
C:\Temp\deep\labeled_dataset\medium_notext\0098_cut_002.jpg,0098_cut_002.jpg,0098,medium_notext,medium,0,medium_notext,train
C:\Temp\deep\labeled_dataset\medium_notext\0105_cut_001.jpg,0105_cut_001.jpg,0105,medium_notext,medium,0,medium_notext,train
C:\Temp\deep\labeled_dataset\medium_notext\0106_cut_008.jpg,0106_cut_008.jpg,0106,medium_notext,medium,0,medium_notext,val
C:\Temp\deep\labeled_dataset\medium_notext\0108_cut_014.jpg,0108_cut_014.jpg,0108,medium_notext,medium,0,medium_notext,train
C:\Temp\deep\labeled_dataset\medium_notext\0109_cut_010.jpg,0109_cut_010.jpg,0109,medium_notext,medium,0,medium_notext,train
C:\Temp\deep\labeled_dataset\medium_notext\0109_cut_012.jpg,0109_cut_012.jpg,0109,medium_notext,medium,0,medium_notext,train
C:\Temp\deep\labeled_dataset\medium_notext\0109_cut_016.jpg,0109_cut_016.jpg,0109,medium_notext,medium,0,medium_notext,train
C:\Temp\deep\labeled_dataset\medium_notext\0114_cut_002.jpg,0114_cut_002.jpg,0114,medium_notext,medium,0,medium_notext,test
C:\Temp\deep\labeled_dataset\medium_notext\0117_cut_001.jpg,0117_cut_001.jpg,0117,medium_notext,medium,0,medium_notext,val
C:\Temp\deep\labeled_dataset\medium_notext\0117_cut_003.jpg,0117_cut_003.jpg,0117,medium_notext,medium,0,medium_notext,val
C:\Temp\deep\labeled_dataset\medium_notext\0119_cut_012.jpg,0119_cut_012.jpg,0119,medium_notext,medium,0,medium_notext,train
C:\Temp\deep\labeled_dataset\medium_notext\0119_cut_013.jpg,0119_cut_013.jpg,0119,medium_notext,medium,0,medium_notext,train
C:\Temp\deep\labeled_dataset\medium_notext\0122_cut_003.jpg,0122_cut_003.jpg,0122,medium_notext,medium,0,medium_notext,train
C:\Temp\deep\labeled_dataset\medium_notext\0123_cut_002.jpg,0123_cut_002.jpg,0123,medium_notext,medium,0,medium_notext,train
C:\Temp\deep\labeled_dataset\medium_notext\0123_cut_003.jpg,0123_cut_003.jpg,0123,medium_notext,medium,0,medium_notext,train
C:\Temp\deep\labeled_dataset\medium_notext\0123_cut_009.jpg,0123_cut_009.jpg,0123,medium_notext,medium,0,medium_notext,train
C:\Temp\deep\labeled_dataset\medium_notext\0127_cut_002.jpg,0127_cut_002.jpg,0127,medium_notext,medium,0,medium_notext,train
C:\Temp\deep\labeled_dataset\medium_text\0001_cut_001.jpg,0001_cut_001.jpg,0001,medium_text,medium,1,medium_text,test
C:\Temp\deep\labeled_dataset\medium_text\0001_cut_002.jpg,0001_cut_002.jpg,0001,medium_text,medium,1,medium_text,test
C:\Temp\deep\labeled_dataset\medium_text\0001_cut_004.jpg,0001_cut_004.jpg,0001,medium_text,medium,1,medium_text,test
C:\Temp\deep\labeled_dataset\medium_text\0003_cut_002.jpg,0003_cut_002.jpg,0003,medium_text,medium,1,medium_text,test
C:\Temp\deep\labeled_dataset\medium_text\0003_cut_004.jpg,0003_cut_004.jpg,0003,medium_text,medium,1,medium_text,test
C:\Temp\deep\labeled_dataset\medium_text\0003_cut_005.jpg,0003_cut_005.jpg,0003,medium_text,medium,1,medium_text,test
C:\Temp\deep\labeled_dataset\medium_text\0003_cut_006.jpg,0003_cut_006.jpg,0003,medium_text,medium,1,medium_text,test
C:\Temp\deep\labeled_dataset\medium_text\0003_cut_008.jpg,0003_cut_008.jpg,0003,medium_text,medium,1,medium_text,test
C:\Temp\deep\labeled_dataset\medium_text\0003_cut_009.jpg,0003_cut_009.jpg,0003,medium_text,medium,1,medium_text,test
C:\Temp\deep\labeled_dataset\medium_text\0003_cut_011.jpg,0003_cut_011.jpg,0003,medium_text,medium,1,medium_text,test
C:\Temp\deep\labeled_dataset\medium_text\0003_cut_013.jpg,0003_cut_013.jpg,0003,medium_text,medium,1,medium_text,test
C:\Temp\deep\labeled_dataset\medium_text\0005_cut_013.jpg,0005_cut_013.jpg,0005,medium_text,medium,1,medium_text,train
C:\Temp\deep\labeled_dataset\medium_text\0006_cut_001.jpg,0006_cut_001.jpg,0006,medium_text,medium,1,medium_text,train
C:\Temp\deep\labeled_dataset\medium_text\0006_cut_002.jpg,0006_cut_002.jpg,0006,medium_text,medium,1,medium_text,train
C:\Temp\deep\labeled_dataset\medium_text\0006_cut_003.jpg,0006_cut_003.jpg,0006,medium_text,medium,1,medium_text,train
C:\Temp\deep\labeled_dataset\medium_text\0006_cut_004.jpg,0006_cut_004.jpg,0006,medium_text,medium,1,medium_text,train
C:\Temp\deep\labeled_dataset\medium_text\0006_cut_005.jpg,0006_cut_005.jpg,0006,medium_text,medium,1,medium_text,train
C:\Temp\deep\labeled_dataset\medium_text\0007_cut_001.jpg,0007_cut_001.jpg,0007,medium_text,medium,1,medium_text,test
C:\Temp\deep\labeled_dataset\medium_text\0010_cut_001.jpg,0010_cut_001.jpg,0010,medium_text,medium,1,medium_text,val
C:\Temp\deep\labeled_dataset\medium_text\0010_cut_003.jpg,0010_cut_003.jpg,0010,medium_text,medium,1,medium_text,val
C:\Temp\deep\labeled_dataset\medium_text\0010_cut_008.jpg,0010_cut_008.jpg,0010,medium_text,medium,1,medium_text,val
C:\Temp\deep\labeled_dataset\medium_text\0010_cut_011.jpg,0010_cut_011.jpg,0010,medium_text,medium,1,medium_text,val
C:\Temp\deep\labeled_dataset\medium_text\0010_cut_012.jpg,0010_cut_012.jpg,0010,medium_text,medium,1,medium_text,val
C:\Temp\deep\labeled_dataset\medium_text\0010_cut_013.jpg,0010_cut_013.jpg,0010,medium_text,medium,1,medium_text,val
C:\Temp\deep\labeled_dataset\medium_text\0010_cut_016.jpg,0010_cut_016.jpg,0010,medium_text,medium,1,medium_text,val
C:\Temp\deep\labeled_dataset\medium_text\0010_cut_021.jpg,0010_cut_021.jpg,0010,medium_text,medium,1,medium_text,val
C:\Temp\deep\labeled_dataset\medium_text\0011_cut_001.jpg,0011_cut_001.jpg,0011,medium_text,medium,1,medium_text,train
C:\Temp\deep\labeled_dataset\medium_text\0011_cut_003.jpg,0011_cut_003.jpg,0011,medium_text,medium,1,medium_text,train
C:\Temp\deep\labeled_dataset\medium_text\0011_cut_005.jpg,0011_cut_005.jpg,0011,medium_text,medium,1,medium_text,train
C:\Temp\deep\labeled_dataset\medium_text\0011_cut_009.jpg,0011_cut_009.jpg,0011,medium_text,medium,1,medium_text,train
C:\Temp\deep\labeled_dataset\medium_text\0011_cut_010.jpg,0011_cut_010.jpg,0011,medium_text,medium,1,medium_text,train
C:\Temp\deep\labeled_dataset\medium_text\0011_cut_012.jpg,0011_cut_012.jpg,0011,medium_text,medium,1,medium_text,train
C:\Temp\deep\labeled_dataset\medium_text\0011_cut_013.jpg,0011_cut_013.jpg,0011,medium_text,medium,1,medium_text,train
C:\Temp\deep\labeled_dataset\medium_text\0011_cut_014.jpg,0011_cut_014.jpg,0011,medium_text,medium,1,medium_text,train
C:\Temp\deep\labeled_dataset\medium_text\0014_cut_006.jpg,0014_cut_006.jpg,0014,medium_text,medium,1,medium_text,train
C:\Temp\deep\labeled_dataset\medium_text\0014_cut_007.jpg,0014_cut_007.jpg,0014,medium_text,medium,1,medium_text,train
C:\Temp\deep\labeled_dataset\medium_text\0016_cut_001.jpg,0016_cut_001.jpg,0016,medium_text,medium,1,medium_text,val
C:\Temp\deep\labeled_dataset\medium_text\0016_cut_003.jpg,0016_cut_003.jpg,0016,medium_text,medium,1,medium_text,val
C:\Temp\deep\labeled_dataset\medium_text\0016_cut_009.jpg,0016_cut_009.jpg,0016,medium_text,medium,1,medium_text,val
C:\Temp\deep\labeled_dataset\medium_text\0016_cut_010.jpg,0016_cut_010.jpg,0016,medium_text,medium,1,medium_text,val
C:\Temp\deep\labeled_dataset\medium_text\0016_cut_011.jpg,0016_cut_011.jpg,0016,medium_text,medium,1,medium_text,val
C:\Temp\deep\labeled_dataset\medium_text\0016_cut_013.jpg,0016_cut_013.jpg,0016,medium_text,medium,1,medium_text,val
C:\Temp\deep\labeled_dataset\medium_text\0017_cut_003.jpg,0017_cut_003.jpg,0017,medium_text,medium,1,medium_text,train
C:\Temp\deep\labeled_dataset\medium_text\0017_cut_004.jpg,0017_cut_004.jpg,0017,medium_text,medium,1,medium_text,train
C:\Temp\deep\labeled_dataset\medium_text\0017_cut_006.jpg,0017_cut_006.jpg,0017,medium_text,medium,1,medium_text,train
C:\Temp\deep\labeled_dataset\medium_text\0017_cut_007.jpg,0017_cut_007.jpg,0017,medium_text,medium,1,medium_text,train
C:\Temp\deep\labeled_dataset\medium_text\0017_cut_010.jpg,0017_cut_010.jpg,0017,medium_text,medium,1,medium_text,train
C:\Temp\deep\labeled_dataset\medium_text\0017_cut_012.jpg,0017_cut_012.jpg,0017,medium_text,medium,1,medium_text,train
C:\Temp\deep\labeled_dataset\medium_text\0018_cut_004.jpg,0018_cut_004.jpg,0018,medium_text,medium,1,medium_text,val
C:\Temp\deep\labeled_dataset\medium_text\0019_cut_001.jpg,0019_cut_001.jpg,0019,medium_text,medium,1,medium_text,test
C:\Temp\deep\labeled_dataset\medium_text\0020_cut_002.jpg,0020_cut_002.jpg,0020,medium_text,medium,1,medium_text,train
C:\Temp\deep\labeled_dataset\medium_text\0020_cut_003.jpg,0020_cut_003.jpg,0020,medium_text,medium,1,medium_text,train
C:\Temp\deep\labeled_dataset\medium_text\0020_cut_004.jpg,0020_cut_004.jpg,0020,medium_text,medium,1,medium_text,train
C:\Temp\deep\labeled_dataset\medium_text\0020_cut_005.jpg,0020_cut_005.jpg,0020,medium_text,medium,1,medium_text,train
C:\Temp\deep\labeled_dataset\medium_text\0020_cut_006.jpg,0020_cut_006.jpg,0020,medium_text,medium,1,medium_text,train
C:\Temp\deep\labeled_dataset\medium_text\0021_cut_004.jpg,0021_cut_004.jpg,0021,medium_text,medium,1,medium_text,val
C:\Temp\deep\labeled_dataset\medium_text\0021_cut_005.jpg,0021_cut_005.jpg,0021,medium_text,medium,1,medium_text,val
C:\Temp\deep\labeled_dataset\medium_text\0022_cut_005.jpg,0022_cut_005.jpg,0022,medium_text,medium,1,medium_text,test
C:\Temp\deep\labeled_dataset\medium_text\0022_cut_006.jpg,0022_cut_006.jpg,0022,medium_text,medium,1,medium_text,test
C:\Temp\deep\labeled_dataset\medium_text\0023_cut_001.jpg,0023_cut_001.jpg,0023,medium_text,medium,1,medium_text,train
C:\Temp\deep\labeled_dataset\medium_text\0023_cut_002.jpg,0023_cut_002.jpg,0023,medium_text,medium,1,medium_text,train
C:\Temp\deep\labeled_dataset\medium_text\0023_cut_004.jpg,0023_cut_004.jpg,0023,medium_text,medium,1,medium_text,train
C:\Temp\deep\labeled_dataset\medium_text\0023_cut_005.jpg,0023_cut_005.jpg,0023,medium_text,medium,1,medium_text,train
C:\Temp\deep\labeled_dataset\medium_text\0023_cut_006.jpg,0023_cut_006.jpg,0023,medium_text,medium,1,medium_text,train
C:\Temp\deep\labeled_dataset\medium_text\0023_cut_007.jpg,0023_cut_007.jpg,0023,medium_text,medium,1,medium_text,train
C:\Temp\deep\labeled_dataset\medium_text\0023_cut_008.jpg,0023_cut_008.jpg,0023,medium_text,medium,1,medium_text,train
C:\Temp\deep\labeled_dataset\medium_text\0023_cut_009.jpg,0023_cut_009.jpg,0023,medium_text,medium,1,medium_text,train
C:\Temp\deep\labeled_dataset\medium_text\0023_cut_010.jpg,0023_cut_010.jpg,0023,medium_text,medium,1,medium_text,train
C:\Temp\deep\labeled_dataset\medium_text\0023_cut_011.jpg,0023_cut_011.jpg,0023,medium_text,medium,1,medium_text,train
C:\Temp\deep\labeled_dataset\medium_text\0023_cut_012.jpg,0023_cut_012.jpg,0023,medium_text,medium,1,medium_text,train
C:\Temp\deep\labeled_dataset\medium_text\0023_cut_013.jpg,0023_cut_013.jpg,0023,medium_text,medium,1,medium_text,train
C:\Temp\deep\labeled_dataset\medium_text\0023_cut_014.jpg,0023_cut_014.jpg,0023,medium_text,medium,1,medium_text,train
C:\Temp\deep\labeled_dataset\medium_text\0023_cut_015.jpg,0023_cut_015.jpg,0023,medium_text,medium,1,medium_text,train
C:\Temp\deep\labeled_dataset\medium_text\0023_cut_016.jpg,0023_cut_016.jpg,0023,medium_text,medium,1,medium_text,train
C:\Temp\deep\labeled_dataset\medium_text\0023_cut_017.jpg,0023_cut_017.jpg,0023,medium_text,medium,1,medium_text,train
C:\Temp\deep\labeled_dataset\medium_text\0023_cut_018.jpg,0023_cut_018.jpg,0023,medium_text,medium,1,medium_text,train
C:\Temp\deep\labeled_dataset\medium_text\0023_cut_019.jpg,0023_cut_019.jpg,0023,medium_text,medium,1,medium_text,train
C:\Temp\deep\labeled_dataset\medium_text\0023_cut_020.jpg,0023_cut_020.jpg,0023,medium_text,medium,1,medium_text,train
C:\Temp\deep\labeled_dataset\medium_text\0024_cut_002.jpg,0024_cut_002.jpg,0024,medium_text,medium,1,medium_text,train
C:\Temp\deep\labeled_dataset\medium_text\0024_cut_003.jpg,0024_cut_003.jpg,0024,medium_text,medium,1,medium_text,train
C:\Temp\deep\labeled_dataset\medium_text\0024_cut_004.jpg,0024_cut_004.jpg,0024,medium_text,medium,1,medium_text,train
C:\Temp\deep\labeled_dataset\medium_text\0024_cut_008.jpg,0024_cut_008.jpg,0024,medium_text,medium,1,medium_text,train
C:\Temp\deep\labeled_dataset\medium_text\0024_cut_009.jpg,0024_cut_009.jpg,0024,medium_text,medium,1,medium_text,train
C:\Temp\deep\labeled_dataset\medium_text\0024_cut_013.jpg,0024_cut_013.jpg,0024,medium_text,medium,1,medium_text,train
C:\Temp\deep\labeled_dataset\medium_text\0024_cut_014.jpg,0024_cut_014.jpg,0024,medium_text,medium,1,medium_text,train
C:\Temp\deep\labeled_dataset\medium_text\0024_cut_021.jpg,0024_cut_021.jpg,0024,medium_text,medium,1,medium_text,train
C:\Temp\deep\labeled_dataset\medium_text\0024_cut_022.jpg,0024_cut_022.jpg,0024,medium_text,medium,1,medium_text,train
C:\Temp\deep\labeled_dataset\medium_text\0024_cut_023.jpg,0024_cut_023.jpg,0024,medium_text,medium,1,medium_text,train
C:\Temp\deep\labeled_dataset\medium_text\0024_cut_028.jpg,0024_cut_028.jpg,0024,medium_text,medium,1,medium_text,train
C:\Temp\deep\labeled_dataset\medium_text\0024_cut_032.jpg,0024_cut_032.jpg,0024,medium_text,medium,1,medium_text,train
C:\Temp\deep\labeled_dataset\medium_text\0025_cut_001.jpg,0025_cut_001.jpg,0025,medium_text,medium,1,medium_text,test
C:\Temp\deep\labeled_dataset\medium_text\0025_cut_003.jpg,0025_cut_003.jpg,0025,medium_text,medium,1,medium_text,test
C:\Temp\deep\labeled_dataset\medium_text\0025_cut_004.jpg,0025_cut_004.jpg,0025,medium_text,medium,1,medium_text,test
C:\Temp\deep\labeled_dataset\medium_text\0025_cut_008.jpg,0025_cut_008.jpg,0025,medium_text,medium,1,medium_text,test
C:\Temp\deep\labeled_dataset\medium_text\0025_cut_009.jpg,0025_cut_009.jpg,0025,medium_text,medium,1,medium_text,test
C:\Temp\deep\labeled_dataset\medium_text\0025_cut_010.jpg,0025_cut_010.jpg,0025,medium_text,medium,1,medium_text,test
C:\Temp\deep\labeled_dataset\medium_text\0025_cut_012.jpg,0025_cut_012.jpg,0025,medium_text,medium,1,medium_text,test
C:\Temp\deep\labeled_dataset\medium_text\0026_cut_001.jpg,0026_cut_001.jpg,0026,medium_text,medium,1,medium_text,train
C:\Temp\deep\labeled_dataset\medium_text\0026_cut_003.jpg,0026_cut_003.jpg,0026,medium_text,medium,1,medium_text,train
C:\Temp\deep\labeled_dataset\medium_text\0026_cut_004.jpg,0026_cut_004.jpg,0026,medium_text,medium,1,medium_text,train
C:\Temp\deep\labeled_dataset\medium_text\0027_cut_001.jpg,0027_cut_001.jpg,0027,medium_text,medium,1,medium_text,train
C:\Temp\deep\labeled_dataset\medium_text\0027_cut_002.jpg,0027_cut_002.jpg,0027,medium_text,medium,1,medium_text,train
C:\Temp\deep\labeled_dataset\medium_text\0028_cut_001.jpg,0028_cut_001.jpg,0028,medium_text,medium,1,medium_text,train
C:\Temp\deep\labeled_dataset\medium_text\0028_cut_002.jpg,0028_cut_002.jpg,0028,medium_text,medium,1,medium_text,train
C:\Temp\deep\labeled_dataset\medium_text\0028_cut_003.jpg,0028_cut_003.jpg,0028,medium_text,medium,1,medium_text,train
C:\Temp\deep\labeled_dataset\medium_text\0028_cut_005.jpg,0028_cut_005.jpg,0028,medium_text,medium,1,medium_text,train
C:\Temp\deep\labeled_dataset\medium_text\0028_cut_008.jpg,0028_cut_008.jpg,0028,medium_text,medium,1,medium_text,train
C:\Temp\deep\labeled_dataset\medium_text\0028_cut_009.jpg,0028_cut_009.jpg,0028,medium_text,medium,1,medium_text,train
C:\Temp\deep\labeled_dataset\medium_text\0028_cut_011.jpg,0028_cut_011.jpg,0028,medium_text,medium,1,medium_text,train
C:\Temp\deep\labeled_dataset\medium_text\0029_cut_005.jpg,0029_cut_005.jpg,0029,medium_text,medium,1,medium_text,train
C:\Temp\deep\labeled_dataset\medium_text\0029_cut_007.jpg,0029_cut_007.jpg,0029,medium_text,medium,1,medium_text,train
C:\Temp\deep\labeled_dataset\medium_text\0029_cut_012.jpg,0029_cut_012.jpg,0029,medium_text,medium,1,medium_text,train
C:\Temp\deep\labeled_dataset\medium_text\0029_cut_019.jpg,0029_cut_019.jpg,0029,medium_text,medium,1,medium_text,train
C:\Temp\deep\labeled_dataset\medium_text\0029_cut_029.jpg,0029_cut_029.jpg,0029,medium_text,medium,1,medium_text,train
C:\Temp\deep\labeled_dataset\medium_text\0030_cut_001.jpg,0030_cut_001.jpg,0030,medium_text,medium,1,medium_text,val
C:\Temp\deep\labeled_dataset\medium_text\0030_cut_002.jpg,0030_cut_002.jpg,0030,medium_text,medium,1,medium_text,val
C:\Temp\deep\labeled_dataset\medium_text\0030_cut_004.jpg,0030_cut_004.jpg,0030,medium_text,medium,1,medium_text,val
C:\Temp\deep\labeled_dataset\medium_text\0030_cut_005.jpg,0030_cut_005.jpg,0030,medium_text,medium,1,medium_text,val
C:\Temp\deep\labeled_dataset\medium_text\0030_cut_006.jpg,0030_cut_006.jpg,0030,medium_text,medium,1,medium_text,val
C:\Temp\deep\labeled_dataset\medium_text\0030_cut_007.jpg,0030_cut_007.jpg,0030,medium_text,medium,1,medium_text,val
C:\Temp\deep\labeled_dataset\medium_text\0030_cut_009.jpg,0030_cut_009.jpg,0030,medium_text,medium,1,medium_text,val
C:\Temp\deep\labeled_dataset\medium_text\0030_cut_023.jpg,0030_cut_023.jpg,0030,medium_text,medium,1,medium_text,val
C:\Temp\deep\labeled_dataset\medium_text\0030_cut_024.jpg,0030_cut_024.jpg,0030,medium_text,medium,1,medium_text,val
C:\Temp\deep\labeled_dataset\medium_text\0030_cut_026.jpg,0030_cut_026.jpg,0030,medium_text,medium,1,medium_text,val
C:\Temp\deep\labeled_dataset\medium_text\0032_cut_002.jpg,0032_cut_002.jpg,0032,medium_text,medium,1,medium_text,train
C:\Temp\deep\labeled_dataset\medium_text\0032_cut_003.jpg,0032_cut_003.jpg,0032,medium_text,medium,1,medium_text,train
C:\Temp\deep\labeled_dataset\medium_text\0032_cut_004.jpg,0032_cut_004.jpg,0032,medium_text,medium,1,medium_text,train
C:\Temp\deep\labeled_dataset\medium_text\0033_cut_001.jpg,0033_cut_001.jpg,0033,medium_text,medium,1,medium_text,train
C:\Temp\deep\labeled_dataset\medium_text\0033_cut_002.jpg,0033_cut_002.jpg,0033,medium_text,medium,1,medium_text,train
C:\Temp\deep\labeled_dataset\medium_text\0033_cut_003.jpg,0033_cut_003.jpg,0033,medium_text,medium,1,medium_text,train
C:\Temp\deep\labeled_dataset\medium_text\0033_cut_004.jpg,0033_cut_004.jpg,0033,medium_text,medium,1,medium_text,train
C:\Temp\deep\labeled_dataset\medium_text\0033_cut_005.jpg,0033_cut_005.jpg,0033,medium_text,medium,1,medium_text,train
C:\Temp\deep\labeled_dataset\medium_text\0033_cut_006.jpg,0033_cut_006.jpg,0033,medium_text,medium,1,medium_text,train
C:\Temp\deep\labeled_dataset\medium_text\0034_cut_002.jpg,0034_cut_002.jpg,0034,medium_text,medium,1,medium_text,val
C:\Temp\deep\labeled_dataset\medium_text\0034_cut_003.jpg,0034_cut_003.jpg,0034,medium_text,medium,1,medium_text,val
C:\Temp\deep\labeled_dataset\medium_text\0034_cut_007.jpg,0034_cut_007.jpg,0034,medium_text,medium,1,medium_text,val
C:\Temp\deep\labeled_dataset\medium_text\0034_cut_008.jpg,0034_cut_008.jpg,0034,medium_text,medium,1,medium_text,val
C:\Temp\deep\labeled_dataset\medium_text\0037_cut_003.jpg,0037_cut_003.jpg,0037,medium_text,medium,1,medium_text,test
C:\Temp\deep\labeled_dataset\medium_text\0037_cut_004.jpg,0037_cut_004.jpg,0037,medium_text,medium,1,medium_text,test
C:\Temp\deep\labeled_dataset\medium_text\0037_cut_005.jpg,0037_cut_005.jpg,0037,medium_text,medium,1,medium_text,test
C:\Temp\deep\labeled_dataset\medium_text\0037_cut_006.jpg,0037_cut_006.jpg,0037,medium_text,medium,1,medium_text,test
C:\Temp\deep\labeled_dataset\medium_text\0037_cut_008.jpg,0037_cut_008.jpg,0037,medium_text,medium,1,medium_text,test
C:\Temp\deep\labeled_dataset\medium_text\0037_cut_009.jpg,0037_cut_009.jpg,0037,medium_text,medium,1,medium_text,test
C:\Temp\deep\labeled_dataset\medium_text\0037_cut_011.jpg,0037_cut_011.jpg,0037,medium_text,medium,1,medium_text,test
C:\Temp\deep\labeled_dataset\medium_text\0038_cut_001.jpg,0038_cut_001.jpg,0038,medium_text,medium,1,medium_text,train
C:\Temp\deep\labeled_dataset\medium_text\0039_cut_002.jpg,0039_cut_002.jpg,0039,medium_text,medium,1,medium_text,train
C:\Temp\deep\labeled_dataset\medium_text\0040_cut_001.jpg,0040_cut_001.jpg,0040,medium_text,medium,1,medium_text,train
C:\Temp\deep\labeled_dataset\medium_text\0040_cut_004.jpg,0040_cut_004.jpg,0040,medium_text,medium,1,medium_text,train
C:\Temp\deep\labeled_dataset\medium_text\0040_cut_008.jpg,0040_cut_008.jpg,0040,medium_text,medium,1,medium_text,train
C:\Temp\deep\labeled_dataset\medium_text\0040_cut_009.jpg,0040_cut_009.jpg,0040,medium_text,medium,1,medium_text,train
C:\Temp\deep\labeled_dataset\medium_text\0040_cut_013.jpg,0040_cut_013.jpg,0040,medium_text,medium,1,medium_text,train
C:\Temp\deep\labeled_dataset\medium_text\0040_cut_017.jpg,0040_cut_017.jpg,0040,medium_text,medium,1,medium_text,train
C:\Temp\deep\labeled_dataset\medium_text\0041_cut_001.jpg,0041_cut_001.jpg,0041,medium_text,medium,1,medium_text,train
C:\Temp\deep\labeled_dataset\medium_text\0042_cut_001.jpg,0042_cut_001.jpg,0042,medium_text,medium,1,medium_text,train
C:\Temp\deep\labeled_dataset\medium_text\0043_cut_001.jpg,0043_cut_001.jpg,0043,medium_text,medium,1,medium_text,train
C:\Temp\deep\labeled_dataset\medium_text\0043_cut_002.jpg,0043_cut_002.jpg,0043,medium_text,medium,1,medium_text,train
C:\Temp\deep\labeled_dataset\medium_text\0044_cut_001.jpg,0044_cut_001.jpg,0044,medium_text,medium,1,medium_text,train
C:\Temp\deep\labeled_dataset\medium_text\0044_cut_004.jpg,0044_cut_004.jpg,0044,medium_text,medium,1,medium_text,train
C:\Temp\deep\labeled_dataset\medium_text\0044_cut_006.jpg,0044_cut_006.jpg,0044,medium_text,medium,1,medium_text,train
C:\Temp\deep\labeled_dataset\medium_text\0044_cut_007.jpg,0044_cut_007.jpg,0044,medium_text,medium,1,medium_text,train
C:\Temp\deep\labeled_dataset\medium_text\0044_cut_008.jpg,0044_cut_008.jpg,0044,medium_text,medium,1,medium_text,train
C:\Temp\deep\labeled_dataset\medium_text\0044_cut_009.jpg,0044_cut_009.jpg,0044,medium_text,medium,1,medium_text,train
C:\Temp\deep\labeled_dataset\medium_text\0044_cut_010.jpg,0044_cut_010.jpg,0044,medium_text,medium,1,medium_text,train
C:\Temp\deep\labeled_dataset\medium_text\0044_cut_012.jpg,0044_cut_012.jpg,0044,medium_text,medium,1,medium_text,train
C:\Temp\deep\labeled_dataset\medium_text\0044_cut_013.jpg,0044_cut_013.jpg,0044,medium_text,medium,1,medium_text,train
C:\Temp\deep\labeled_dataset\medium_text\0044_cut_014.jpg,0044_cut_014.jpg,0044,medium_text,medium,1,medium_text,train
C:\Temp\deep\labeled_dataset\medium_text\0044_cut_016.jpg,0044_cut_016.jpg,0044,medium_text,medium,1,medium_text,train
C:\Temp\deep\labeled_dataset\medium_text\0044_cut_017.jpg,0044_cut_017.jpg,0044,medium_text,medium,1,medium_text,train
C:\Temp\deep\labeled_dataset\medium_text\0044_cut_020.jpg,0044_cut_020.jpg,0044,medium_text,medium,1,medium_text,train
C:\Temp\deep\labeled_dataset\medium_text\0044_cut_022.jpg,0044_cut_022.jpg,0044,medium_text,medium,1,medium_text,train
C:\Temp\deep\labeled_dataset\medium_text\0045_cut_002.jpg,0045_cut_002.jpg,0045,medium_text,medium,1,medium_text,train
C:\Temp\deep\labeled_dataset\medium_text\0045_cut_003.jpg,0045_cut_003.jpg,0045,medium_text,medium,1,medium_text,train
C:\Temp\deep\labeled_dataset\medium_text\0045_cut_005.jpg,0045_cut_005.jpg,0045,medium_text,medium,1,medium_text,train
C:\Temp\deep\labeled_dataset\medium_text\0047_cut_005.jpg,0047_cut_005.jpg,0047,medium_text,medium,1,medium_text,train
C:\Temp\deep\labeled_dataset\medium_text\0048_cut_002.jpg,0048_cut_002.jpg,0048,medium_text,medium,1,medium_text,test
C:\Temp\deep\labeled_dataset\medium_text\0048_cut_008.jpg,0048_cut_008.jpg,0048,medium_text,medium,1,medium_text,test
C:\Temp\deep\labeled_dataset\medium_text\0048_cut_013.jpg,0048_cut_013.jpg,0048,medium_text,medium,1,medium_text,test
C:\Temp\deep\labeled_dataset\medium_text\0048_cut_014.jpg,0048_cut_014.jpg,0048,medium_text,medium,1,medium_text,test
C:\Temp\deep\labeled_dataset\medium_text\0048_cut_015.jpg,0048_cut_015.jpg,0048,medium_text,medium,1,medium_text,test
C:\Temp\deep\labeled_dataset\medium_text\0048_cut_016.jpg,0048_cut_016.jpg,0048,medium_text,medium,1,medium_text,test
C:\Temp\deep\labeled_dataset\medium_text\0048_cut_018.jpg,0048_cut_018.jpg,0048,medium_text,medium,1,medium_text,test
C:\Temp\deep\labeled_dataset\medium_text\0048_cut_020.jpg,0048_cut_020.jpg,0048,medium_text,medium,1,medium_text,test
C:\Temp\deep\labeled_dataset\medium_text\0048_cut_023.jpg,0048_cut_023.jpg,0048,medium_text,medium,1,medium_text,test
C:\Temp\deep\labeled_dataset\medium_text\0048_cut_025.jpg,0048_cut_025.jpg,0048,medium_text,medium,1,medium_text,test
C:\Temp\deep\labeled_dataset\medium_text\0048_cut_026.jpg,0048_cut_026.jpg,0048,medium_text,medium,1,medium_text,test
C:\Temp\deep\labeled_dataset\medium_text\0048_cut_028.jpg,0048_cut_028.jpg,0048,medium_text,medium,1,medium_text,test
C:\Temp\deep\labeled_dataset\medium_text\0048_cut_029.jpg,0048_cut_029.jpg,0048,medium_text,medium,1,medium_text,test
C:\Temp\deep\labeled_dataset\medium_text\0048_cut_034.jpg,0048_cut_034.jpg,0048,medium_text,medium,1,medium_text,test
C:\Temp\deep\labeled_dataset\medium_text\0048_cut_036.jpg,0048_cut_036.jpg,0048,medium_text,medium,1,medium_text,test
C:\Temp\deep\labeled_dataset\medium_text\0048_cut_038.jpg,0048_cut_038.jpg,0048,medium_text,medium,1,medium_text,test
C:\Temp\deep\labeled_dataset\medium_text\0049_cut_001.jpg,0049_cut_001.jpg,0049,medium_text,medium,1,medium_text,train
C:\Temp\deep\labeled_dataset\medium_text\0052_cut_008.jpg,0052_cut_008.jpg,0052,medium_text,medium,1,medium_text,val
C:\Temp\deep\labeled_dataset\medium_text\0052_cut_009.jpg,0052_cut_009.jpg,0052,medium_text,medium,1,medium_text,val
C:\Temp\deep\labeled_dataset\medium_text\0052_cut_010.jpg,0052_cut_010.jpg,0052,medium_text,medium,1,medium_text,val
C:\Temp\deep\labeled_dataset\medium_text\0052_cut_014.jpg,0052_cut_014.jpg,0052,medium_text,medium,1,medium_text,val
C:\Temp\deep\labeled_dataset\medium_text\0052_cut_015.jpg,0052_cut_015.jpg,0052,medium_text,medium,1,medium_text,val
C:\Temp\deep\labeled_dataset\medium_text\0052_cut_016.jpg,0052_cut_016.jpg,0052,medium_text,medium,1,medium_text,val
C:\Temp\deep\labeled_dataset\medium_text\0053_cut_001.jpg,0053_cut_001.jpg,0053,medium_text,medium,1,medium_text,test
C:\Temp\deep\labeled_dataset\medium_text\0053_cut_002.jpg,0053_cut_002.jpg,0053,medium_text,medium,1,medium_text,test
C:\Temp\deep\labeled_dataset\medium_text\0053_cut_003.jpg,0053_cut_003.jpg,0053,medium_text,medium,1,medium_text,test
C:\Temp\deep\labeled_dataset\medium_text\0053_cut_004.jpg,0053_cut_004.jpg,0053,medium_text,medium,1,medium_text,test
C:\Temp\deep\labeled_dataset\medium_text\0053_cut_005.jpg,0053_cut_005.jpg,0053,medium_text,medium,1,medium_text,test
C:\Temp\deep\labeled_dataset\medium_text\0053_cut_006.jpg,0053_cut_006.jpg,0053,medium_text,medium,1,medium_text,test
C:\Temp\deep\labeled_dataset\medium_text\0053_cut_007.jpg,0053_cut_007.jpg,0053,medium_text,medium,1,medium_text,test
C:\Temp\deep\labeled_dataset\medium_text\0053_cut_008.jpg,0053_cut_008.jpg,0053,medium_text,medium,1,medium_text,test
C:\Temp\deep\labeled_dataset\medium_text\0053_cut_009.jpg,0053_cut_009.jpg,0053,medium_text,medium,1,medium_text,test
C:\Temp\deep\labeled_dataset\medium_text\0053_cut_010.jpg,0053_cut_010.jpg,0053,medium_text,medium,1,medium_text,test
C:\Temp\deep\labeled_dataset\medium_text\0053_cut_011.jpg,0053_cut_011.jpg,0053,medium_text,medium,1,medium_text,test
C:\Temp\deep\labeled_dataset\medium_text\0053_cut_012.jpg,0053_cut_012.jpg,0053,medium_text,medium,1,medium_text,test
C:\Temp\deep\labeled_dataset\medium_text\0053_cut_013.jpg,0053_cut_013.jpg,0053,medium_text,medium,1,medium_text,test
C:\Temp\deep\labeled_dataset\medium_text\0053_cut_014.jpg,0053_cut_014.jpg,0053,medium_text,medium,1,medium_text,test
C:\Temp\deep\labeled_dataset\medium_text\0053_cut_015.jpg,0053_cut_015.jpg,0053,medium_text,medium,1,medium_text,test
C:\Temp\deep\labeled_dataset\medium_text\0053_cut_016.jpg,0053_cut_016.jpg,0053,medium_text,medium,1,medium_text,test
C:\Temp\deep\labeled_dataset\medium_text\0053_cut_018.jpg,0053_cut_018.jpg,0053,medium_text,medium,1,medium_text,test
C:\Temp\deep\labeled_dataset\medium_text\0053_cut_019.jpg,0053_cut_019.jpg,0053,medium_text,medium,1,medium_text,test
C:\Temp\deep\labeled_dataset\medium_text\0053_cut_020.jpg,0053_cut_020.jpg,0053,medium_text,medium,1,medium_text,test
C:\Temp\deep\labeled_dataset\medium_text\0054_cut_008.jpg,0054_cut_008.jpg,0054,medium_text,medium,1,medium_text,train
C:\Temp\deep\labeled_dataset\medium_text\0054_cut_012.jpg,0054_cut_012.jpg,0054,medium_text,medium,1,medium_text,train
C:\Temp\deep\labeled_dataset\medium_text\0055_cut_001.jpg,0055_cut_001.jpg,0055,medium_text,medium,1,medium_text,train
C:\Temp\deep\labeled_dataset\medium_text\0057_cut_001.jpg,0057_cut_001.jpg,0057,medium_text,medium,1,medium_text,train
C:\Temp\deep\labeled_dataset\medium_text\0057_cut_003.jpg,0057_cut_003.jpg,0057,medium_text,medium,1,medium_text,train
C:\Temp\deep\labeled_dataset\medium_text\0057_cut_004.jpg,0057_cut_004.jpg,0057,medium_text,medium,1,medium_text,train
C:\Temp\deep\labeled_dataset\medium_text\0064_cut_001.jpg,0064_cut_001.jpg,0064,medium_text,medium,1,medium_text,train
C:\Temp\deep\labeled_dataset\medium_text\0064_cut_002.jpg,0064_cut_002.jpg,0064,medium_text,medium,1,medium_text,train
C:\Temp\deep\labeled_dataset\medium_text\0064_cut_003.jpg,0064_cut_003.jpg,0064,medium_text,medium,1,medium_text,train
C:\Temp\deep\labeled_dataset\medium_text\0075_cut_002.jpg,0075_cut_002.jpg,0075,medium_text,medium,1,medium_text,train
C:\Temp\deep\labeled_dataset\medium_text\0075_cut_004.jpg,0075_cut_004.jpg,0075,medium_text,medium,1,medium_text,train
C:\Temp\deep\labeled_dataset\medium_text\0075_cut_005.jpg,0075_cut_005.jpg,0075,medium_text,medium,1,medium_text,train
C:\Temp\deep\labeled_dataset\medium_text\0075_cut_008.jpg,0075_cut_008.jpg,0075,medium_text,medium,1,medium_text,train
C:\Temp\deep\labeled_dataset\medium_text\0075_cut_009.jpg,0075_cut_009.jpg,0075,medium_text,medium,1,medium_text,train
C:\Temp\deep\labeled_dataset\medium_text\0075_cut_010.jpg,0075_cut_010.jpg,0075,medium_text,medium,1,medium_text,train
C:\Temp\deep\labeled_dataset\medium_text\0077_cut_009.jpg,0077_cut_009.jpg,0077,medium_text,medium,1,medium_text,test
C:\Temp\deep\labeled_dataset\medium_text\0080_cut_003.jpg,0080_cut_003.jpg,0080,medium_text,medium,1,medium_text,train
C:\Temp\deep\labeled_dataset\medium_text\0080_cut_004.jpg,0080_cut_004.jpg,0080,medium_text,medium,1,medium_text,train
C:\Temp\deep\labeled_dataset\medium_text\0080_cut_011.jpg,0080_cut_011.jpg,0080,medium_text,medium,1,medium_text,train
C:\Temp\deep\labeled_dataset\medium_text\0082_cut_001.jpg,0082_cut_001.jpg,0082,medium_text,medium,1,medium_text,val
C:\Temp\deep\labeled_dataset\medium_text\0082_cut_002.jpg,0082_cut_002.jpg,0082,medium_text,medium,1,medium_text,val
C:\Temp\deep\labeled_dataset\medium_text\0082_cut_004.jpg,0082_cut_004.jpg,0082,medium_text,medium,1,medium_text,val
C:\Temp\deep\labeled_dataset\medium_text\0082_cut_005.jpg,0082_cut_005.jpg,0082,medium_text,medium,1,medium_text,val
C:\Temp\deep\labeled_dataset\medium_text\0082_cut_007.jpg,0082_cut_007.jpg,0082,medium_text,medium,1,medium_text,val
C:\Temp\deep\labeled_dataset\medium_text\0082_cut_008.jpg,0082_cut_008.jpg,0082,medium_text,medium,1,medium_text,val
C:\Temp\deep\labeled_dataset\medium_text\0082_cut_009.jpg,0082_cut_009.jpg,0082,medium_text,medium,1,medium_text,val
C:\Temp\deep\labeled_dataset\medium_text\0082_cut_010.jpg,0082_cut_010.jpg,0082,medium_text,medium,1,medium_text,val
C:\Temp\deep\labeled_dataset\medium_text\0082_cut_011.jpg,0082_cut_011.jpg,0082,medium_text,medium,1,medium_text,val
C:\Temp\deep\labeled_dataset\medium_text\0082_cut_012.jpg,0082_cut_012.jpg,0082,medium_text,medium,1,medium_text,val
C:\Temp\deep\labeled_dataset\medium_text\0082_cut_013.jpg,0082_cut_013.jpg,0082,medium_text,medium,1,medium_text,val
C:\Temp\deep\labeled_dataset\medium_text\0082_cut_014.jpg,0082_cut_014.jpg,0082,medium_text,medium,1,medium_text,val
C:\Temp\deep\labeled_dataset\medium_text\0082_cut_018.jpg,0082_cut_018.jpg,0082,medium_text,medium,1,medium_text,val
C:\Temp\deep\labeled_dataset\medium_text\0086_cut_001.jpg,0086_cut_001.jpg,0086,medium_text,medium,1,medium_text,train
C:\Temp\deep\labeled_dataset\medium_text\0086_cut_002.jpg,0086_cut_002.jpg,0086,medium_text,medium,1,medium_text,train
C:\Temp\deep\labeled_dataset\medium_text\0086_cut_003.jpg,0086_cut_003.jpg,0086,medium_text,medium,1,medium_text,train
C:\Temp\deep\labeled_dataset\medium_text\0086_cut_004.jpg,0086_cut_004.jpg,0086,medium_text,medium,1,medium_text,train
C:\Temp\deep\labeled_dataset\medium_text\0087_cut_003.jpg,0087_cut_003.jpg,0087,medium_text,medium,1,medium_text,test
C:\Temp\deep\labeled_dataset\medium_text\0087_cut_004.jpg,0087_cut_004.jpg,0087,medium_text,medium,1,medium_text,test
C:\Temp\deep\labeled_dataset\medium_text\0087_cut_005.jpg,0087_cut_005.jpg,0087,medium_text,medium,1,medium_text,test
C:\Temp\deep\labeled_dataset\medium_text\0087_cut_006.jpg,0087_cut_006.jpg,0087,medium_text,medium,1,medium_text,test
C:\Temp\deep\labeled_dataset\medium_text\0087_cut_008.jpg,0087_cut_008.jpg,0087,medium_text,medium,1,medium_text,test
C:\Temp\deep\labeled_dataset\medium_text\0087_cut_009.jpg,0087_cut_009.jpg,0087,medium_text,medium,1,medium_text,test
C:\Temp\deep\labeled_dataset\medium_text\0087_cut_010.jpg,0087_cut_010.jpg,0087,medium_text,medium,1,medium_text,test
C:\Temp\deep\labeled_dataset\medium_text\0087_cut_011.jpg,0087_cut_011.jpg,0087,medium_text,medium,1,medium_text,test
C:\Temp\deep\labeled_dataset\medium_text\0087_cut_013.jpg,0087_cut_013.jpg,0087,medium_text,medium,1,medium_text,test
C:\Temp\deep\labeled_dataset\medium_text\0087_cut_014.jpg,0087_cut_014.jpg,0087,medium_text,medium,1,medium_text,test
C:\Temp\deep\labeled_dataset\medium_text\0088_cut_001.jpg,0088_cut_001.jpg,0088,medium_text,medium,1,medium_text,train
C:\Temp\deep\labeled_dataset\medium_text\0089_cut_008.jpg,0089_cut_008.jpg,0089,medium_text,medium,1,medium_text,val
C:\Temp\deep\labeled_dataset\medium_text\0089_cut_009.jpg,0089_cut_009.jpg,0089,medium_text,medium,1,medium_text,val
C:\Temp\deep\labeled_dataset\medium_text\0091_cut_006.jpg,0091_cut_006.jpg,0091,medium_text,medium,1,medium_text,val
C:\Temp\deep\labeled_dataset\medium_text\0092_cut_017.jpg,0092_cut_017.jpg,0092,medium_text,medium,1,medium_text,train
C:\Temp\deep\labeled_dataset\medium_text\0092_cut_018.jpg,0092_cut_018.jpg,0092,medium_text,medium,1,medium_text,train
C:\Temp\deep\labeled_dataset\medium_text\0093_cut_003.jpg,0093_cut_003.jpg,0093,medium_text,medium,1,medium_text,val
C:\Temp\deep\labeled_dataset\medium_text\0093_cut_004.jpg,0093_cut_004.jpg,0093,medium_text,medium,1,medium_text,val
C:\Temp\deep\labeled_dataset\medium_text\0093_cut_005.jpg,0093_cut_005.jpg,0093,medium_text,medium,1,medium_text,val
C:\Temp\deep\labeled_dataset\medium_text\0093_cut_008.jpg,0093_cut_008.jpg,0093,medium_text,medium,1,medium_text,val
C:\Temp\deep\labeled_dataset\medium_text\0093_cut_009.jpg,0093_cut_009.jpg,0093,medium_text,medium,1,medium_text,val
C:\Temp\deep\labeled_dataset\medium_text\0093_cut_011.jpg,0093_cut_011.jpg,0093,medium_text,medium,1,medium_text,val
C:\Temp\deep\labeled_dataset\medium_text\0093_cut_013.jpg,0093_cut_013.jpg,0093,medium_text,medium,1,medium_text,val
C:\Temp\deep\labeled_dataset\medium_text\0093_cut_014.jpg,0093_cut_014.jpg,0093,medium_text,medium,1,medium_text,val
C:\Temp\deep\labeled_dataset\medium_text\0093_cut_015.jpg,0093_cut_015.jpg,0093,medium_text,medium,1,medium_text,val
C:\Temp\deep\labeled_dataset\medium_text\0093_cut_016.jpg,0093_cut_016.jpg,0093,medium_text,medium,1,medium_text,val
C:\Temp\deep\labeled_dataset\medium_text\0096_cut_001.jpg,0096_cut_001.jpg,0096,medium_text,medium,1,medium_text,train
C:\Temp\deep\labeled_dataset\medium_text\0096_cut_002.jpg,0096_cut_002.jpg,0096,medium_text,medium,1,medium_text,train
C:\Temp\deep\labeled_dataset\medium_text\0096_cut_003.jpg,0096_cut_003.jpg,0096,medium_text,medium,1,medium_text,train
C:\Temp\deep\labeled_dataset\medium_text\0096_cut_004.jpg,0096_cut_004.jpg,0096,medium_text,medium,1,medium_text,train
C:\Temp\deep\labeled_dataset\medium_text\0096_cut_007.jpg,0096_cut_007.jpg,0096,medium_text,medium,1,medium_text,train
C:\Temp\deep\labeled_dataset\medium_text\0096_cut_008.jpg,0096_cut_008.jpg,0096,medium_text,medium,1,medium_text,train
C:\Temp\deep\labeled_dataset\medium_text\0096_cut_009.jpg,0096_cut_009.jpg,0096,medium_text,medium,1,medium_text,train
C:\Temp\deep\labeled_dataset\medium_text\0097_cut_008.jpg,0097_cut_008.jpg,0097,medium_text,medium,1,medium_text,train
C:\Temp\deep\labeled_dataset\medium_text\0098_cut_001.jpg,0098_cut_001.jpg,0098,medium_text,medium,1,medium_text,train
C:\Temp\deep\labeled_dataset\medium_text\0099_cut_003.jpg,0099_cut_003.jpg,0099,medium_text,medium,1,medium_text,test
C:\Temp\deep\labeled_dataset\medium_text\0105_cut_009.jpg,0105_cut_009.jpg,0105,medium_text,medium,1,medium_text,train
C:\Temp\deep\labeled_dataset\medium_text\0108_cut_006.jpg,0108_cut_006.jpg,0108,medium_text,medium,1,medium_text,train
C:\Temp\deep\labeled_dataset\medium_text\0108_cut_008.jpg,0108_cut_008.jpg,0108,medium_text,medium,1,medium_text,train
C:\Temp\deep\labeled_dataset\medium_text\0109_cut_001.jpg,0109_cut_001.jpg,0109,medium_text,medium,1,medium_text,train
C:\Temp\deep\labeled_dataset\medium_text\0109_cut_002.jpg,0109_cut_002.jpg,0109,medium_text,medium,1,medium_text,train
C:\Temp\deep\labeled_dataset\medium_text\0109_cut_003.jpg,0109_cut_003.jpg,0109,medium_text,medium,1,medium_text,train
C:\Temp\deep\labeled_dataset\medium_text\0109_cut_008.jpg,0109_cut_008.jpg,0109,medium_text,medium,1,medium_text,train
C:\Temp\deep\labeled_dataset\medium_text\0109_cut_009.jpg,0109_cut_009.jpg,0109,medium_text,medium,1,medium_text,train
C:\Temp\deep\labeled_dataset\medium_text\0109_cut_011.jpg,0109_cut_011.jpg,0109,medium_text,medium,1,medium_text,train
C:\Temp\deep\labeled_dataset\medium_text\0109_cut_013.jpg,0109_cut_013.jpg,0109,medium_text,medium,1,medium_text,train
C:\Temp\deep\labeled_dataset\medium_text\0109_cut_014.jpg,0109_cut_014.jpg,0109,medium_text,medium,1,medium_text,train
C:\Temp\deep\labeled_dataset\medium_text\0109_cut_015.jpg,0109_cut_015.jpg,0109,medium_text,medium,1,medium_text,train
C:\Temp\deep\labeled_dataset\medium_text\0109_cut_017.jpg,0109_cut_017.jpg,0109,medium_text,medium,1,medium_text,train
C:\Temp\deep\labeled_dataset\medium_text\0109_cut_018.jpg,0109_cut_018.jpg,0109,medium_text,medium,1,medium_text,train
C:\Temp\deep\labeled_dataset\medium_text\0109_cut_019.jpg,0109_cut_019.jpg,0109,medium_text,medium,1,medium_text,train
C:\Temp\deep\labeled_dataset\medium_text\0109_cut_020.jpg,0109_cut_020.jpg,0109,medium_text,medium,1,medium_text,train
C:\Temp\deep\labeled_dataset\medium_text\0110_cut_003.jpg,0110_cut_003.jpg,0110,medium_text,medium,1,medium_text,train
C:\Temp\deep\labeled_dataset\medium_text\0112_cut_001.jpg,0112_cut_001.jpg,0112,medium_text,medium,1,medium_text,train
C:\Temp\deep\labeled_dataset\medium_text\0112_cut_002.jpg,0112_cut_002.jpg,0112,medium_text,medium,1,medium_text,train
C:\Temp\deep\labeled_dataset\medium_text\0112_cut_003.jpg,0112_cut_003.jpg,0112,medium_text,medium,1,medium_text,train
C:\Temp\deep\labeled_dataset\medium_text\0112_cut_004.jpg,0112_cut_004.jpg,0112,medium_text,medium,1,medium_text,train
C:\Temp\deep\labeled_dataset\medium_text\0112_cut_005.jpg,0112_cut_005.jpg,0112,medium_text,medium,1,medium_text,train
C:\Temp\deep\labeled_dataset\medium_text\0112_cut_006.jpg,0112_cut_006.jpg,0112,medium_text,medium,1,medium_text,train
C:\Temp\deep\labeled_dataset\medium_text\0112_cut_007.jpg,0112_cut_007.jpg,0112,medium_text,medium,1,medium_text,train
C:\Temp\deep\labeled_dataset\medium_text\0112_cut_008.jpg,0112_cut_008.jpg,0112,medium_text,medium,1,medium_text,train
C:\Temp\deep\labeled_dataset\medium_text\0112_cut_009.jpg,0112_cut_009.jpg,0112,medium_text,medium,1,medium_text,train
C:\Temp\deep\labeled_dataset\medium_text\0112_cut_010.jpg,0112_cut_010.jpg,0112,medium_text,medium,1,medium_text,train
C:\Temp\deep\labeled_dataset\medium_text\0112_cut_011.jpg,0112_cut_011.jpg,0112,medium_text,medium,1,medium_text,train
C:\Temp\deep\labeled_dataset\medium_text\0112_cut_012.jpg,0112_cut_012.jpg,0112,medium_text,medium,1,medium_text,train
C:\Temp\deep\labeled_dataset\medium_text\0113_cut_001.jpg,0113_cut_001.jpg,0113,medium_text,medium,1,medium_text,train
C:\Temp\deep\labeled_dataset\medium_text\0113_cut_004.jpg,0113_cut_004.jpg,0113,medium_text,medium,1,medium_text,train
C:\Temp\deep\labeled_dataset\medium_text\0113_cut_005.jpg,0113_cut_005.jpg,0113,medium_text,medium,1,medium_text,train
C:\Temp\deep\labeled_dataset\medium_text\0113_cut_006.jpg,0113_cut_006.jpg,0113,medium_text,medium,1,medium_text,train
C:\Temp\deep\labeled_dataset\medium_text\0113_cut_007.jpg,0113_cut_007.jpg,0113,medium_text,medium,1,medium_text,train
C:\Temp\deep\labeled_dataset\medium_text\0113_cut_008.jpg,0113_cut_008.jpg,0113,medium_text,medium,1,medium_text,train
C:\Temp\deep\labeled_dataset\medium_text\0114_cut_009.jpg,0114_cut_009.jpg,0114,medium_text,medium,1,medium_text,test
C:\Temp\deep\labeled_dataset\medium_text\0114_cut_012.jpg,0114_cut_012.jpg,0114,medium_text,medium,1,medium_text,test
C:\Temp\deep\labeled_dataset\medium_text\0115_cut_001.jpg,0115_cut_001.jpg,0115,medium_text,medium,1,medium_text,test
C:\Temp\deep\labeled_dataset\medium_text\0119_cut_007.jpg,0119_cut_007.jpg,0119,medium_text,medium,1,medium_text,train
C:\Temp\deep\labeled_dataset\medium_text\0119_cut_015.jpg,0119_cut_015.jpg,0119,medium_text,medium,1,medium_text,train
C:\Temp\deep\labeled_dataset\medium_text\0129_cut_001.jpg,0129_cut_001.jpg,0129,medium_text,medium,1,medium_text,train
C:\Temp\deep\labeled_dataset\medium_text\0129_cut_002.jpg,0129_cut_002.jpg,0129,medium_text,medium,1,medium_text,train
C:\Temp\deep\labeled_dataset\medium_text\0129_cut_004.jpg,0129_cut_004.jpg,0129,medium_text,medium,1,medium_text,train
C:\Temp\deep\labeled_dataset\object_notext\0005_cut_001.jpg,0005_cut_001.jpg,0005,object_notext,object,0,object_notext,train
C:\Temp\deep\labeled_dataset\object_notext\0013_cut_003.jpg,0013_cut_003.jpg,0013,object_notext,object,0,object_notext,train
C:\Temp\deep\labeled_dataset\object_notext\0013_cut_004.jpg,0013_cut_004.jpg,0013,object_notext,object,0,object_notext,train
C:\Temp\deep\labeled_dataset\object_notext\0013_cut_005.jpg,0013_cut_005.jpg,0013,object_notext,object,0,object_notext,train
C:\Temp\deep\labeled_dataset\object_notext\0013_cut_007.jpg,0013_cut_007.jpg,0013,object_notext,object,0,object_notext,train
C:\Temp\deep\labeled_dataset\object_notext\0013_cut_008.jpg,0013_cut_008.jpg,0013,object_notext,object,0,object_notext,train
C:\Temp\deep\labeled_dataset\object_notext\0013_cut_010.jpg,0013_cut_010.jpg,0013,object_notext,object,0,object_notext,train
C:\Temp\deep\labeled_dataset\object_notext\0013_cut_011.jpg,0013_cut_011.jpg,0013,object_notext,object,0,object_notext,train
C:\Temp\deep\labeled_dataset\object_notext\0013_cut_013.jpg,0013_cut_013.jpg,0013,object_notext,object,0,object_notext,train
C:\Temp\deep\labeled_dataset\object_notext\0013_cut_015.jpg,0013_cut_015.jpg,0013,object_notext,object,0,object_notext,train
C:\Temp\deep\labeled_dataset\object_notext\0013_cut_016.jpg,0013_cut_016.jpg,0013,object_notext,object,0,object_notext,train
C:\Temp\deep\labeled_dataset\object_notext\0013_cut_018.jpg,0013_cut_018.jpg,0013,object_notext,object,0,object_notext,train
C:\Temp\deep\labeled_dataset\object_notext\0013_cut_019.jpg,0013_cut_019.jpg,0013,object_notext,object,0,object_notext,train
C:\Temp\deep\labeled_dataset\object_notext\0022_cut_001.jpg,0022_cut_001.jpg,0022,object_notext,object,0,object_notext,test
C:\Temp\deep\labeled_dataset\object_notext\0036_cut_003.jpg,0036_cut_003.jpg,0036,object_notext,object,0,object_notext,train
C:\Temp\deep\labeled_dataset\object_notext\0044_cut_002.jpg,0044_cut_002.jpg,0044,object_notext,object,0,object_notext,train
C:\Temp\deep\labeled_dataset\object_notext\0044_cut_015.jpg,0044_cut_015.jpg,0044,object_notext,object,0,object_notext,train
C:\Temp\deep\labeled_dataset\object_notext\0048_cut_005.jpg,0048_cut_005.jpg,0048,object_notext,object,0,object_notext,test
C:\Temp\deep\labeled_dataset\object_notext\0052_cut_004.jpg,0052_cut_004.jpg,0052,object_notext,object,0,object_notext,val
C:\Temp\deep\labeled_dataset\object_notext\0052_cut_006.jpg,0052_cut_006.jpg,0052,object_notext,object,0,object_notext,val
C:\Temp\deep\labeled_dataset\object_notext\0052_cut_022.jpg,0052_cut_022.jpg,0052,object_notext,object,0,object_notext,val
C:\Temp\deep\labeled_dataset\object_notext\0055_cut_004.jpg,0055_cut_004.jpg,0055,object_notext,object,0,object_notext,train
C:\Temp\deep\labeled_dataset\object_notext\0055_cut_007.jpg,0055_cut_007.jpg,0055,object_notext,object,0,object_notext,train
C:\Temp\deep\labeled_dataset\object_notext\0061_cut_003.jpg,0061_cut_003.jpg,0061,object_notext,object,0,object_notext,train
C:\Temp\deep\labeled_dataset\object_notext\0061_cut_005.jpg,0061_cut_005.jpg,0061,object_notext,object,0,object_notext,train
C:\Temp\deep\labeled_dataset\object_notext\0062_cut_003.jpg,0062_cut_003.jpg,0062,object_notext,object,0,object_notext,train
C:\Temp\deep\labeled_dataset\object_notext\0065_cut_001.jpg,0065_cut_001.jpg,0065,object_notext,object,0,object_notext,test
C:\Temp\deep\labeled_dataset\object_notext\0068_cut_006.jpg,0068_cut_006.jpg,0068,object_notext,object,0,object_notext,val
C:\Temp\deep\labeled_dataset\object_notext\0073_cut_002.jpg,0073_cut_002.jpg,0073,object_notext,object,0,object_notext,train
C:\Temp\deep\labeled_dataset\object_notext\0073_cut_003.jpg,0073_cut_003.jpg,0073,object_notext,object,0,object_notext,train
C:\Temp\deep\labeled_dataset\object_notext\0095_cut_001.jpg,0095_cut_001.jpg,0095,object_notext,object,0,object_notext,train
C:\Temp\deep\labeled_dataset\object_notext\0104_cut_003.jpg,0104_cut_003.jpg,0104,object_notext,object,0,object_notext,train
C:\Temp\deep\labeled_dataset\object_notext\0105_cut_008.jpg,0105_cut_008.jpg,0105,object_notext,object,0,object_notext,train
C:\Temp\deep\labeled_dataset\object_notext\0108_cut_013.jpg,0108_cut_013.jpg,0108,object_notext,object,0,object_notext,train
C:\Temp\deep\labeled_dataset\object_notext\0109_cut_021.jpg,0109_cut_021.jpg,0109,object_notext,object,0,object_notext,train
C:\Temp\deep\labeled_dataset\object_notext\0117_cut_004.jpg,0117_cut_004.jpg,0117,object_notext,object,0,object_notext,val
C:\Temp\deep\labeled_dataset\object_notext\0122_cut_002.jpg,0122_cut_002.jpg,0122,object_notext,object,0,object_notext,train
C:\Temp\deep\labeled_dataset\object_notext\0125_cut_002.jpg,0125_cut_002.jpg,0125,object_notext,object,0,object_notext,test
C:\Temp\deep\labeled_dataset\object_notext\0128_cut_002.jpg,0128_cut_002.jpg,0128,object_notext,object,0,object_notext,train
C:\Temp\deep\labeled_dataset\object_text\0002_cut_001.jpg,0002_cut_001.jpg,0002,object_text,object,1,object_text,train
C:\Temp\deep\labeled_dataset\object_text\0002_cut_015.jpg,0002_cut_015.jpg,0002,object_text,object,1,object_text,train
C:\Temp\deep\labeled_dataset\object_text\0004_cut_001.jpg,0004_cut_001.jpg,0004,object_text,object,1,object_text,val
C:\Temp\deep\labeled_dataset\object_text\0004_cut_002.jpg,0004_cut_002.jpg,0004,object_text,object,1,object_text,val
C:\Temp\deep\labeled_dataset\object_text\0004_cut_003.jpg,0004_cut_003.jpg,0004,object_text,object,1,object_text,val
C:\Temp\deep\labeled_dataset\object_text\0004_cut_004.jpg,0004_cut_004.jpg,0004,object_text,object,1,object_text,val
C:\Temp\deep\labeled_dataset\object_text\0004_cut_005.jpg,0004_cut_005.jpg,0004,object_text,object,1,object_text,val
C:\Temp\deep\labeled_dataset\object_text\0004_cut_007.jpg,0004_cut_007.jpg,0004,object_text,object,1,object_text,val
C:\Temp\deep\labeled_dataset\object_text\0004_cut_008.jpg,0004_cut_008.jpg,0004,object_text,object,1,object_text,val
C:\Temp\deep\labeled_dataset\object_text\0004_cut_011.jpg,0004_cut_011.jpg,0004,object_text,object,1,object_text,val
C:\Temp\deep\labeled_dataset\object_text\0005_cut_003.jpg,0005_cut_003.jpg,0005,object_text,object,1,object_text,train
C:\Temp\deep\labeled_dataset\object_text\0005_cut_005.jpg,0005_cut_005.jpg,0005,object_text,object,1,object_text,train
C:\Temp\deep\labeled_dataset\object_text\0005_cut_007.jpg,0005_cut_007.jpg,0005,object_text,object,1,object_text,train
C:\Temp\deep\labeled_dataset\object_text\0005_cut_008.jpg,0005_cut_008.jpg,0005,object_text,object,1,object_text,train
C:\Temp\deep\labeled_dataset\object_text\0005_cut_010.jpg,0005_cut_010.jpg,0005,object_text,object,1,object_text,train
C:\Temp\deep\labeled_dataset\object_text\0005_cut_012.jpg,0005_cut_012.jpg,0005,object_text,object,1,object_text,train
C:\Temp\deep\labeled_dataset\object_text\0005_cut_014.jpg,0005_cut_014.jpg,0005,object_text,object,1,object_text,train
C:\Temp\deep\labeled_dataset\object_text\0005_cut_016.jpg,0005_cut_016.jpg,0005,object_text,object,1,object_text,train
C:\Temp\deep\labeled_dataset\object_text\0005_cut_017.jpg,0005_cut_017.jpg,0005,object_text,object,1,object_text,train
C:\Temp\deep\labeled_dataset\object_text\0005_cut_018.jpg,0005_cut_018.jpg,0005,object_text,object,1,object_text,train
C:\Temp\deep\labeled_dataset\object_text\0005_cut_019.jpg,0005_cut_019.jpg,0005,object_text,object,1,object_text,train
C:\Temp\deep\labeled_dataset\object_text\0005_cut_020.jpg,0005_cut_020.jpg,0005,object_text,object,1,object_text,train
C:\Temp\deep\labeled_dataset\object_text\0005_cut_021.jpg,0005_cut_021.jpg,0005,object_text,object,1,object_text,train
C:\Temp\deep\labeled_dataset\object_text\0007_cut_002.jpg,0007_cut_002.jpg,0007,object_text,object,1,object_text,test
C:\Temp\deep\labeled_dataset\object_text\0007_cut_003.jpg,0007_cut_003.jpg,0007,object_text,object,1,object_text,test
C:\Temp\deep\labeled_dataset\object_text\0007_cut_004.jpg,0007_cut_004.jpg,0007,object_text,object,1,object_text,test
C:\Temp\deep\labeled_dataset\object_text\0008_cut_003.jpg,0008_cut_003.jpg,0008,object_text,object,1,object_text,test
C:\Temp\deep\labeled_dataset\object_text\0008_cut_009.jpg,0008_cut_009.jpg,0008,object_text,object,1,object_text,test
C:\Temp\deep\labeled_dataset\object_text\0008_cut_011.jpg,0008_cut_011.jpg,0008,object_text,object,1,object_text,test
C:\Temp\deep\labeled_dataset\object_text\0008_cut_012.jpg,0008_cut_012.jpg,0008,object_text,object,1,object_text,test
C:\Temp\deep\labeled_dataset\object_text\0008_cut_013.jpg,0008_cut_013.jpg,0008,object_text,object,1,object_text,test
C:\Temp\deep\labeled_dataset\object_text\0008_cut_016.jpg,0008_cut_016.jpg,0008,object_text,object,1,object_text,test
C:\Temp\deep\labeled_dataset\object_text\0008_cut_017.jpg,0008_cut_017.jpg,0008,object_text,object,1,object_text,test
C:\Temp\deep\labeled_dataset\object_text\0008_cut_021.jpg,0008_cut_021.jpg,0008,object_text,object,1,object_text,test
C:\Temp\deep\labeled_dataset\object_text\0008_cut_022.jpg,0008_cut_022.jpg,0008,object_text,object,1,object_text,test
C:\Temp\deep\labeled_dataset\object_text\0008_cut_023.jpg,0008_cut_023.jpg,0008,object_text,object,1,object_text,test
C:\Temp\deep\labeled_dataset\object_text\0009_cut_001.jpg,0009_cut_001.jpg,0009,object_text,object,1,object_text,train
C:\Temp\deep\labeled_dataset\object_text\0009_cut_002.jpg,0009_cut_002.jpg,0009,object_text,object,1,object_text,train
C:\Temp\deep\labeled_dataset\object_text\0009_cut_003.jpg,0009_cut_003.jpg,0009,object_text,object,1,object_text,train
C:\Temp\deep\labeled_dataset\object_text\0009_cut_004.jpg,0009_cut_004.jpg,0009,object_text,object,1,object_text,train
C:\Temp\deep\labeled_dataset\object_text\0009_cut_005.jpg,0009_cut_005.jpg,0009,object_text,object,1,object_text,train
C:\Temp\deep\labeled_dataset\object_text\0010_cut_004.jpg,0010_cut_004.jpg,0010,object_text,object,1,object_text,val
C:\Temp\deep\labeled_dataset\object_text\0010_cut_005.jpg,0010_cut_005.jpg,0010,object_text,object,1,object_text,val
C:\Temp\deep\labeled_dataset\object_text\0010_cut_006.jpg,0010_cut_006.jpg,0010,object_text,object,1,object_text,val
C:\Temp\deep\labeled_dataset\object_text\0010_cut_007.jpg,0010_cut_007.jpg,0010,object_text,object,1,object_text,val
C:\Temp\deep\labeled_dataset\object_text\0010_cut_009.jpg,0010_cut_009.jpg,0010,object_text,object,1,object_text,val
C:\Temp\deep\labeled_dataset\object_text\0010_cut_010.jpg,0010_cut_010.jpg,0010,object_text,object,1,object_text,val
C:\Temp\deep\labeled_dataset\object_text\0010_cut_014.jpg,0010_cut_014.jpg,0010,object_text,object,1,object_text,val
C:\Temp\deep\labeled_dataset\object_text\0010_cut_017.jpg,0010_cut_017.jpg,0010,object_text,object,1,object_text,val
C:\Temp\deep\labeled_dataset\object_text\0010_cut_018.jpg,0010_cut_018.jpg,0010,object_text,object,1,object_text,val
C:\Temp\deep\labeled_dataset\object_text\0010_cut_020.jpg,0010_cut_020.jpg,0010,object_text,object,1,object_text,val
C:\Temp\deep\labeled_dataset\object_text\0011_cut_008.jpg,0011_cut_008.jpg,0011,object_text,object,1,object_text,train
C:\Temp\deep\labeled_dataset\object_text\0012_cut_002.jpg,0012_cut_002.jpg,0012,object_text,object,1,object_text,train
C:\Temp\deep\labeled_dataset\object_text\0012_cut_005.jpg,0012_cut_005.jpg,0012,object_text,object,1,object_text,train
C:\Temp\deep\labeled_dataset\object_text\0012_cut_006.jpg,0012_cut_006.jpg,0012,object_text,object,1,object_text,train
C:\Temp\deep\labeled_dataset\object_text\0013_cut_001.jpg,0013_cut_001.jpg,0013,object_text,object,1,object_text,train
C:\Temp\deep\labeled_dataset\object_text\0015_cut_008.jpg,0015_cut_008.jpg,0015,object_text,object,1,object_text,train
C:\Temp\deep\labeled_dataset\object_text\0019_cut_003.jpg,0019_cut_003.jpg,0019,object_text,object,1,object_text,test
C:\Temp\deep\labeled_dataset\object_text\0029_cut_004.jpg,0029_cut_004.jpg,0029,object_text,object,1,object_text,train
C:\Temp\deep\labeled_dataset\object_text\0029_cut_006.jpg,0029_cut_006.jpg,0029,object_text,object,1,object_text,train
C:\Temp\deep\labeled_dataset\object_text\0029_cut_015.jpg,0029_cut_015.jpg,0029,object_text,object,1,object_text,train
C:\Temp\deep\labeled_dataset\object_text\0029_cut_020.jpg,0029_cut_020.jpg,0029,object_text,object,1,object_text,train
C:\Temp\deep\labeled_dataset\object_text\0029_cut_021.jpg,0029_cut_021.jpg,0029,object_text,object,1,object_text,train
C:\Temp\deep\labeled_dataset\object_text\0029_cut_027.jpg,0029_cut_027.jpg,0029,object_text,object,1,object_text,train
C:\Temp\deep\labeled_dataset\object_text\0037_cut_013.jpg,0037_cut_013.jpg,0037,object_text,object,1,object_text,test
C:\Temp\deep\labeled_dataset\object_text\0040_cut_003.jpg,0040_cut_003.jpg,0040,object_text,object,1,object_text,train
C:\Temp\deep\labeled_dataset\object_text\0040_cut_011.jpg,0040_cut_011.jpg,0040,object_text,object,1,object_text,train
C:\Temp\deep\labeled_dataset\object_text\0040_cut_012.jpg,0040_cut_012.jpg,0040,object_text,object,1,object_text,train
C:\Temp\deep\labeled_dataset\object_text\0042_cut_004.jpg,0042_cut_004.jpg,0042,object_text,object,1,object_text,train
C:\Temp\deep\labeled_dataset\object_text\0048_cut_009.jpg,0048_cut_009.jpg,0048,object_text,object,1,object_text,test
C:\Temp\deep\labeled_dataset\object_text\0048_cut_010.jpg,0048_cut_010.jpg,0048,object_text,object,1,object_text,test
C:\Temp\deep\labeled_dataset\object_text\0048_cut_011.jpg,0048_cut_011.jpg,0048,object_text,object,1,object_text,test
C:\Temp\deep\labeled_dataset\object_text\0048_cut_012.jpg,0048_cut_012.jpg,0048,object_text,object,1,object_text,test
C:\Temp\deep\labeled_dataset\object_text\0052_cut_002.jpg,0052_cut_002.jpg,0052,object_text,object,1,object_text,val
C:\Temp\deep\labeled_dataset\object_text\0052_cut_003.jpg,0052_cut_003.jpg,0052,object_text,object,1,object_text,val
C:\Temp\deep\labeled_dataset\object_text\0052_cut_005.jpg,0052_cut_005.jpg,0052,object_text,object,1,object_text,val
C:\Temp\deep\labeled_dataset\object_text\0052_cut_007.jpg,0052_cut_007.jpg,0052,object_text,object,1,object_text,val
C:\Temp\deep\labeled_dataset\object_text\0052_cut_011.jpg,0052_cut_011.jpg,0052,object_text,object,1,object_text,val
C:\Temp\deep\labeled_dataset\object_text\0052_cut_012.jpg,0052_cut_012.jpg,0052,object_text,object,1,object_text,val
C:\Temp\deep\labeled_dataset\object_text\0052_cut_013.jpg,0052_cut_013.jpg,0052,object_text,object,1,object_text,val
C:\Temp\deep\labeled_dataset\object_text\0052_cut_017.jpg,0052_cut_017.jpg,0052,object_text,object,1,object_text,val
C:\Temp\deep\labeled_dataset\object_text\0052_cut_018.jpg,0052_cut_018.jpg,0052,object_text,object,1,object_text,val
C:\Temp\deep\labeled_dataset\object_text\0052_cut_020.jpg,0052_cut_020.jpg,0052,object_text,object,1,object_text,val
C:\Temp\deep\labeled_dataset\object_text\0056_cut_004.jpg,0056_cut_004.jpg,0056,object_text,object,1,object_text,train
C:\Temp\deep\labeled_dataset\object_text\0056_cut_005.jpg,0056_cut_005.jpg,0056,object_text,object,1,object_text,train
C:\Temp\deep\labeled_dataset\object_text\0056_cut_006.jpg,0056_cut_006.jpg,0056,object_text,object,1,object_text,train
C:\Temp\deep\labeled_dataset\object_text\0056_cut_010.jpg,0056_cut_010.jpg,0056,object_text,object,1,object_text,train
C:\Temp\deep\labeled_dataset\object_text\0056_cut_013.jpg,0056_cut_013.jpg,0056,object_text,object,1,object_text,train
C:\Temp\deep\labeled_dataset\object_text\0056_cut_015.jpg,0056_cut_015.jpg,0056,object_text,object,1,object_text,train
C:\Temp\deep\labeled_dataset\object_text\0056_cut_016.jpg,0056_cut_016.jpg,0056,object_text,object,1,object_text,train
C:\Temp\deep\labeled_dataset\object_text\0056_cut_017.jpg,0056_cut_017.jpg,0056,object_text,object,1,object_text,train
C:\Temp\deep\labeled_dataset\object_text\0056_cut_022.jpg,0056_cut_022.jpg,0056,object_text,object,1,object_text,train
C:\Temp\deep\labeled_dataset\object_text\0056_cut_023.jpg,0056_cut_023.jpg,0056,object_text,object,1,object_text,train
C:\Temp\deep\labeled_dataset\object_text\0056_cut_024.jpg,0056_cut_024.jpg,0056,object_text,object,1,object_text,train
C:\Temp\deep\labeled_dataset\object_text\0056_cut_025.jpg,0056_cut_025.jpg,0056,object_text,object,1,object_text,train
C:\Temp\deep\labeled_dataset\object_text\0056_cut_027.jpg,0056_cut_027.jpg,0056,object_text,object,1,object_text,train
C:\Temp\deep\labeled_dataset\object_text\0056_cut_029.jpg,0056_cut_029.jpg,0056,object_text,object,1,object_text,train
C:\Temp\deep\labeled_dataset\object_text\0056_cut_031.jpg,0056_cut_031.jpg,0056,object_text,object,1,object_text,train
C:\Temp\deep\labeled_dataset\object_text\0056_cut_032.jpg,0056_cut_032.jpg,0056,object_text,object,1,object_text,train
C:\Temp\deep\labeled_dataset\object_text\0056_cut_033.jpg,0056_cut_033.jpg,0056,object_text,object,1,object_text,train
C:\Temp\deep\labeled_dataset\object_text\0056_cut_034.jpg,0056_cut_034.jpg,0056,object_text,object,1,object_text,train
C:\Temp\deep\labeled_dataset\object_text\0056_cut_035.jpg,0056_cut_035.jpg,0056,object_text,object,1,object_text,train
C:\Temp\deep\labeled_dataset\object_text\0057_cut_005.jpg,0057_cut_005.jpg,0057,object_text,object,1,object_text,train
C:\Temp\deep\labeled_dataset\object_text\0057_cut_006.jpg,0057_cut_006.jpg,0057,object_text,object,1,object_text,train
C:\Temp\deep\labeled_dataset\object_text\0057_cut_007.jpg,0057_cut_007.jpg,0057,object_text,object,1,object_text,train
C:\Temp\deep\labeled_dataset\object_text\0057_cut_008.jpg,0057_cut_008.jpg,0057,object_text,object,1,object_text,train
C:\Temp\deep\labeled_dataset\object_text\0058_cut_001.jpg,0058_cut_001.jpg,0058,object_text,object,1,object_text,train
C:\Temp\deep\labeled_dataset\object_text\0058_cut_002.jpg,0058_cut_002.jpg,0058,object_text,object,1,object_text,train
C:\Temp\deep\labeled_dataset\object_text\0058_cut_004.jpg,0058_cut_004.jpg,0058,object_text,object,1,object_text,train
C:\Temp\deep\labeled_dataset\object_text\0058_cut_005.jpg,0058_cut_005.jpg,0058,object_text,object,1,object_text,train
C:\Temp\deep\labeled_dataset\object_text\0058_cut_006.jpg,0058_cut_006.jpg,0058,object_text,object,1,object_text,train
C:\Temp\deep\labeled_dataset\object_text\0058_cut_007.jpg,0058_cut_007.jpg,0058,object_text,object,1,object_text,train
C:\Temp\deep\labeled_dataset\object_text\0058_cut_008.jpg,0058_cut_008.jpg,0058,object_text,object,1,object_text,train
C:\Temp\deep\labeled_dataset\object_text\0059_cut_001.jpg,0059_cut_001.jpg,0059,object_text,object,1,object_text,train
C:\Temp\deep\labeled_dataset\object_text\0059_cut_002.jpg,0059_cut_002.jpg,0059,object_text,object,1,object_text,train
C:\Temp\deep\labeled_dataset\object_text\0059_cut_003.jpg,0059_cut_003.jpg,0059,object_text,object,1,object_text,train
C:\Temp\deep\labeled_dataset\object_text\0059_cut_004.jpg,0059_cut_004.jpg,0059,object_text,object,1,object_text,train
C:\Temp\deep\labeled_dataset\object_text\0059_cut_005.jpg,0059_cut_005.jpg,0059,object_text,object,1,object_text,train
C:\Temp\deep\labeled_dataset\object_text\0059_cut_006.jpg,0059_cut_006.jpg,0059,object_text,object,1,object_text,train
C:\Temp\deep\labeled_dataset\object_text\0060_cut_002.jpg,0060_cut_002.jpg,0060,object_text,object,1,object_text,train
C:\Temp\deep\labeled_dataset\object_text\0060_cut_004.jpg,0060_cut_004.jpg,0060,object_text,object,1,object_text,train
C:\Temp\deep\labeled_dataset\object_text\0060_cut_005.jpg,0060_cut_005.jpg,0060,object_text,object,1,object_text,train
C:\Temp\deep\labeled_dataset\object_text\0060_cut_009.jpg,0060_cut_009.jpg,0060,object_text,object,1,object_text,train
C:\Temp\deep\labeled_dataset\object_text\0061_cut_008.jpg,0061_cut_008.jpg,0061,object_text,object,1,object_text,train
C:\Temp\deep\labeled_dataset\object_text\0062_cut_001.jpg,0062_cut_001.jpg,0062,object_text,object,1,object_text,train
C:\Temp\deep\labeled_dataset\object_text\0063_cut_001.jpg,0063_cut_001.jpg,0063,object_text,object,1,object_text,train
C:\Temp\deep\labeled_dataset\object_text\0063_cut_006.jpg,0063_cut_006.jpg,0063,object_text,object,1,object_text,train
C:\Temp\deep\labeled_dataset\object_text\0068_cut_001.jpg,0068_cut_001.jpg,0068,object_text,object,1,object_text,val
C:\Temp\deep\labeled_dataset\object_text\0068_cut_002.jpg,0068_cut_002.jpg,0068,object_text,object,1,object_text,val
C:\Temp\deep\labeled_dataset\object_text\0068_cut_003.jpg,0068_cut_003.jpg,0068,object_text,object,1,object_text,val
C:\Temp\deep\labeled_dataset\object_text\0068_cut_004.jpg,0068_cut_004.jpg,0068,object_text,object,1,object_text,val
C:\Temp\deep\labeled_dataset\object_text\0068_cut_005.jpg,0068_cut_005.jpg,0068,object_text,object,1,object_text,val
C:\Temp\deep\labeled_dataset\object_text\0069_cut_001.jpg,0069_cut_001.jpg,0069,object_text,object,1,object_text,train
C:\Temp\deep\labeled_dataset\object_text\0069_cut_002.jpg,0069_cut_002.jpg,0069,object_text,object,1,object_text,train
C:\Temp\deep\labeled_dataset\object_text\0069_cut_006.jpg,0069_cut_006.jpg,0069,object_text,object,1,object_text,train
C:\Temp\deep\labeled_dataset\object_text\0069_cut_007.jpg,0069_cut_007.jpg,0069,object_text,object,1,object_text,train
C:\Temp\deep\labeled_dataset\object_text\0069_cut_008.jpg,0069_cut_008.jpg,0069,object_text,object,1,object_text,train
C:\Temp\deep\labeled_dataset\object_text\0069_cut_009.jpg,0069_cut_009.jpg,0069,object_text,object,1,object_text,train
C:\Temp\deep\labeled_dataset\object_text\0070_cut_001.jpg,0070_cut_001.jpg,0070,object_text,object,1,object_text,train
C:\Temp\deep\labeled_dataset\object_text\0070_cut_002.jpg,0070_cut_002.jpg,0070,object_text,object,1,object_text,train
C:\Temp\deep\labeled_dataset\object_text\0071_cut_003.jpg,0071_cut_003.jpg,0071,object_text,object,1,object_text,val
C:\Temp\deep\labeled_dataset\object_text\0071_cut_004.jpg,0071_cut_004.jpg,0071,object_text,object,1,object_text,val
C:\Temp\deep\labeled_dataset\object_text\0071_cut_005.jpg,0071_cut_005.jpg,0071,object_text,object,1,object_text,val
C:\Temp\deep\labeled_dataset\object_text\0073_cut_001.jpg,0073_cut_001.jpg,0073,object_text,object,1,object_text,train
C:\Temp\deep\labeled_dataset\object_text\0074_cut_001.jpg,0074_cut_001.jpg,0074,object_text,object,1,object_text,train
C:\Temp\deep\labeled_dataset\object_text\0074_cut_002.jpg,0074_cut_002.jpg,0074,object_text,object,1,object_text,train
C:\Temp\deep\labeled_dataset\object_text\0074_cut_005.jpg,0074_cut_005.jpg,0074,object_text,object,1,object_text,train
C:\Temp\deep\labeled_dataset\object_text\0076_cut_002.jpg,0076_cut_002.jpg,0076,object_text,object,1,object_text,test
C:\Temp\deep\labeled_dataset\object_text\0076_cut_004.jpg,0076_cut_004.jpg,0076,object_text,object,1,object_text,test
C:\Temp\deep\labeled_dataset\object_text\0076_cut_006.jpg,0076_cut_006.jpg,0076,object_text,object,1,object_text,test
C:\Temp\deep\labeled_dataset\object_text\0076_cut_008.jpg,0076_cut_008.jpg,0076,object_text,object,1,object_text,test
C:\Temp\deep\labeled_dataset\object_text\0076_cut_009.jpg,0076_cut_009.jpg,0076,object_text,object,1,object_text,test
C:\Temp\deep\labeled_dataset\object_text\0076_cut_010.jpg,0076_cut_010.jpg,0076,object_text,object,1,object_text,test
C:\Temp\deep\labeled_dataset\object_text\0077_cut_001.jpg,0077_cut_001.jpg,0077,object_text,object,1,object_text,test
C:\Temp\deep\labeled_dataset\object_text\0077_cut_002.jpg,0077_cut_002.jpg,0077,object_text,object,1,object_text,test
C:\Temp\deep\labeled_dataset\object_text\0077_cut_003.jpg,0077_cut_003.jpg,0077,object_text,object,1,object_text,test
C:\Temp\deep\labeled_dataset\object_text\0077_cut_004.jpg,0077_cut_004.jpg,0077,object_text,object,1,object_text,test
C:\Temp\deep\labeled_dataset\object_text\0077_cut_005.jpg,0077_cut_005.jpg,0077,object_text,object,1,object_text,test
C:\Temp\deep\labeled_dataset\object_text\0077_cut_006.jpg,0077_cut_006.jpg,0077,object_text,object,1,object_text,test
C:\Temp\deep\labeled_dataset\object_text\0077_cut_007.jpg,0077_cut_007.jpg,0077,object_text,object,1,object_text,test
C:\Temp\deep\labeled_dataset\object_text\0077_cut_010.jpg,0077_cut_010.jpg,0077,object_text,object,1,object_text,test
C:\Temp\deep\labeled_dataset\object_text\0077_cut_011.jpg,0077_cut_011.jpg,0077,object_text,object,1,object_text,test
C:\Temp\deep\labeled_dataset\object_text\0077_cut_012.jpg,0077_cut_012.jpg,0077,object_text,object,1,object_text,test
C:\Temp\deep\labeled_dataset\object_text\0079_cut_002.jpg,0079_cut_002.jpg,0079,object_text,object,1,object_text,train
C:\Temp\deep\labeled_dataset\object_text\0079_cut_003.jpg,0079_cut_003.jpg,0079,object_text,object,1,object_text,train
C:\Temp\deep\labeled_dataset\object_text\0079_cut_004.jpg,0079_cut_004.jpg,0079,object_text,object,1,object_text,train
C:\Temp\deep\labeled_dataset\object_text\0079_cut_006.jpg,0079_cut_006.jpg,0079,object_text,object,1,object_text,train
C:\Temp\deep\labeled_dataset\object_text\0079_cut_007.jpg,0079_cut_007.jpg,0079,object_text,object,1,object_text,train
C:\Temp\deep\labeled_dataset\object_text\0079_cut_008.jpg,0079_cut_008.jpg,0079,object_text,object,1,object_text,train
C:\Temp\deep\labeled_dataset\object_text\0079_cut_009.jpg,0079_cut_009.jpg,0079,object_text,object,1,object_text,train
C:\Temp\deep\labeled_dataset\object_text\0079_cut_010.jpg,0079_cut_010.jpg,0079,object_text,object,1,object_text,train
C:\Temp\deep\labeled_dataset\object_text\0080_cut_005.jpg,0080_cut_005.jpg,0080,object_text,object,1,object_text,train
C:\Temp\deep\labeled_dataset\object_text\0080_cut_009.jpg,0080_cut_009.jpg,0080,object_text,object,1,object_text,train
C:\Temp\deep\labeled_dataset\object_text\0080_cut_010.jpg,0080_cut_010.jpg,0080,object_text,object,1,object_text,train
C:\Temp\deep\labeled_dataset\object_text\0080_cut_015.jpg,0080_cut_015.jpg,0080,object_text,object,1,object_text,train
C:\Temp\deep\labeled_dataset\object_text\0082_cut_015.jpg,0082_cut_015.jpg,0082,object_text,object,1,object_text,val
C:\Temp\deep\labeled_dataset\object_text\0087_cut_007.jpg,0087_cut_007.jpg,0087,object_text,object,1,object_text,test
C:\Temp\deep\labeled_dataset\object_text\0089_cut_004.jpg,0089_cut_004.jpg,0089,object_text,object,1,object_text,val
C:\Temp\deep\labeled_dataset\object_text\0089_cut_005.jpg,0089_cut_005.jpg,0089,object_text,object,1,object_text,val
C:\Temp\deep\labeled_dataset\object_text\0089_cut_006.jpg,0089_cut_006.jpg,0089,object_text,object,1,object_text,val
C:\Temp\deep\labeled_dataset\object_text\0089_cut_010.jpg,0089_cut_010.jpg,0089,object_text,object,1,object_text,val
C:\Temp\deep\labeled_dataset\object_text\0089_cut_012.jpg,0089_cut_012.jpg,0089,object_text,object,1,object_text,val
C:\Temp\deep\labeled_dataset\object_text\0091_cut_002.jpg,0091_cut_002.jpg,0091,object_text,object,1,object_text,val
C:\Temp\deep\labeled_dataset\object_text\0091_cut_003.jpg,0091_cut_003.jpg,0091,object_text,object,1,object_text,val
C:\Temp\deep\labeled_dataset\object_text\0091_cut_005.jpg,0091_cut_005.jpg,0091,object_text,object,1,object_text,val
C:\Temp\deep\labeled_dataset\object_text\0092_cut_002.jpg,0092_cut_002.jpg,0092,object_text,object,1,object_text,train
C:\Temp\deep\labeled_dataset\object_text\0092_cut_003.jpg,0092_cut_003.jpg,0092,object_text,object,1,object_text,train
C:\Temp\deep\labeled_dataset\object_text\0092_cut_004.jpg,0092_cut_004.jpg,0092,object_text,object,1,object_text,train
C:\Temp\deep\labeled_dataset\object_text\0092_cut_005.jpg,0092_cut_005.jpg,0092,object_text,object,1,object_text,train
C:\Temp\deep\labeled_dataset\object_text\0092_cut_006.jpg,0092_cut_006.jpg,0092,object_text,object,1,object_text,train
C:\Temp\deep\labeled_dataset\object_text\0092_cut_007.jpg,0092_cut_007.jpg,0092,object_text,object,1,object_text,train
C:\Temp\deep\labeled_dataset\object_text\0092_cut_008.jpg,0092_cut_008.jpg,0092,object_text,object,1,object_text,train
C:\Temp\deep\labeled_dataset\object_text\0092_cut_009.jpg,0092_cut_009.jpg,0092,object_text,object,1,object_text,train
C:\Temp\deep\labeled_dataset\object_text\0092_cut_010.jpg,0092_cut_010.jpg,0092,object_text,object,1,object_text,train
C:\Temp\deep\labeled_dataset\object_text\0092_cut_011.jpg,0092_cut_011.jpg,0092,object_text,object,1,object_text,train
C:\Temp\deep\labeled_dataset\object_text\0092_cut_012.jpg,0092_cut_012.jpg,0092,object_text,object,1,object_text,train
C:\Temp\deep\labeled_dataset\object_text\0092_cut_013.jpg,0092_cut_013.jpg,0092,object_text,object,1,object_text,train
C:\Temp\deep\labeled_dataset\object_text\0092_cut_014.jpg,0092_cut_014.jpg,0092,object_text,object,1,object_text,train
C:\Temp\deep\labeled_dataset\object_text\0095_cut_002.jpg,0095_cut_002.jpg,0095,object_text,object,1,object_text,train
C:\Temp\deep\labeled_dataset\object_text\0095_cut_004.jpg,0095_cut_004.jpg,0095,object_text,object,1,object_text,train
C:\Temp\deep\labeled_dataset\object_text\0095_cut_005.jpg,0095_cut_005.jpg,0095,object_text,object,1,object_text,train
C:\Temp\deep\labeled_dataset\object_text\0095_cut_006.jpg,0095_cut_006.jpg,0095,object_text,object,1,object_text,train
C:\Temp\deep\labeled_dataset\object_text\0095_cut_007.jpg,0095_cut_007.jpg,0095,object_text,object,1,object_text,train
C:\Temp\deep\labeled_dataset\object_text\0096_cut_005.jpg,0096_cut_005.jpg,0096,object_text,object,1,object_text,train
C:\Temp\deep\labeled_dataset\object_text\0096_cut_010.jpg,0096_cut_010.jpg,0096,object_text,object,1,object_text,train
C:\Temp\deep\labeled_dataset\object_text\0096_cut_012.jpg,0096_cut_012.jpg,0096,object_text,object,1,object_text,train
C:\Temp\deep\labeled_dataset\object_text\0099_cut_001.jpg,0099_cut_001.jpg,0099,object_text,object,1,object_text,test
C:\Temp\deep\labeled_dataset\object_text\0099_cut_002.jpg,0099_cut_002.jpg,0099,object_text,object,1,object_text,test
C:\Temp\deep\labeled_dataset\object_text\0100_cut_002.jpg,0100_cut_002.jpg,0100,object_text,object,1,object_text,test
C:\Temp\deep\labeled_dataset\object_text\0100_cut_003.jpg,0100_cut_003.jpg,0100,object_text,object,1,object_text,test
C:\Temp\deep\labeled_dataset\object_text\0100_cut_006.jpg,0100_cut_006.jpg,0100,object_text,object,1,object_text,test
C:\Temp\deep\labeled_dataset\object_text\0100_cut_007.jpg,0100_cut_007.jpg,0100,object_text,object,1,object_text,test
C:\Temp\deep\labeled_dataset\object_text\0100_cut_010.jpg,0100_cut_010.jpg,0100,object_text,object,1,object_text,test
C:\Temp\deep\labeled_dataset\object_text\0102_cut_001.jpg,0102_cut_001.jpg,0102,object_text,object,1,object_text,test
C:\Temp\deep\labeled_dataset\object_text\0102_cut_003.jpg,0102_cut_003.jpg,0102,object_text,object,1,object_text,test
C:\Temp\deep\labeled_dataset\object_text\0102_cut_004.jpg,0102_cut_004.jpg,0102,object_text,object,1,object_text,test
C:\Temp\deep\labeled_dataset\object_text\0102_cut_005.jpg,0102_cut_005.jpg,0102,object_text,object,1,object_text,test
C:\Temp\deep\labeled_dataset\object_text\0102_cut_006.jpg,0102_cut_006.jpg,0102,object_text,object,1,object_text,test
C:\Temp\deep\labeled_dataset\object_text\0102_cut_009.jpg,0102_cut_009.jpg,0102,object_text,object,1,object_text,test
C:\Temp\deep\labeled_dataset\object_text\0102_cut_010.jpg,0102_cut_010.jpg,0102,object_text,object,1,object_text,test
C:\Temp\deep\labeled_dataset\object_text\0102_cut_011.jpg,0102_cut_011.jpg,0102,object_text,object,1,object_text,test
C:\Temp\deep\labeled_dataset\object_text\0102_cut_012.jpg,0102_cut_012.jpg,0102,object_text,object,1,object_text,test
C:\Temp\deep\labeled_dataset\object_text\0103_cut_001.jpg,0103_cut_001.jpg,0103,object_text,object,1,object_text,val
C:\Temp\deep\labeled_dataset\object_text\0103_cut_002.jpg,0103_cut_002.jpg,0103,object_text,object,1,object_text,val
C:\Temp\deep\labeled_dataset\object_text\0103_cut_004.jpg,0103_cut_004.jpg,0103,object_text,object,1,object_text,val
C:\Temp\deep\labeled_dataset\object_text\0103_cut_005.jpg,0103_cut_005.jpg,0103,object_text,object,1,object_text,val
C:\Temp\deep\labeled_dataset\object_text\0103_cut_006.jpg,0103_cut_006.jpg,0103,object_text,object,1,object_text,val
C:\Temp\deep\labeled_dataset\object_text\0103_cut_007.jpg,0103_cut_007.jpg,0103,object_text,object,1,object_text,val
C:\Temp\deep\labeled_dataset\object_text\0104_cut_001.jpg,0104_cut_001.jpg,0104,object_text,object,1,object_text,train
C:\Temp\deep\labeled_dataset\object_text\0104_cut_002.jpg,0104_cut_002.jpg,0104,object_text,object,1,object_text,train
C:\Temp\deep\labeled_dataset\object_text\0105_cut_005.jpg,0105_cut_005.jpg,0105,object_text,object,1,object_text,train
C:\Temp\deep\labeled_dataset\object_text\0105_cut_006.jpg,0105_cut_006.jpg,0105,object_text,object,1,object_text,train
C:\Temp\deep\labeled_dataset\object_text\0105_cut_007.jpg,0105_cut_007.jpg,0105,object_text,object,1,object_text,train
C:\Temp\deep\labeled_dataset\object_text\0108_cut_003.jpg,0108_cut_003.jpg,0108,object_text,object,1,object_text,train
C:\Temp\deep\labeled_dataset\object_text\0108_cut_005.jpg,0108_cut_005.jpg,0108,object_text,object,1,object_text,train
C:\Temp\deep\labeled_dataset\object_text\0108_cut_007.jpg,0108_cut_007.jpg,0108,object_text,object,1,object_text,train
C:\Temp\deep\labeled_dataset\object_text\0108_cut_009.jpg,0108_cut_009.jpg,0108,object_text,object,1,object_text,train
C:\Temp\deep\labeled_dataset\object_text\0108_cut_010.jpg,0108_cut_010.jpg,0108,object_text,object,1,object_text,train
C:\Temp\deep\labeled_dataset\object_text\0108_cut_011.jpg,0108_cut_011.jpg,0108,object_text,object,1,object_text,train
C:\Temp\deep\labeled_dataset\object_text\0108_cut_012.jpg,0108_cut_012.jpg,0108,object_text,object,1,object_text,train
C:\Temp\deep\labeled_dataset\object_text\0110_cut_001.jpg,0110_cut_001.jpg,0110,object_text,object,1,object_text,train
C:\Temp\deep\labeled_dataset\object_text\0110_cut_004.jpg,0110_cut_004.jpg,0110,object_text,object,1,object_text,train
C:\Temp\deep\labeled_dataset\object_text\0110_cut_005.jpg,0110_cut_005.jpg,0110,object_text,object,1,object_text,train
C:\Temp\deep\labeled_dataset\object_text\0114_cut_003.jpg,0114_cut_003.jpg,0114,object_text,object,1,object_text,test
C:\Temp\deep\labeled_dataset\object_text\0114_cut_008.jpg,0114_cut_008.jpg,0114,object_text,object,1,object_text,test
C:\Temp\deep\labeled_dataset\object_text\0120_cut_004.jpg,0120_cut_004.jpg,0120,object_text,object,1,object_text,train
C:\Temp\deep\labeled_dataset\object_text\0120_cut_006.jpg,0120_cut_006.jpg,0120,object_text,object,1,object_text,train
C:\Temp\deep\labeled_dataset\object_text\0125_cut_001.jpg,0125_cut_001.jpg,0125,object_text,object,1,object_text,test
C:\Temp\deep\labeled_dataset\object_text\0125_cut_003.jpg,0125_cut_003.jpg,0125,object_text,object,1,object_text,test
C:\Temp\deep\labeled_dataset\object_text\0125_cut_004.jpg,0125_cut_004.jpg,0125,object_text,object,1,object_text,test
C:\Temp\deep\labeled_dataset\object_text\0125_cut_006.jpg,0125_cut_006.jpg,0125,object_text,object,1,object_text,test
C:\Temp\deep\labeled_dataset\object_text\0129_cut_003.jpg,0129_cut_003.jpg,0129,object_text,object,1,object_text,train
C:\Temp\deep\labeled_dataset\object_text\0129_cut_005.jpg,0129_cut_005.jpg,0129,object_text,object,1,object_text,train
C:\Temp\deep\labeled_dataset\object_text\0129_cut_006.jpg,0129_cut_006.jpg,0129,object_text,object,1,object_text,train
C:\Temp\deep\labeled_dataset\object_text\0129_cut_008.jpg,0129_cut_008.jpg,0129,object_text,object,1,object_text,train
C:\Temp\deep\labeled_dataset\object_text\0129_cut_010.jpg,0129_cut_010.jpg,0129,object_text,object,1,object_text,train
C:\Temp\deep\labeled_dataset\object_text\0129_cut_011.jpg,0129_cut_011.jpg,0129,object_text,object,1,object_text,train
C:\Temp\deep\labeled_dataset\space_notext\0037_cut_001.jpg,0037_cut_001.jpg,0037,space_notext,space,0,space_notext,test
C:\Temp\deep\labeled_dataset\space_notext\0044_cut_021.jpg,0044_cut_021.jpg,0044,space_notext,space,0,space_notext,train
C:\Temp\deep\labeled_dataset\space_notext\0055_cut_006.jpg,0055_cut_006.jpg,0055,space_notext,space,0,space_notext,train
C:\Temp\deep\labeled_dataset\space_notext\0062_cut_002.jpg,0062_cut_002.jpg,0062,space_notext,space,0,space_notext,train
C:\Temp\deep\labeled_dataset\space_notext\0062_cut_004.jpg,0062_cut_004.jpg,0062,space_notext,space,0,space_notext,train
C:\Temp\deep\labeled_dataset\space_notext\0067_cut_001.jpg,0067_cut_001.jpg,0067,space_notext,space,0,space_notext,train
C:\Temp\deep\labeled_dataset\space_notext\0067_cut_003.jpg,0067_cut_003.jpg,0067,space_notext,space,0,space_notext,train
C:\Temp\deep\labeled_dataset\space_notext\0067_cut_005.jpg,0067_cut_005.jpg,0067,space_notext,space,0,space_notext,train
C:\Temp\deep\labeled_dataset\space_notext\0070_cut_003.jpg,0070_cut_003.jpg,0070,space_notext,space,0,space_notext,train
C:\Temp\deep\labeled_dataset\space_notext\0070_cut_004.jpg,0070_cut_004.jpg,0070,space_notext,space,0,space_notext,train
C:\Temp\deep\labeled_dataset\space_notext\0073_cut_004.jpg,0073_cut_004.jpg,0073,space_notext,space,0,space_notext,train
C:\Temp\deep\labeled_dataset\space_notext\0078_cut_001.jpg,0078_cut_001.jpg,0078,space_notext,space,0,space_notext,train
C:\Temp\deep\labeled_dataset\space_notext\0090_cut_003.jpg,0090_cut_003.jpg,0090,space_notext,space,0,space_notext,test
C:\Temp\deep\labeled_dataset\space_notext\0090_cut_004.jpg,0090_cut_004.jpg,0090,space_notext,space,0,space_notext,test
C:\Temp\deep\labeled_dataset\space_notext\0090_cut_005.jpg,0090_cut_005.jpg,0090,space_notext,space,0,space_notext,test
C:\Temp\deep\labeled_dataset\space_notext\0090_cut_006.jpg,0090_cut_006.jpg,0090,space_notext,space,0,space_notext,test
C:\Temp\deep\labeled_dataset\space_notext\0101_cut_001.jpg,0101_cut_001.jpg,0101,space_notext,space,0,space_notext,train
C:\Temp\deep\labeled_dataset\space_notext\0106_cut_001.jpg,0106_cut_001.jpg,0106,space_notext,space,0,space_notext,val
C:\Temp\deep\labeled_dataset\space_notext\0106_cut_002.jpg,0106_cut_002.jpg,0106,space_notext,space,0,space_notext,val
C:\Temp\deep\labeled_dataset\space_notext\0106_cut_004.jpg,0106_cut_004.jpg,0106,space_notext,space,0,space_notext,val
C:\Temp\deep\labeled_dataset\space_notext\0106_cut_006.jpg,0106_cut_006.jpg,0106,space_notext,space,0,space_notext,val
C:\Temp\deep\labeled_dataset\space_notext\0107_cut_001.jpg,0107_cut_001.jpg,0107,space_notext,space,0,space_notext,train
C:\Temp\deep\labeled_dataset\space_notext\0108_cut_001.jpg,0108_cut_001.jpg,0108,space_notext,space,0,space_notext,train
C:\Temp\deep\labeled_dataset\space_notext\0111_cut_001.jpg,0111_cut_001.jpg,0111,space_notext,space,0,space_notext,train
C:\Temp\deep\labeled_dataset\space_notext\0111_cut_002.jpg,0111_cut_002.jpg,0111,space_notext,space,0,space_notext,train
C:\Temp\deep\labeled_dataset\space_notext\0111_cut_003.jpg,0111_cut_003.jpg,0111,space_notext,space,0,space_notext,train
C:\Temp\deep\labeled_dataset\space_notext\0111_cut_004.jpg,0111_cut_004.jpg,0111,space_notext,space,0,space_notext,train
C:\Temp\deep\labeled_dataset\space_notext\0111_cut_005.jpg,0111_cut_005.jpg,0111,space_notext,space,0,space_notext,train
C:\Temp\deep\labeled_dataset\space_text\0005_cut_009.jpg,0005_cut_009.jpg,0005,space_text,space,1,space_text,train
C:\Temp\deep\labeled_dataset\space_text\0007_cut_006.jpg,0007_cut_006.jpg,0007,space_text,space,1,space_text,test
C:\Temp\deep\labeled_dataset\space_text\0008_cut_001.jpg,0008_cut_001.jpg,0008,space_text,space,1,space_text,test
C:\Temp\deep\labeled_dataset\space_text\0008_cut_002.jpg,0008_cut_002.jpg,0008,space_text,space,1,space_text,test
C:\Temp\deep\labeled_dataset\space_text\0008_cut_004.jpg,0008_cut_004.jpg,0008,space_text,space,1,space_text,test
C:\Temp\deep\labeled_dataset\space_text\0008_cut_005.jpg,0008_cut_005.jpg,0008,space_text,space,1,space_text,test
C:\Temp\deep\labeled_dataset\space_text\0008_cut_006.jpg,0008_cut_006.jpg,0008,space_text,space,1,space_text,test
C:\Temp\deep\labeled_dataset\space_text\0008_cut_007.jpg,0008_cut_007.jpg,0008,space_text,space,1,space_text,test
C:\Temp\deep\labeled_dataset\space_text\0008_cut_010.jpg,0008_cut_010.jpg,0008,space_text,space,1,space_text,test
C:\Temp\deep\labeled_dataset\space_text\0008_cut_014.jpg,0008_cut_014.jpg,0008,space_text,space,1,space_text,test
C:\Temp\deep\labeled_dataset\space_text\0008_cut_018.jpg,0008_cut_018.jpg,0008,space_text,space,1,space_text,test
C:\Temp\deep\labeled_dataset\space_text\0008_cut_019.jpg,0008_cut_019.jpg,0008,space_text,space,1,space_text,test
C:\Temp\deep\labeled_dataset\space_text\0008_cut_024.jpg,0008_cut_024.jpg,0008,space_text,space,1,space_text,test
C:\Temp\deep\labeled_dataset\space_text\0008_cut_025.jpg,0008_cut_025.jpg,0008,space_text,space,1,space_text,test
C:\Temp\deep\labeled_dataset\space_text\0010_cut_019.jpg,0010_cut_019.jpg,0010,space_text,space,1,space_text,val
C:\Temp\deep\labeled_dataset\space_text\0012_cut_001.jpg,0012_cut_001.jpg,0012,space_text,space,1,space_text,train
C:\Temp\deep\labeled_dataset\space_text\0012_cut_003.jpg,0012_cut_003.jpg,0012,space_text,space,1,space_text,train
C:\Temp\deep\labeled_dataset\space_text\0016_cut_002.jpg,0016_cut_002.jpg,0016,space_text,space,1,space_text,val
C:\Temp\deep\labeled_dataset\space_text\0016_cut_004.jpg,0016_cut_004.jpg,0016,space_text,space,1,space_text,val
C:\Temp\deep\labeled_dataset\space_text\0016_cut_006.jpg,0016_cut_006.jpg,0016,space_text,space,1,space_text,val
C:\Temp\deep\labeled_dataset\space_text\0016_cut_008.jpg,0016_cut_008.jpg,0016,space_text,space,1,space_text,val
C:\Temp\deep\labeled_dataset\space_text\0016_cut_012.jpg,0016_cut_012.jpg,0016,space_text,space,1,space_text,val
C:\Temp\deep\labeled_dataset\space_text\0029_cut_002.jpg,0029_cut_002.jpg,0029,space_text,space,1,space_text,train
C:\Temp\deep\labeled_dataset\space_text\0029_cut_003.jpg,0029_cut_003.jpg,0029,space_text,space,1,space_text,train
C:\Temp\deep\labeled_dataset\space_text\0029_cut_008.jpg,0029_cut_008.jpg,0029,space_text,space,1,space_text,train
C:\Temp\deep\labeled_dataset\space_text\0029_cut_011.jpg,0029_cut_011.jpg,0029,space_text,space,1,space_text,train
C:\Temp\deep\labeled_dataset\space_text\0029_cut_013.jpg,0029_cut_013.jpg,0029,space_text,space,1,space_text,train
C:\Temp\deep\labeled_dataset\space_text\0029_cut_014.jpg,0029_cut_014.jpg,0029,space_text,space,1,space_text,train
C:\Temp\deep\labeled_dataset\space_text\0029_cut_016.jpg,0029_cut_016.jpg,0029,space_text,space,1,space_text,train
C:\Temp\deep\labeled_dataset\space_text\0029_cut_017.jpg,0029_cut_017.jpg,0029,space_text,space,1,space_text,train
C:\Temp\deep\labeled_dataset\space_text\0029_cut_018.jpg,0029_cut_018.jpg,0029,space_text,space,1,space_text,train
C:\Temp\deep\labeled_dataset\space_text\0029_cut_023.jpg,0029_cut_023.jpg,0029,space_text,space,1,space_text,train
C:\Temp\deep\labeled_dataset\space_text\0029_cut_024.jpg,0029_cut_024.jpg,0029,space_text,space,1,space_text,train
C:\Temp\deep\labeled_dataset\space_text\0029_cut_025.jpg,0029_cut_025.jpg,0029,space_text,space,1,space_text,train
C:\Temp\deep\labeled_dataset\space_text\0029_cut_026.jpg,0029_cut_026.jpg,0029,space_text,space,1,space_text,train
C:\Temp\deep\labeled_dataset\space_text\0029_cut_028.jpg,0029_cut_028.jpg,0029,space_text,space,1,space_text,train
C:\Temp\deep\labeled_dataset\space_text\0030_cut_012.jpg,0030_cut_012.jpg,0030,space_text,space,1,space_text,val
C:\Temp\deep\labeled_dataset\space_text\0040_cut_006.jpg,0040_cut_006.jpg,0040,space_text,space,1,space_text,train
C:\Temp\deep\labeled_dataset\space_text\0040_cut_007.jpg,0040_cut_007.jpg,0040,space_text,space,1,space_text,train
C:\Temp\deep\labeled_dataset\space_text\0042_cut_005.jpg,0042_cut_005.jpg,0042,space_text,space,1,space_text,train
C:\Temp\deep\labeled_dataset\space_text\0048_cut_003.jpg,0048_cut_003.jpg,0048,space_text,space,1,space_text,test
C:\Temp\deep\labeled_dataset\space_text\0056_cut_003.jpg,0056_cut_003.jpg,0056,space_text,space,1,space_text,train
C:\Temp\deep\labeled_dataset\space_text\0056_cut_007.jpg,0056_cut_007.jpg,0056,space_text,space,1,space_text,train
C:\Temp\deep\labeled_dataset\space_text\0056_cut_008.jpg,0056_cut_008.jpg,0056,space_text,space,1,space_text,train
C:\Temp\deep\labeled_dataset\space_text\0056_cut_009.jpg,0056_cut_009.jpg,0056,space_text,space,1,space_text,train
C:\Temp\deep\labeled_dataset\space_text\0056_cut_011.jpg,0056_cut_011.jpg,0056,space_text,space,1,space_text,train
C:\Temp\deep\labeled_dataset\space_text\0056_cut_012.jpg,0056_cut_012.jpg,0056,space_text,space,1,space_text,train
C:\Temp\deep\labeled_dataset\space_text\0056_cut_014.jpg,0056_cut_014.jpg,0056,space_text,space,1,space_text,train
C:\Temp\deep\labeled_dataset\space_text\0056_cut_019.jpg,0056_cut_019.jpg,0056,space_text,space,1,space_text,train
C:\Temp\deep\labeled_dataset\space_text\0056_cut_021.jpg,0056_cut_021.jpg,0056,space_text,space,1,space_text,train
C:\Temp\deep\labeled_dataset\space_text\0056_cut_026.jpg,0056_cut_026.jpg,0056,space_text,space,1,space_text,train
C:\Temp\deep\labeled_dataset\space_text\0056_cut_028.jpg,0056_cut_028.jpg,0056,space_text,space,1,space_text,train
C:\Temp\deep\labeled_dataset\space_text\0056_cut_030.jpg,0056_cut_030.jpg,0056,space_text,space,1,space_text,train
C:\Temp\deep\labeled_dataset\space_text\0058_cut_003.jpg,0058_cut_003.jpg,0058,space_text,space,1,space_text,train
C:\Temp\deep\labeled_dataset\space_text\0060_cut_003.jpg,0060_cut_003.jpg,0060,space_text,space,1,space_text,train
C:\Temp\deep\labeled_dataset\space_text\0060_cut_006.jpg,0060_cut_006.jpg,0060,space_text,space,1,space_text,train
C:\Temp\deep\labeled_dataset\space_text\0060_cut_007.jpg,0060_cut_007.jpg,0060,space_text,space,1,space_text,train
C:\Temp\deep\labeled_dataset\space_text\0060_cut_008.jpg,0060_cut_008.jpg,0060,space_text,space,1,space_text,train
C:\Temp\deep\labeled_dataset\space_text\0060_cut_010.jpg,0060_cut_010.jpg,0060,space_text,space,1,space_text,train
C:\Temp\deep\labeled_dataset\space_text\0061_cut_001.jpg,0061_cut_001.jpg,0061,space_text,space,1,space_text,train
C:\Temp\deep\labeled_dataset\space_text\0061_cut_002.jpg,0061_cut_002.jpg,0061,space_text,space,1,space_text,train
C:\Temp\deep\labeled_dataset\space_text\0061_cut_004.jpg,0061_cut_004.jpg,0061,space_text,space,1,space_text,train
C:\Temp\deep\labeled_dataset\space_text\0061_cut_007.jpg,0061_cut_007.jpg,0061,space_text,space,1,space_text,train
C:\Temp\deep\labeled_dataset\space_text\0063_cut_005.jpg,0063_cut_005.jpg,0063,space_text,space,1,space_text,train
C:\Temp\deep\labeled_dataset\space_text\0066_cut_002.jpg,0066_cut_002.jpg,0066,space_text,space,1,space_text,val
C:\Temp\deep\labeled_dataset\space_text\0069_cut_003.jpg,0069_cut_003.jpg,0069,space_text,space,1,space_text,train
C:\Temp\deep\labeled_dataset\space_text\0070_cut_005.jpg,0070_cut_005.jpg,0070,space_text,space,1,space_text,train
C:\Temp\deep\labeled_dataset\space_text\0071_cut_006.jpg,0071_cut_006.jpg,0071,space_text,space,1,space_text,val
C:\Temp\deep\labeled_dataset\space_text\0071_cut_007.jpg,0071_cut_007.jpg,0071,space_text,space,1,space_text,val
C:\Temp\deep\labeled_dataset\space_text\0074_cut_004.jpg,0074_cut_004.jpg,0074,space_text,space,1,space_text,train
C:\Temp\deep\labeled_dataset\space_text\0076_cut_005.jpg,0076_cut_005.jpg,0076,space_text,space,1,space_text,test
C:\Temp\deep\labeled_dataset\space_text\0079_cut_001.jpg,0079_cut_001.jpg,0079,space_text,space,1,space_text,train
C:\Temp\deep\labeled_dataset\space_text\0080_cut_001.jpg,0080_cut_001.jpg,0080,space_text,space,1,space_text,train
C:\Temp\deep\labeled_dataset\space_text\0080_cut_002.jpg,0080_cut_002.jpg,0080,space_text,space,1,space_text,train
C:\Temp\deep\labeled_dataset\space_text\0080_cut_013.jpg,0080_cut_013.jpg,0080,space_text,space,1,space_text,train
C:\Temp\deep\labeled_dataset\space_text\0080_cut_014.jpg,0080_cut_014.jpg,0080,space_text,space,1,space_text,train
C:\Temp\deep\labeled_dataset\space_text\0092_cut_015.jpg,0092_cut_015.jpg,0092,space_text,space,1,space_text,train
C:\Temp\deep\labeled_dataset\space_text\0092_cut_016.jpg,0092_cut_016.jpg,0092,space_text,space,1,space_text,train
C:\Temp\deep\labeled_dataset\space_text\0097_cut_002.jpg,0097_cut_002.jpg,0097,space_text,space,1,space_text,train
C:\Temp\deep\labeled_dataset\space_text\0099_cut_005.jpg,0099_cut_005.jpg,0099,space_text,space,1,space_text,test
C:\Temp\deep\labeled_dataset\space_text\0101_cut_002.jpg,0101_cut_002.jpg,0101,space_text,space,1,space_text,train
C:\Temp\deep\labeled_dataset\space_text\0101_cut_003.jpg,0101_cut_003.jpg,0101,space_text,space,1,space_text,train
C:\Temp\deep\labeled_dataset\space_text\0103_cut_003.jpg,0103_cut_003.jpg,0103,space_text,space,1,space_text,val
C:\Temp\deep\labeled_dataset\space_text\0104_cut_004.jpg,0104_cut_004.jpg,0104,space_text,space,1,space_text,train
C:\Temp\deep\labeled_dataset\space_text\0106_cut_003.jpg,0106_cut_003.jpg,0106,space_text,space,1,space_text,val
C:\Temp\deep\labeled_dataset\space_text\0106_cut_005.jpg,0106_cut_005.jpg,0106,space_text,space,1,space_text,val
C:\Temp\deep\labeled_dataset\space_text\0106_cut_007.jpg,0106_cut_007.jpg,0106,space_text,space,1,space_text,val
C:\Temp\deep\labeled_dataset\space_text\0108_cut_002.jpg,0108_cut_002.jpg,0108,space_text,space,1,space_text,train
C:\Temp\deep\labeled_dataset\space_text\0114_cut_007.jpg,0114_cut_007.jpg,0114,space_text,space,1,space_text,test
C:\Temp\deep\labeled_dataset\space_text\0116_cut_002.jpg,0116_cut_002.jpg,0116,space_text,space,1,space_text,train
C:\Temp\deep\labeled_dataset\space_text\0118_cut_001.jpg,0118_cut_001.jpg,0118,space_text,space,1,space_text,test
C:\Temp\deep\labeled_dataset\space_text\0118_cut_002.jpg,0118_cut_002.jpg,0118,space_text,space,1,space_text,test
C:\Temp\deep\labeled_dataset\space_text\0118_cut_003.jpg,0118_cut_003.jpg,0118,space_text,space,1,space_text,test
C:\Temp\deep\labeled_dataset\space_text\0118_cut_004.jpg,0118_cut_004.jpg,0118,space_text,space,1,space_text,test
C:\Temp\deep\labeled_dataset\space_text\0118_cut_005.jpg,0118_cut_005.jpg,0118,space_text,space,1,space_text,test
C:\Temp\deep\labeled_dataset\space_text\0129_cut_009.jpg,0129_cut_009.jpg,0129,space_text,space,1,space_text,train
C:\Temp\deep\labeled_dataset\wide_notext\0003_cut_003.jpg,0003_cut_003.jpg,0003,wide_notext,wide,0,wide_notext,test
C:\Temp\deep\labeled_dataset\wide_notext\0003_cut_007.jpg,0003_cut_007.jpg,0003,wide_notext,wide,0,wide_notext,test
C:\Temp\deep\labeled_dataset\wide_notext\0003_cut_010.jpg,0003_cut_010.jpg,0003,wide_notext,wide,0,wide_notext,test
C:\Temp\deep\labeled_dataset\wide_notext\0003_cut_012.jpg,0003_cut_012.jpg,0003,wide_notext,wide,0,wide_notext,test
C:\Temp\deep\labeled_dataset\wide_notext\0003_cut_014.jpg,0003_cut_014.jpg,0003,wide_notext,wide,0,wide_notext,test
C:\Temp\deep\labeled_dataset\wide_notext\0013_cut_022.jpg,0013_cut_022.jpg,0013,wide_notext,wide,0,wide_notext,train
C:\Temp\deep\labeled_dataset\wide_notext\0022_cut_002.jpg,0022_cut_002.jpg,0022,wide_notext,wide,0,wide_notext,test
C:\Temp\deep\labeled_dataset\wide_notext\0030_cut_008.jpg,0030_cut_008.jpg,0030,wide_notext,wide,0,wide_notext,val
C:\Temp\deep\labeled_dataset\wide_notext\0034_cut_004.jpg,0034_cut_004.jpg,0034,wide_notext,wide,0,wide_notext,val
C:\Temp\deep\labeled_dataset\wide_notext\0035_cut_001.jpg,0035_cut_001.jpg,0035,wide_notext,wide,0,wide_notext,train
C:\Temp\deep\labeled_dataset\wide_notext\0035_cut_003.jpg,0035_cut_003.jpg,0035,wide_notext,wide,0,wide_notext,train
C:\Temp\deep\labeled_dataset\wide_notext\0036_cut_002.jpg,0036_cut_002.jpg,0036,wide_notext,wide,0,wide_notext,train
C:\Temp\deep\labeled_dataset\wide_notext\0036_cut_007.jpg,0036_cut_007.jpg,0036,wide_notext,wide,0,wide_notext,train
C:\Temp\deep\labeled_dataset\wide_notext\0038_cut_003.jpg,0038_cut_003.jpg,0038,wide_notext,wide,0,wide_notext,train
C:\Temp\deep\labeled_dataset\wide_notext\0038_cut_004.jpg,0038_cut_004.jpg,0038,wide_notext,wide,0,wide_notext,train
C:\Temp\deep\labeled_dataset\wide_notext\0038_cut_005.jpg,0038_cut_005.jpg,0038,wide_notext,wide,0,wide_notext,train
C:\Temp\deep\labeled_dataset\wide_notext\0039_cut_005.jpg,0039_cut_005.jpg,0039,wide_notext,wide,0,wide_notext,train
C:\Temp\deep\labeled_dataset\wide_notext\0043_cut_003.jpg,0043_cut_003.jpg,0043,wide_notext,wide,0,wide_notext,train
C:\Temp\deep\labeled_dataset\wide_notext\0043_cut_004.jpg,0043_cut_004.jpg,0043,wide_notext,wide,0,wide_notext,train
C:\Temp\deep\labeled_dataset\wide_notext\0043_cut_006.jpg,0043_cut_006.jpg,0043,wide_notext,wide,0,wide_notext,train
C:\Temp\deep\labeled_dataset\wide_notext\0045_cut_001.jpg,0045_cut_001.jpg,0045,wide_notext,wide,0,wide_notext,train
C:\Temp\deep\labeled_dataset\wide_notext\0046_cut_003.jpg,0046_cut_003.jpg,0046,wide_notext,wide,0,wide_notext,train
C:\Temp\deep\labeled_dataset\wide_notext\0050_cut_002.jpg,0050_cut_002.jpg,0050,wide_notext,wide,0,wide_notext,train
C:\Temp\deep\labeled_dataset\wide_notext\0050_cut_003.jpg,0050_cut_003.jpg,0050,wide_notext,wide,0,wide_notext,train
C:\Temp\deep\labeled_dataset\wide_notext\0050_cut_006.jpg,0050_cut_006.jpg,0050,wide_notext,wide,0,wide_notext,train
C:\Temp\deep\labeled_dataset\wide_notext\0050_cut_007.jpg,0050_cut_007.jpg,0050,wide_notext,wide,0,wide_notext,train
C:\Temp\deep\labeled_dataset\wide_notext\0053_cut_017.jpg,0053_cut_017.jpg,0053,wide_notext,wide,0,wide_notext,test
C:\Temp\deep\labeled_dataset\wide_notext\0054_cut_004.jpg,0054_cut_004.jpg,0054,wide_notext,wide,0,wide_notext,train
C:\Temp\deep\labeled_dataset\wide_notext\0054_cut_006.jpg,0054_cut_006.jpg,0054,wide_notext,wide,0,wide_notext,train
C:\Temp\deep\labeled_dataset\wide_notext\0054_cut_007.jpg,0054_cut_007.jpg,0054,wide_notext,wide,0,wide_notext,train
C:\Temp\deep\labeled_dataset\wide_notext\0054_cut_009.jpg,0054_cut_009.jpg,0054,wide_notext,wide,0,wide_notext,train
C:\Temp\deep\labeled_dataset\wide_notext\0054_cut_011.jpg,0054_cut_011.jpg,0054,wide_notext,wide,0,wide_notext,train
C:\Temp\deep\labeled_dataset\wide_notext\0054_cut_014.jpg,0054_cut_014.jpg,0054,wide_notext,wide,0,wide_notext,train
C:\Temp\deep\labeled_dataset\wide_notext\0067_cut_002.jpg,0067_cut_002.jpg,0067,wide_notext,wide,0,wide_notext,train
C:\Temp\deep\labeled_dataset\wide_notext\0067_cut_004.jpg,0067_cut_004.jpg,0067,wide_notext,wide,0,wide_notext,train
C:\Temp\deep\labeled_dataset\wide_notext\0076_cut_001.jpg,0076_cut_001.jpg,0076,wide_notext,wide,0,wide_notext,test
C:\Temp\deep\labeled_dataset\wide_notext\0081_cut_001.jpg,0081_cut_001.jpg,0081,wide_notext,wide,0,wide_notext,train
C:\Temp\deep\labeled_dataset\wide_notext\0081_cut_005.jpg,0081_cut_005.jpg,0081,wide_notext,wide,0,wide_notext,train
C:\Temp\deep\labeled_dataset\wide_notext\0084_cut_006.jpg,0084_cut_006.jpg,0084,wide_notext,wide,0,wide_notext,train
C:\Temp\deep\labeled_dataset\wide_notext\0090_cut_002.jpg,0090_cut_002.jpg,0090,wide_notext,wide,0,wide_notext,test
C:\Temp\deep\labeled_dataset\wide_notext\0094_cut_002.jpg,0094_cut_002.jpg,0094,wide_notext,wide,0,wide_notext,train
C:\Temp\deep\labeled_dataset\wide_notext\0107_cut_002.jpg,0107_cut_002.jpg,0107,wide_notext,wide,0,wide_notext,train
C:\Temp\deep\labeled_dataset\wide_notext\0107_cut_003.jpg,0107_cut_003.jpg,0107,wide_notext,wide,0,wide_notext,train
C:\Temp\deep\labeled_dataset\wide_notext\0107_cut_004.jpg,0107_cut_004.jpg,0107,wide_notext,wide,0,wide_notext,train
C:\Temp\deep\labeled_dataset\wide_notext\0109_cut_006.jpg,0109_cut_006.jpg,0109,wide_notext,wide,0,wide_notext,train
C:\Temp\deep\labeled_dataset\wide_notext\0109_cut_007.jpg,0109_cut_007.jpg,0109,wide_notext,wide,0,wide_notext,train
C:\Temp\deep\labeled_dataset\wide_notext\0119_cut_008.jpg,0119_cut_008.jpg,0119,wide_notext,wide,0,wide_notext,train
C:\Temp\deep\labeled_dataset\wide_notext\0120_cut_001.jpg,0120_cut_001.jpg,0120,wide_notext,wide,0,wide_notext,train
C:\Temp\deep\labeled_dataset\wide_notext\0121_cut_001.jpg,0121_cut_001.jpg,0121,wide_notext,wide,0,wide_notext,train
C:\Temp\deep\labeled_dataset\wide_notext\0121_cut_002.jpg,0121_cut_002.jpg,0121,wide_notext,wide,0,wide_notext,train
C:\Temp\deep\labeled_dataset\wide_notext\0123_cut_004.jpg,0123_cut_004.jpg,0123,wide_notext,wide,0,wide_notext,train
C:\Temp\deep\labeled_dataset\wide_notext\0123_cut_005.jpg,0123_cut_005.jpg,0123,wide_notext,wide,0,wide_notext,train
C:\Temp\deep\labeled_dataset\wide_notext\0123_cut_006.jpg,0123_cut_006.jpg,0123,wide_notext,wide,0,wide_notext,train
C:\Temp\deep\labeled_dataset\wide_notext\0123_cut_007.jpg,0123_cut_007.jpg,0123,wide_notext,wide,0,wide_notext,train
C:\Temp\deep\labeled_dataset\wide_notext\0123_cut_008.jpg,0123_cut_008.jpg,0123,wide_notext,wide,0,wide_notext,train
C:\Temp\deep\labeled_dataset\wide_notext\0124_cut_002.jpg,0124_cut_002.jpg,0124,wide_notext,wide,0,wide_notext,test
C:\Temp\deep\labeled_dataset\wide_notext\0124_cut_003.jpg,0124_cut_003.jpg,0124,wide_notext,wide,0,wide_notext,test
C:\Temp\deep\labeled_dataset\wide_notext\0124_cut_004.jpg,0124_cut_004.jpg,0124,wide_notext,wide,0,wide_notext,test
C:\Temp\deep\labeled_dataset\wide_notext\0124_cut_007.jpg,0124_cut_007.jpg,0124,wide_notext,wide,0,wide_notext,test
C:\Temp\deep\labeled_dataset\wide_notext\0124_cut_008.jpg,0124_cut_008.jpg,0124,wide_notext,wide,0,wide_notext,test
C:\Temp\deep\labeled_dataset\wide_notext\0124_cut_010.jpg,0124_cut_010.jpg,0124,wide_notext,wide,0,wide_notext,test
C:\Temp\deep\labeled_dataset\wide_notext\0126_cut_002.jpg,0126_cut_002.jpg,0126,wide_notext,wide,0,wide_notext,test
C:\Temp\deep\labeled_dataset\wide_notext\0126_cut_003.jpg,0126_cut_003.jpg,0126,wide_notext,wide,0,wide_notext,test
C:\Temp\deep\labeled_dataset\wide_notext\0126_cut_004.jpg,0126_cut_004.jpg,0126,wide_notext,wide,0,wide_notext,test
C:\Temp\deep\labeled_dataset\wide_notext\0126_cut_005.jpg,0126_cut_005.jpg,0126,wide_notext,wide,0,wide_notext,test
C:\Temp\deep\labeled_dataset\wide_notext\0126_cut_006.jpg,0126_cut_006.jpg,0126,wide_notext,wide,0,wide_notext,test
C:\Temp\deep\labeled_dataset\wide_notext\0126_cut_007.jpg,0126_cut_007.jpg,0126,wide_notext,wide,0,wide_notext,test
C:\Temp\deep\labeled_dataset\wide_notext\0126_cut_008.jpg,0126_cut_008.jpg,0126,wide_notext,wide,0,wide_notext,test
C:\Temp\deep\labeled_dataset\wide_notext\0126_cut_009.jpg,0126_cut_009.jpg,0126,wide_notext,wide,0,wide_notext,test
C:\Temp\deep\labeled_dataset\wide_notext\0127_cut_003.jpg,0127_cut_003.jpg,0127,wide_notext,wide,0,wide_notext,train
C:\Temp\deep\labeled_dataset\wide_notext\0127_cut_004.jpg,0127_cut_004.jpg,0127,wide_notext,wide,0,wide_notext,train
C:\Temp\deep\labeled_dataset\wide_notext\0130_cut_002.jpg,0130_cut_002.jpg,0130,wide_notext,wide,0,wide_notext,train
C:\Temp\deep\labeled_dataset\wide_notext\0130_cut_003.jpg,0130_cut_003.jpg,0130,wide_notext,wide,0,wide_notext,train
C:\Temp\deep\labeled_dataset\wide_text\0001_cut_003.jpg,0001_cut_003.jpg,0001,wide_text,wide,1,wide_text,test
C:\Temp\deep\labeled_dataset\wide_text\0003_cut_001.jpg,0003_cut_001.jpg,0003,wide_text,wide,1,wide_text,test
C:\Temp\deep\labeled_dataset\wide_text\0004_cut_012.jpg,0004_cut_012.jpg,0004,wide_text,wide,1,wide_text,val
C:\Temp\deep\labeled_dataset\wide_text\0005_cut_002.jpg,0005_cut_002.jpg,0005,wide_text,wide,1,wide_text,train
C:\Temp\deep\labeled_dataset\wide_text\0005_cut_004.jpg,0005_cut_004.jpg,0005,wide_text,wide,1,wide_text,train
C:\Temp\deep\labeled_dataset\wide_text\0005_cut_011.jpg,0005_cut_011.jpg,0005,wide_text,wide,1,wide_text,train
C:\Temp\deep\labeled_dataset\wide_text\0007_cut_005.jpg,0007_cut_005.jpg,0007,wide_text,wide,1,wide_text,test
C:\Temp\deep\labeled_dataset\wide_text\0007_cut_007.jpg,0007_cut_007.jpg,0007,wide_text,wide,1,wide_text,test
C:\Temp\deep\labeled_dataset\wide_text\0007_cut_008.jpg,0007_cut_008.jpg,0007,wide_text,wide,1,wide_text,test
C:\Temp\deep\labeled_dataset\wide_text\0008_cut_015.jpg,0008_cut_015.jpg,0008,wide_text,wide,1,wide_text,test
C:\Temp\deep\labeled_dataset\wide_text\0011_cut_004.jpg,0011_cut_004.jpg,0011,wide_text,wide,1,wide_text,train
C:\Temp\deep\labeled_dataset\wide_text\0011_cut_006.jpg,0011_cut_006.jpg,0011,wide_text,wide,1,wide_text,train
C:\Temp\deep\labeled_dataset\wide_text\0011_cut_007.jpg,0011_cut_007.jpg,0011,wide_text,wide,1,wide_text,train
C:\Temp\deep\labeled_dataset\wide_text\0011_cut_011.jpg,0011_cut_011.jpg,0011,wide_text,wide,1,wide_text,train
C:\Temp\deep\labeled_dataset\wide_text\0012_cut_004.jpg,0012_cut_004.jpg,0012,wide_text,wide,1,wide_text,train
C:\Temp\deep\labeled_dataset\wide_text\0014_cut_001.jpg,0014_cut_001.jpg,0014,wide_text,wide,1,wide_text,train
C:\Temp\deep\labeled_dataset\wide_text\0014_cut_002.jpg,0014_cut_002.jpg,0014,wide_text,wide,1,wide_text,train
C:\Temp\deep\labeled_dataset\wide_text\0014_cut_003.jpg,0014_cut_003.jpg,0014,wide_text,wide,1,wide_text,train
C:\Temp\deep\labeled_dataset\wide_text\0014_cut_004.jpg,0014_cut_004.jpg,0014,wide_text,wide,1,wide_text,train
C:\Temp\deep\labeled_dataset\wide_text\0014_cut_005.jpg,0014_cut_005.jpg,0014,wide_text,wide,1,wide_text,train
C:\Temp\deep\labeled_dataset\wide_text\0014_cut_008.jpg,0014_cut_008.jpg,0014,wide_text,wide,1,wide_text,train
C:\Temp\deep\labeled_dataset\wide_text\0016_cut_005.jpg,0016_cut_005.jpg,0016,wide_text,wide,1,wide_text,val
C:\Temp\deep\labeled_dataset\wide_text\0016_cut_007.jpg,0016_cut_007.jpg,0016,wide_text,wide,1,wide_text,val
C:\Temp\deep\labeled_dataset\wide_text\0017_cut_001.jpg,0017_cut_001.jpg,0017,wide_text,wide,1,wide_text,train
C:\Temp\deep\labeled_dataset\wide_text\0017_cut_002.jpg,0017_cut_002.jpg,0017,wide_text,wide,1,wide_text,train
C:\Temp\deep\labeled_dataset\wide_text\0017_cut_008.jpg,0017_cut_008.jpg,0017,wide_text,wide,1,wide_text,train
C:\Temp\deep\labeled_dataset\wide_text\0017_cut_009.jpg,0017_cut_009.jpg,0017,wide_text,wide,1,wide_text,train
C:\Temp\deep\labeled_dataset\wide_text\0017_cut_011.jpg,0017_cut_011.jpg,0017,wide_text,wide,1,wide_text,train
C:\Temp\deep\labeled_dataset\wide_text\0017_cut_013.jpg,0017_cut_013.jpg,0017,wide_text,wide,1,wide_text,train
C:\Temp\deep\labeled_dataset\wide_text\0017_cut_014.jpg,0017_cut_014.jpg,0017,wide_text,wide,1,wide_text,train
C:\Temp\deep\labeled_dataset\wide_text\0018_cut_001.jpg,0018_cut_001.jpg,0018,wide_text,wide,1,wide_text,val
C:\Temp\deep\labeled_dataset\wide_text\0018_cut_002.jpg,0018_cut_002.jpg,0018,wide_text,wide,1,wide_text,val
C:\Temp\deep\labeled_dataset\wide_text\0019_cut_004.jpg,0019_cut_004.jpg,0019,wide_text,wide,1,wide_text,test
C:\Temp\deep\labeled_dataset\wide_text\0021_cut_002.jpg,0021_cut_002.jpg,0021,wide_text,wide,1,wide_text,val
C:\Temp\deep\labeled_dataset\wide_text\0021_cut_003.jpg,0021_cut_003.jpg,0021,wide_text,wide,1,wide_text,val
C:\Temp\deep\labeled_dataset\wide_text\0022_cut_003.jpg,0022_cut_003.jpg,0022,wide_text,wide,1,wide_text,test
C:\Temp\deep\labeled_dataset\wide_text\0022_cut_004.jpg,0022_cut_004.jpg,0022,wide_text,wide,1,wide_text,test
C:\Temp\deep\labeled_dataset\wide_text\0023_cut_003.jpg,0023_cut_003.jpg,0023,wide_text,wide,1,wide_text,train
C:\Temp\deep\labeled_dataset\wide_text\0024_cut_001.jpg,0024_cut_001.jpg,0024,wide_text,wide,1,wide_text,train
C:\Temp\deep\labeled_dataset\wide_text\0024_cut_005.jpg,0024_cut_005.jpg,0024,wide_text,wide,1,wide_text,train
C:\Temp\deep\labeled_dataset\wide_text\0024_cut_006.jpg,0024_cut_006.jpg,0024,wide_text,wide,1,wide_text,train
C:\Temp\deep\labeled_dataset\wide_text\0024_cut_007.jpg,0024_cut_007.jpg,0024,wide_text,wide,1,wide_text,train
C:\Temp\deep\labeled_dataset\wide_text\0024_cut_015.jpg,0024_cut_015.jpg,0024,wide_text,wide,1,wide_text,train
C:\Temp\deep\labeled_dataset\wide_text\0025_cut_002.jpg,0025_cut_002.jpg,0025,wide_text,wide,1,wide_text,test
C:\Temp\deep\labeled_dataset\wide_text\0026_cut_002.jpg,0026_cut_002.jpg,0026,wide_text,wide,1,wide_text,train
C:\Temp\deep\labeled_dataset\wide_text\0030_cut_010.jpg,0030_cut_010.jpg,0030,wide_text,wide,1,wide_text,val
C:\Temp\deep\labeled_dataset\wide_text\0030_cut_014.jpg,0030_cut_014.jpg,0030,wide_text,wide,1,wide_text,val
C:\Temp\deep\labeled_dataset\wide_text\0030_cut_016.jpg,0030_cut_016.jpg,0030,wide_text,wide,1,wide_text,val
C:\Temp\deep\labeled_dataset\wide_text\0030_cut_017.jpg,0030_cut_017.jpg,0030,wide_text,wide,1,wide_text,val
C:\Temp\deep\labeled_dataset\wide_text\0030_cut_018.jpg,0030_cut_018.jpg,0030,wide_text,wide,1,wide_text,val
C:\Temp\deep\labeled_dataset\wide_text\0030_cut_019.jpg,0030_cut_019.jpg,0030,wide_text,wide,1,wide_text,val
C:\Temp\deep\labeled_dataset\wide_text\0030_cut_020.jpg,0030_cut_020.jpg,0030,wide_text,wide,1,wide_text,val
C:\Temp\deep\labeled_dataset\wide_text\0030_cut_021.jpg,0030_cut_021.jpg,0030,wide_text,wide,1,wide_text,val
C:\Temp\deep\labeled_dataset\wide_text\0031_cut_001.jpg,0031_cut_001.jpg,0031,wide_text,wide,1,wide_text,train
C:\Temp\deep\labeled_dataset\wide_text\0031_cut_002.jpg,0031_cut_002.jpg,0031,wide_text,wide,1,wide_text,train
C:\Temp\deep\labeled_dataset\wide_text\0031_cut_003.jpg,0031_cut_003.jpg,0031,wide_text,wide,1,wide_text,train
C:\Temp\deep\labeled_dataset\wide_text\0032_cut_001.jpg,0032_cut_001.jpg,0032,wide_text,wide,1,wide_text,train
C:\Temp\deep\labeled_dataset\wide_text\0034_cut_001.jpg,0034_cut_001.jpg,0034,wide_text,wide,1,wide_text,val
C:\Temp\deep\labeled_dataset\wide_text\0034_cut_005.jpg,0034_cut_005.jpg,0034,wide_text,wide,1,wide_text,val
C:\Temp\deep\labeled_dataset\wide_text\0035_cut_002.jpg,0035_cut_002.jpg,0035,wide_text,wide,1,wide_text,train
C:\Temp\deep\labeled_dataset\wide_text\0035_cut_004.jpg,0035_cut_004.jpg,0035,wide_text,wide,1,wide_text,train
C:\Temp\deep\labeled_dataset\wide_text\0036_cut_004.jpg,0036_cut_004.jpg,0036,wide_text,wide,1,wide_text,train
C:\Temp\deep\labeled_dataset\wide_text\0037_cut_012.jpg,0037_cut_012.jpg,0037,wide_text,wide,1,wide_text,test
C:\Temp\deep\labeled_dataset\wide_text\0038_cut_002.jpg,0038_cut_002.jpg,0038,wide_text,wide,1,wide_text,train
C:\Temp\deep\labeled_dataset\wide_text\0039_cut_001.jpg,0039_cut_001.jpg,0039,wide_text,wide,1,wide_text,train
C:\Temp\deep\labeled_dataset\wide_text\0039_cut_003.jpg,0039_cut_003.jpg,0039,wide_text,wide,1,wide_text,train
C:\Temp\deep\labeled_dataset\wide_text\0039_cut_004.jpg,0039_cut_004.jpg,0039,wide_text,wide,1,wide_text,train
C:\Temp\deep\labeled_dataset\wide_text\0039_cut_006.jpg,0039_cut_006.jpg,0039,wide_text,wide,1,wide_text,train
C:\Temp\deep\labeled_dataset\wide_text\0040_cut_002.jpg,0040_cut_002.jpg,0040,wide_text,wide,1,wide_text,train
C:\Temp\deep\labeled_dataset\wide_text\0040_cut_010.jpg,0040_cut_010.jpg,0040,wide_text,wide,1,wide_text,train
C:\Temp\deep\labeled_dataset\wide_text\0040_cut_014.jpg,0040_cut_014.jpg,0040,wide_text,wide,1,wide_text,train
C:\Temp\deep\labeled_dataset\wide_text\0040_cut_016.jpg,0040_cut_016.jpg,0040,wide_text,wide,1,wide_text,train
C:\Temp\deep\labeled_dataset\wide_text\0042_cut_002.jpg,0042_cut_002.jpg,0042,wide_text,wide,1,wide_text,train
C:\Temp\deep\labeled_dataset\wide_text\0042_cut_006.jpg,0042_cut_006.jpg,0042,wide_text,wide,1,wide_text,train
C:\Temp\deep\labeled_dataset\wide_text\0046_cut_001.jpg,0046_cut_001.jpg,0046,wide_text,wide,1,wide_text,train
C:\Temp\deep\labeled_dataset\wide_text\0047_cut_001.jpg,0047_cut_001.jpg,0047,wide_text,wide,1,wide_text,train
C:\Temp\deep\labeled_dataset\wide_text\0047_cut_002.jpg,0047_cut_002.jpg,0047,wide_text,wide,1,wide_text,train
C:\Temp\deep\labeled_dataset\wide_text\0048_cut_004.jpg,0048_cut_004.jpg,0048,wide_text,wide,1,wide_text,test
C:\Temp\deep\labeled_dataset\wide_text\0048_cut_006.jpg,0048_cut_006.jpg,0048,wide_text,wide,1,wide_text,test
C:\Temp\deep\labeled_dataset\wide_text\0048_cut_007.jpg,0048_cut_007.jpg,0048,wide_text,wide,1,wide_text,test
C:\Temp\deep\labeled_dataset\wide_text\0049_cut_002.jpg,0049_cut_002.jpg,0049,wide_text,wide,1,wide_text,train
C:\Temp\deep\labeled_dataset\wide_text\0049_cut_003.jpg,0049_cut_003.jpg,0049,wide_text,wide,1,wide_text,train
C:\Temp\deep\labeled_dataset\wide_text\0050_cut_001.jpg,0050_cut_001.jpg,0050,wide_text,wide,1,wide_text,train
C:\Temp\deep\labeled_dataset\wide_text\0052_cut_019.jpg,0052_cut_019.jpg,0052,wide_text,wide,1,wide_text,val
C:\Temp\deep\labeled_dataset\wide_text\0054_cut_001.jpg,0054_cut_001.jpg,0054,wide_text,wide,1,wide_text,train
C:\Temp\deep\labeled_dataset\wide_text\0054_cut_013.jpg,0054_cut_013.jpg,0054,wide_text,wide,1,wide_text,train
C:\Temp\deep\labeled_dataset\wide_text\0056_cut_002.jpg,0056_cut_002.jpg,0056,wide_text,wide,1,wide_text,train
C:\Temp\deep\labeled_dataset\wide_text\0071_cut_002.jpg,0071_cut_002.jpg,0071,wide_text,wide,1,wide_text,val
C:\Temp\deep\labeled_dataset\wide_text\0074_cut_006.jpg,0074_cut_006.jpg,0074,wide_text,wide,1,wide_text,train
C:\Temp\deep\labeled_dataset\wide_text\0075_cut_001.jpg,0075_cut_001.jpg,0075,wide_text,wide,1,wide_text,train
C:\Temp\deep\labeled_dataset\wide_text\0075_cut_003.jpg,0075_cut_003.jpg,0075,wide_text,wide,1,wide_text,train
C:\Temp\deep\labeled_dataset\wide_text\0075_cut_006.jpg,0075_cut_006.jpg,0075,wide_text,wide,1,wide_text,train
C:\Temp\deep\labeled_dataset\wide_text\0075_cut_007.jpg,0075_cut_007.jpg,0075,wide_text,wide,1,wide_text,train
C:\Temp\deep\labeled_dataset\wide_text\0076_cut_007.jpg,0076_cut_007.jpg,0076,wide_text,wide,1,wide_text,test
C:\Temp\deep\labeled_dataset\wide_text\0080_cut_006.jpg,0080_cut_006.jpg,0080,wide_text,wide,1,wide_text,train
C:\Temp\deep\labeled_dataset\wide_text\0080_cut_008.jpg,0080_cut_008.jpg,0080,wide_text,wide,1,wide_text,train
C:\Temp\deep\labeled_dataset\wide_text\0082_cut_003.jpg,0082_cut_003.jpg,0082,wide_text,wide,1,wide_text,val
C:\Temp\deep\labeled_dataset\wide_text\0082_cut_006.jpg,0082_cut_006.jpg,0082,wide_text,wide,1,wide_text,val
C:\Temp\deep\labeled_dataset\wide_text\0082_cut_016.jpg,0082_cut_016.jpg,0082,wide_text,wide,1,wide_text,val
C:\Temp\deep\labeled_dataset\wide_text\0082_cut_017.jpg,0082_cut_017.jpg,0082,wide_text,wide,1,wide_text,val
C:\Temp\deep\labeled_dataset\wide_text\0083_cut_001.jpg,0083_cut_001.jpg,0083,wide_text,wide,1,wide_text,test
C:\Temp\deep\labeled_dataset\wide_text\0083_cut_002.jpg,0083_cut_002.jpg,0083,wide_text,wide,1,wide_text,test
C:\Temp\deep\labeled_dataset\wide_text\0083_cut_003.jpg,0083_cut_003.jpg,0083,wide_text,wide,1,wide_text,test
C:\Temp\deep\labeled_dataset\wide_text\0083_cut_004.jpg,0083_cut_004.jpg,0083,wide_text,wide,1,wide_text,test
C:\Temp\deep\labeled_dataset\wide_text\0087_cut_002.jpg,0087_cut_002.jpg,0087,wide_text,wide,1,wide_text,test
C:\Temp\deep\labeled_dataset\wide_text\0089_cut_002.jpg,0089_cut_002.jpg,0089,wide_text,wide,1,wide_text,val
C:\Temp\deep\labeled_dataset\wide_text\0089_cut_013.jpg,0089_cut_013.jpg,0089,wide_text,wide,1,wide_text,val
C:\Temp\deep\labeled_dataset\wide_text\0089_cut_014.jpg,0089_cut_014.jpg,0089,wide_text,wide,1,wide_text,val
C:\Temp\deep\labeled_dataset\wide_text\0090_cut_001.jpg,0090_cut_001.jpg,0090,wide_text,wide,1,wide_text,test
C:\Temp\deep\labeled_dataset\wide_text\0093_cut_006.jpg,0093_cut_006.jpg,0093,wide_text,wide,1,wide_text,val
C:\Temp\deep\labeled_dataset\wide_text\0093_cut_007.jpg,0093_cut_007.jpg,0093,wide_text,wide,1,wide_text,val
C:\Temp\deep\labeled_dataset\wide_text\0093_cut_017.jpg,0093_cut_017.jpg,0093,wide_text,wide,1,wide_text,val
C:\Temp\deep\labeled_dataset\wide_text\0099_cut_004.jpg,0099_cut_004.jpg,0099,wide_text,wide,1,wide_text,test
C:\Temp\deep\labeled_dataset\wide_text\0108_cut_004.jpg,0108_cut_004.jpg,0108,wide_text,wide,1,wide_text,train
C:\Temp\deep\labeled_dataset\wide_text\0109_cut_004.jpg,0109_cut_004.jpg,0109,wide_text,wide,1,wide_text,train
C:\Temp\deep\labeled_dataset\wide_text\0109_cut_005.jpg,0109_cut_005.jpg,0109,wide_text,wide,1,wide_text,train
C:\Temp\deep\labeled_dataset\wide_text\0110_cut_002.jpg,0110_cut_002.jpg,0110,wide_text,wide,1,wide_text,train
C:\Temp\deep\labeled_dataset\wide_text\0113_cut_002.jpg,0113_cut_002.jpg,0113,wide_text,wide,1,wide_text,train
C:\Temp\deep\labeled_dataset\wide_text\0113_cut_003.jpg,0113_cut_003.jpg,0113,wide_text,wide,1,wide_text,train
C:\Temp\deep\labeled_dataset\wide_text\0113_cut_009.jpg,0113_cut_009.jpg,0113,wide_text,wide,1,wide_text,train
C:\Temp\deep\labeled_dataset\wide_text\0113_cut_010.jpg,0113_cut_010.jpg,0113,wide_text,wide,1,wide_text,train
C:\Temp\deep\labeled_dataset\wide_text\0113_cut_011.jpg,0113_cut_011.jpg,0113,wide_text,wide,1,wide_text,train
C:\Temp\deep\labeled_dataset\wide_text\0113_cut_012.jpg,0113_cut_012.jpg,0113,wide_text,wide,1,wide_text,train
C:\Temp\deep\labeled_dataset\wide_text\0113_cut_013.jpg,0113_cut_013.jpg,0113,wide_text,wide,1,wide_text,train
C:\Temp\deep\labeled_dataset\wide_text\0115_cut_002.jpg,0115_cut_002.jpg,0115,wide_text,wide,1,wide_text,test
C:\Temp\deep\labeled_dataset\wide_text\0115_cut_003.jpg,0115_cut_003.jpg,0115,wide_text,wide,1,wide_text,test
C:\Temp\deep\labeled_dataset\wide_text\0115_cut_004.jpg,0115_cut_004.jpg,0115,wide_text,wide,1,wide_text,test
C:\Temp\deep\labeled_dataset\wide_text\0119_cut_009.jpg,0119_cut_009.jpg,0119,wide_text,wide,1,wide_text,train
C:\Temp\deep\labeled_dataset\wide_text\0119_cut_010.jpg,0119_cut_010.jpg,0119,wide_text,wide,1,wide_text,train
C:\Temp\deep\labeled_dataset\wide_text\0120_cut_003.jpg,0120_cut_003.jpg,0120,wide_text,wide,1,wide_text,train
C:\Temp\deep\labeled_dataset\wide_text\0120_cut_005.jpg,0120_cut_005.jpg,0120,wide_text,wide,1,wide_text,train
C:\Temp\deep\labeled_dataset\wide_text\0120_cut_007.jpg,0120_cut_007.jpg,0120,wide_text,wide,1,wide_text,train
C:\Temp\deep\labeled_dataset\wide_text\0124_cut_001.jpg,0124_cut_001.jpg,0124,wide_text,wide,1,wide_text,test
C:\Temp\deep\labeled_dataset\wide_text\0124_cut_005.jpg,0124_cut_005.jpg,0124,wide_text,wide,1,wide_text,test
C:\Temp\deep\labeled_dataset\wide_text\0124_cut_006.jpg,0124_cut_006.jpg,0124,wide_text,wide,1,wide_text,test
C:\Temp\deep\labeled_dataset\wide_text\0124_cut_009.jpg,0124_cut_009.jpg,0124,wide_text,wide,1,wide_text,test
C:\Temp\deep\labeled_dataset\wide_text\0124_cut_011.jpg,0124_cut_011.jpg,0124,wide_text,wide,1,wide_text,test
C:\Temp\deep\labeled_dataset\wide_text\0125_cut_005.jpg,0125_cut_005.jpg,0125,wide_text,wide,1,wide_text,test
C:\Temp\deep\labeled_dataset\wide_text\0126_cut_001.jpg,0126_cut_001.jpg,0126,wide_text,wide,1,wide_text,test
C:\Temp\deep\labeled_dataset\wide_text\0128_cut_001.jpg,0128_cut_001.jpg,0128,wide_text,wide,1,wide_text,train
C:\Temp\deep\labeled_dataset\wide_text\0129_cut_012.jpg,0129_cut_012.jpg,0129,wide_text,wide,1,wide_text,train
C:\Temp\deep\labeled_dataset\wide_text\0130_cut_001.jpg,0130_cut_001.jpg,0130,wide_text,wide,1,wide_text,train
C:\Temp\deep\labeled_dataset\wide_text\0130_cut_007.jpg,0130_cut_007.jpg,0130,wide_text,wide,1,wide_text,train
