filepath,filename,video_id,original_class,shot_type,has_text,joint_label
C:\Temp\shot-classification\labeled_dataset\medium_text\0001_cut_001.jpg,0001_cut_001.jpg,1,medium_text,medium,1,medium_text
C:\Temp\shot-classification\labeled_dataset\medium_text\0001_cut_002.jpg,0001_cut_002.jpg,1,medium_text,medium,1,medium_text
C:\Temp\shot-classification\labeled_dataset\medium_text\0001_cut_004.jpg,0001_cut_004.jpg,1,medium_text,medium,1,medium_text
C:\Temp\shot-classification\labeled_dataset\wide_text\0001_cut_003.jpg,0001_cut_003.jpg,1,wide_text,wide,1,wide_text
C:\Temp\shot-classification\labeled_dataset\close-up_text\0002_cut_006.jpg,0002_cut_006.jpg,2,close-up_text,close-up,1,close-up_text
C:\Temp\shot-classification\labeled_dataset\close-up_text\0002_cut_007.jpg,0002_cut_007.jpg,2,close-up_text,close-up,1,close-up_text
C:\Temp\shot-classification\labeled_dataset\close-up_text\0002_cut_008.jpg,0002_cut_008.jpg,2,close-up_text,close-up,1,close-up_text
C:\Temp\shot-classification\labeled_dataset\close-up_text\0002_cut_013.jpg,0002_cut_013.jpg,2,close-up_text,close-up,1,close-up_text
C:\Temp\shot-classification\labeled_dataset\close-up_text\0002_cut_014.jpg,0002_cut_014.jpg,2,close-up_text,close-up,1,close-up_text
C:\Temp\shot-classification\labeled_dataset\object_text\0002_cut_001.jpg,0002_cut_001.jpg,2,object_text,object,1,object_text
C:\Temp\shot-classification\labeled_dataset\object_text\0002_cut_002.jpg,0002_cut_002.jpg,2,object_text,object,1,object_text
C:\Temp\shot-classification\labeled_dataset\object_text\0002_cut_003.jpg,0002_cut_003.jpg,2,object_text,object,1,object_text
C:\Temp\shot-classification\labeled_dataset\object_text\0002_cut_004.jpg,0002_cut_004.jpg,2,object_text,object,1,object_text
C:\Temp\shot-classification\labeled_dataset\object_text\0002_cut_005.jpg,0002_cut_005.jpg,2,object_text,object,1,object_text
C:\Temp\shot-classification\labeled_dataset\object_text\0002_cut_009.jpg,0002_cut_009.jpg,2,object_text,object,1,object_text
C:\Temp\shot-classification\labeled_dataset\object_text\0002_cut_010.jpg,0002_cut_010.jpg,2,object_text,object,1,object_text
C:\Temp\shot-classification\labeled_dataset\object_text\0002_cut_011.jpg,0002_cut_011.jpg,2,object_text,object,1,object_text
C:\Temp\shot-classification\labeled_dataset\object_text\0002_cut_012.jpg,0002_cut_012.jpg,2,object_text,object,1,object_text
C:\Temp\shot-classification\labeled_dataset\object_text\0002_cut_015.jpg,0002_cut_015.jpg,2,object_text,object,1,object_text
C:\Temp\shot-classification\labeled_dataset\medium_text\0003_cut_002.jpg,0003_cut_002.jpg,3,medium_text,medium,1,medium_text
C:\Temp\shot-classification\labeled_dataset\medium_text\0003_cut_004.jpg,0003_cut_004.jpg,3,medium_text,medium,1,medium_text
C:\Temp\shot-classification\labeled_dataset\medium_text\0003_cut_005.jpg,0003_cut_005.jpg,3,medium_text,medium,1,medium_text
C:\Temp\shot-classification\labeled_dataset\medium_text\0003_cut_006.jpg,0003_cut_006.jpg,3,medium_text,medium,1,medium_text
C:\Temp\shot-classification\labeled_dataset\medium_text\0003_cut_008.jpg,0003_cut_008.jpg,3,medium_text,medium,1,medium_text
C:\Temp\shot-classification\labeled_dataset\medium_text\0003_cut_009.jpg,0003_cut_009.jpg,3,medium_text,medium,1,medium_text
C:\Temp\shot-classification\labeled_dataset\medium_text\0003_cut_011.jpg,0003_cut_011.jpg,3,medium_text,medium,1,medium_text
C:\Temp\shot-classification\labeled_dataset\medium_text\0003_cut_013.jpg,0003_cut_013.jpg,3,medium_text,medium,1,medium_text
C:\Temp\shot-classification\labeled_dataset\wide_notext\0003_cut_003.jpg,0003_cut_003.jpg,3,wide_notext,wide,0,wide_notext
C:\Temp\shot-classification\labeled_dataset\wide_notext\0003_cut_007.jpg,0003_cut_007.jpg,3,wide_notext,wide,0,wide_notext
C:\Temp\shot-classification\labeled_dataset\wide_notext\0003_cut_010.jpg,0003_cut_010.jpg,3,wide_notext,wide,0,wide_notext
C:\Temp\shot-classification\labeled_dataset\wide_notext\0003_cut_012.jpg,0003_cut_012.jpg,3,wide_notext,wide,0,wide_notext
C:\Temp\shot-classification\labeled_dataset\wide_notext\0003_cut_014.jpg,0003_cut_014.jpg,3,wide_notext,wide,0,wide_notext
C:\Temp\shot-classification\labeled_dataset\wide_text\0003_cut_001.jpg,0003_cut_001.jpg,3,wide_text,wide,1,wide_text
C:\Temp\shot-classification\labeled_dataset\close-up_text\0004_cut_006.jpg,0004_cut_006.jpg,4,close-up_text,close-up,1,close-up_text
C:\Temp\shot-classification\labeled_dataset\close-up_text\0004_cut_009.jpg,0004_cut_009.jpg,4,close-up_text,close-up,1,close-up_text
C:\Temp\shot-classification\labeled_dataset\close-up_text\0004_cut_010.jpg,0004_cut_010.jpg,4,close-up_text,close-up,1,close-up_text
C:\Temp\shot-classification\labeled_dataset\object_text\0004_cut_001.jpg,0004_cut_001.jpg,4,object_text,object,1,object_text
C:\Temp\shot-classification\labeled_dataset\object_text\0004_cut_002.jpg,0004_cut_002.jpg,4,object_text,object,1,object_text
C:\Temp\shot-classification\labeled_dataset\object_text\0004_cut_003.jpg,0004_cut_003.jpg,4,object_text,object,1,object_text
C:\Temp\shot-classification\labeled_dataset\object_text\0004_cut_004.jpg,0004_cut_004.jpg,4,object_text,object,1,object_text
C:\Temp\shot-classification\labeled_dataset\object_text\0004_cut_005.jpg,0004_cut_005.jpg,4,object_text,object,1,object_text
C:\Temp\shot-classification\labeled_dataset\object_text\0004_cut_007.jpg,0004_cut_007.jpg,4,object_text,object,1,object_text
C:\Temp\shot-classification\labeled_dataset\object_text\0004_cut_008.jpg,0004_cut_008.jpg,4,object_text,object,1,object_text
C:\Temp\shot-classification\labeled_dataset\object_text\0004_cut_011.jpg,0004_cut_011.jpg,4,object_text,object,1,object_text
C:\Temp\shot-classification\labeled_dataset\wide_text\0004_cut_012.jpg,0004_cut_012.jpg,4,wide_text,wide,1,wide_text
C:\Temp\shot-classification\labeled_dataset\medium_text\0005_cut_013.jpg,0005_cut_013.jpg,5,medium_text,medium,1,medium_text
C:\Temp\shot-classification\labeled_dataset\object_notext\0005_cut_001.jpg,0005_cut_001.jpg,5,object_notext,object,0,object_notext
C:\Temp\shot-classification\labeled_dataset\object_text\0005_cut_003.jpg,0005_cut_003.jpg,5,object_text,object,1,object_text
C:\Temp\shot-classification\labeled_dataset\object_text\0005_cut_005.jpg,0005_cut_005.jpg,5,object_text,object,1,object_text
C:\Temp\shot-classification\labeled_dataset\object_text\0005_cut_007.jpg,0005_cut_007.jpg,5,object_text,object,1,object_text
C:\Temp\shot-classification\labeled_dataset\object_text\0005_cut_008.jpg,0005_cut_008.jpg,5,object_text,object,1,object_text
C:\Temp\shot-classification\labeled_dataset\object_text\0005_cut_010.jpg,0005_cut_010.jpg,5,object_text,object,1,object_text
C:\Temp\shot-classification\labeled_dataset\object_text\0005_cut_012.jpg,0005_cut_012.jpg,5,object_text,object,1,object_text
C:\Temp\shot-classification\labeled_dataset\object_text\0005_cut_014.jpg,0005_cut_014.jpg,5,object_text,object,1,object_text
C:\Temp\shot-classification\labeled_dataset\object_text\0005_cut_016.jpg,0005_cut_016.jpg,5,object_text,object,1,object_text
C:\Temp\shot-classification\labeled_dataset\object_text\0005_cut_017.jpg,0005_cut_017.jpg,5,object_text,object,1,object_text
C:\Temp\shot-classification\labeled_dataset\object_text\0005_cut_018.jpg,0005_cut_018.jpg,5,object_text,object,1,object_text
C:\Temp\shot-classification\labeled_dataset\object_text\0005_cut_019.jpg,0005_cut_019.jpg,5,object_text,object,1,object_text
C:\Temp\shot-classification\labeled_dataset\object_text\0005_cut_020.jpg,0005_cut_020.jpg,5,object_text,object,1,object_text
C:\Temp\shot-classification\labeled_dataset\object_text\0005_cut_021.jpg,0005_cut_021.jpg,5,object_text,object,1,object_text
C:\Temp\shot-classification\labeled_dataset\space_text\0005_cut_009.jpg,0005_cut_009.jpg,5,space_text,space,1,space_text
C:\Temp\shot-classification\labeled_dataset\wide_text\0005_cut_002.jpg,0005_cut_002.jpg,5,wide_text,wide,1,wide_text
C:\Temp\shot-classification\labeled_dataset\wide_text\0005_cut_004.jpg,0005_cut_004.jpg,5,wide_text,wide,1,wide_text
C:\Temp\shot-classification\labeled_dataset\wide_text\0005_cut_011.jpg,0005_cut_011.jpg,5,wide_text,wide,1,wide_text
C:\Temp\shot-classification\labeled_dataset\medium_text\0006_cut_001.jpg,0006_cut_001.jpg,6,medium_text,medium,1,medium_text
C:\Temp\shot-classification\labeled_dataset\medium_text\0006_cut_002.jpg,0006_cut_002.jpg,6,medium_text,medium,1,medium_text
C:\Temp\shot-classification\labeled_dataset\medium_text\0006_cut_003.jpg,0006_cut_003.jpg,6,medium_text,medium,1,medium_text
C:\Temp\shot-classification\labeled_dataset\medium_text\0006_cut_004.jpg,0006_cut_004.jpg,6,medium_text,medium,1,medium_text
C:\Temp\shot-classification\labeled_dataset\medium_text\0006_cut_005.jpg,0006_cut_005.jpg,6,medium_text,medium,1,medium_text
C:\Temp\shot-classification\labeled_dataset\medium_text\0007_cut_001.jpg,0007_cut_001.jpg,7,medium_text,medium,1,medium_text
C:\Temp\shot-classification\labeled_dataset\object_text\0007_cut_002.jpg,0007_cut_002.jpg,7,object_text,object,1,object_text
C:\Temp\shot-classification\labeled_dataset\object_text\0007_cut_003.jpg,0007_cut_003.jpg,7,object_text,object,1,object_text
C:\Temp\shot-classification\labeled_dataset\object_text\0007_cut_004.jpg,0007_cut_004.jpg,7,object_text,object,1,object_text
C:\Temp\shot-classification\labeled_dataset\space_text\0007_cut_006.jpg,0007_cut_006.jpg,7,space_text,space,1,space_text
C:\Temp\shot-classification\labeled_dataset\wide_text\0007_cut_005.jpg,0007_cut_005.jpg,7,wide_text,wide,1,wide_text
C:\Temp\shot-classification\labeled_dataset\wide_text\0007_cut_007.jpg,0007_cut_007.jpg,7,wide_text,wide,1,wide_text
C:\Temp\shot-classification\labeled_dataset\wide_text\0007_cut_008.jpg,0007_cut_008.jpg,7,wide_text,wide,1,wide_text
C:\Temp\shot-classification\labeled_dataset\object_text\0008_cut_003.jpg,0008_cut_003.jpg,8,object_text,object,1,object_text
C:\Temp\shot-classification\labeled_dataset\object_text\0008_cut_009.jpg,0008_cut_009.jpg,8,object_text,object,1,object_text
C:\Temp\shot-classification\labeled_dataset\object_text\0008_cut_011.jpg,0008_cut_011.jpg,8,object_text,object,1,object_text
C:\Temp\shot-classification\labeled_dataset\object_text\0008_cut_012.jpg,0008_cut_012.jpg,8,object_text,object,1,object_text
C:\Temp\shot-classification\labeled_dataset\object_text\0008_cut_013.jpg,0008_cut_013.jpg,8,object_text,object,1,object_text
C:\Temp\shot-classification\labeled_dataset\object_text\0008_cut_016.jpg,0008_cut_016.jpg,8,object_text,object,1,object_text
C:\Temp\shot-classification\labeled_dataset\object_text\0008_cut_017.jpg,0008_cut_017.jpg,8,object_text,object,1,object_text
C:\Temp\shot-classification\labeled_dataset\object_text\0008_cut_021.jpg,0008_cut_021.jpg,8,object_text,object,1,object_text
C:\Temp\shot-classification\labeled_dataset\object_text\0008_cut_022.jpg,0008_cut_022.jpg,8,object_text,object,1,object_text
C:\Temp\shot-classification\labeled_dataset\object_text\0008_cut_023.jpg,0008_cut_023.jpg,8,object_text,object,1,object_text
C:\Temp\shot-classification\labeled_dataset\space_text\0008_cut_001.jpg,0008_cut_001.jpg,8,space_text,space,1,space_text
C:\Temp\shot-classification\labeled_dataset\space_text\0008_cut_002.jpg,0008_cut_002.jpg,8,space_text,space,1,space_text
C:\Temp\shot-classification\labeled_dataset\space_text\0008_cut_004.jpg,0008_cut_004.jpg,8,space_text,space,1,space_text
C:\Temp\shot-classification\labeled_dataset\space_text\0008_cut_005.jpg,0008_cut_005.jpg,8,space_text,space,1,space_text
C:\Temp\shot-classification\labeled_dataset\space_text\0008_cut_006.jpg,0008_cut_006.jpg,8,space_text,space,1,space_text
C:\Temp\shot-classification\labeled_dataset\space_text\0008_cut_007.jpg,0008_cut_007.jpg,8,space_text,space,1,space_text
C:\Temp\shot-classification\labeled_dataset\space_text\0008_cut_010.jpg,0008_cut_010.jpg,8,space_text,space,1,space_text
C:\Temp\shot-classification\labeled_dataset\space_text\0008_cut_014.jpg,0008_cut_014.jpg,8,space_text,space,1,space_text
C:\Temp\shot-classification\labeled_dataset\space_text\0008_cut_018.jpg,0008_cut_018.jpg,8,space_text,space,1,space_text
C:\Temp\shot-classification\labeled_dataset\space_text\0008_cut_019.jpg,0008_cut_019.jpg,8,space_text,space,1,space_text
C:\Temp\shot-classification\labeled_dataset\space_text\0008_cut_024.jpg,0008_cut_024.jpg,8,space_text,space,1,space_text
C:\Temp\shot-classification\labeled_dataset\space_text\0008_cut_025.jpg,0008_cut_025.jpg,8,space_text,space,1,space_text
C:\Temp\shot-classification\labeled_dataset\wide_text\0008_cut_015.jpg,0008_cut_015.jpg,8,wide_text,wide,1,wide_text
C:\Temp\shot-classification\labeled_dataset\object_text\0009_cut_001.jpg,0009_cut_001.jpg,9,object_text,object,1,object_text
C:\Temp\shot-classification\labeled_dataset\object_text\0009_cut_002.jpg,0009_cut_002.jpg,9,object_text,object,1,object_text
C:\Temp\shot-classification\labeled_dataset\object_text\0009_cut_003.jpg,0009_cut_003.jpg,9,object_text,object,1,object_text
C:\Temp\shot-classification\labeled_dataset\object_text\0009_cut_004.jpg,0009_cut_004.jpg,9,object_text,object,1,object_text
C:\Temp\shot-classification\labeled_dataset\object_text\0009_cut_005.jpg,0009_cut_005.jpg,9,object_text,object,1,object_text
C:\Temp\shot-classification\labeled_dataset\object_text\0009_cut_006.jpg,0009_cut_006.jpg,9,object_text,object,1,object_text
C:\Temp\shot-classification\labeled_dataset\medium_notext\0010_cut_002.jpg,0010_cut_002.jpg,10,medium_notext,medium,0,medium_notext
C:\Temp\shot-classification\labeled_dataset\medium_text\0010_cut_001.jpg,0010_cut_001.jpg,10,medium_text,medium,1,medium_text
C:\Temp\shot-classification\labeled_dataset\medium_text\0010_cut_003.jpg,0010_cut_003.jpg,10,medium_text,medium,1,medium_text
C:\Temp\shot-classification\labeled_dataset\medium_text\0010_cut_008.jpg,0010_cut_008.jpg,10,medium_text,medium,1,medium_text
C:\Temp\shot-classification\labeled_dataset\medium_text\0010_cut_011.jpg,0010_cut_011.jpg,10,medium_text,medium,1,medium_text
C:\Temp\shot-classification\labeled_dataset\medium_text\0010_cut_012.jpg,0010_cut_012.jpg,10,medium_text,medium,1,medium_text
C:\Temp\shot-classification\labeled_dataset\medium_text\0010_cut_013.jpg,0010_cut_013.jpg,10,medium_text,medium,1,medium_text
C:\Temp\shot-classification\labeled_dataset\medium_text\0010_cut_016.jpg,0010_cut_016.jpg,10,medium_text,medium,1,medium_text
C:\Temp\shot-classification\labeled_dataset\medium_text\0010_cut_021.jpg,0010_cut_021.jpg,10,medium_text,medium,1,medium_text
C:\Temp\shot-classification\labeled_dataset\object_text\0010_cut_004.jpg,0010_cut_004.jpg,10,object_text,object,1,object_text
C:\Temp\shot-classification\labeled_dataset\object_text\0010_cut_005.jpg,0010_cut_005.jpg,10,object_text,object,1,object_text
C:\Temp\shot-classification\labeled_dataset\object_text\0010_cut_006.jpg,0010_cut_006.jpg,10,object_text,object,1,object_text
C:\Temp\shot-classification\labeled_dataset\object_text\0010_cut_007.jpg,0010_cut_007.jpg,10,object_text,object,1,object_text
C:\Temp\shot-classification\labeled_dataset\object_text\0010_cut_009.jpg,0010_cut_009.jpg,10,object_text,object,1,object_text
C:\Temp\shot-classification\labeled_dataset\object_text\0010_cut_010.jpg,0010_cut_010.jpg,10,object_text,object,1,object_text
C:\Temp\shot-classification\labeled_dataset\object_text\0010_cut_014.jpg,0010_cut_014.jpg,10,object_text,object,1,object_text
C:\Temp\shot-classification\labeled_dataset\object_text\0010_cut_017.jpg,0010_cut_017.jpg,10,object_text,object,1,object_text
C:\Temp\shot-classification\labeled_dataset\object_text\0010_cut_018.jpg,0010_cut_018.jpg,10,object_text,object,1,object_text
C:\Temp\shot-classification\labeled_dataset\object_text\0010_cut_020.jpg,0010_cut_020.jpg,10,object_text,object,1,object_text
C:\Temp\shot-classification\labeled_dataset\space_text\0010_cut_019.jpg,0010_cut_019.jpg,10,space_text,space,1,space_text
C:\Temp\shot-classification\labeled_dataset\close-up_text\0011_cut_002.jpg,0011_cut_002.jpg,11,close-up_text,close-up,1,close-up_text
C:\Temp\shot-classification\labeled_dataset\close-up_text\0011_cut_015.jpg,0011_cut_015.jpg,11,close-up_text,close-up,1,close-up_text
C:\Temp\shot-classification\labeled_dataset\close-up_text\0011_cut_016.jpg,0011_cut_016.jpg,11,close-up_text,close-up,1,close-up_text
C:\Temp\shot-classification\labeled_dataset\medium_text\0011_cut_001.jpg,0011_cut_001.jpg,11,medium_text,medium,1,medium_text
C:\Temp\shot-classification\labeled_dataset\medium_text\0011_cut_003.jpg,0011_cut_003.jpg,11,medium_text,medium,1,medium_text
C:\Temp\shot-classification\labeled_dataset\medium_text\0011_cut_005.jpg,0011_cut_005.jpg,11,medium_text,medium,1,medium_text
C:\Temp\shot-classification\labeled_dataset\medium_text\0011_cut_009.jpg,0011_cut_009.jpg,11,medium_text,medium,1,medium_text
C:\Temp\shot-classification\labeled_dataset\medium_text\0011_cut_010.jpg,0011_cut_010.jpg,11,medium_text,medium,1,medium_text
C:\Temp\shot-classification\labeled_dataset\medium_text\0011_cut_012.jpg,0011_cut_012.jpg,11,medium_text,medium,1,medium_text
C:\Temp\shot-classification\labeled_dataset\medium_text\0011_cut_013.jpg,0011_cut_013.jpg,11,medium_text,medium,1,medium_text
C:\Temp\shot-classification\labeled_dataset\medium_text\0011_cut_014.jpg,0011_cut_014.jpg,11,medium_text,medium,1,medium_text
C:\Temp\shot-classification\labeled_dataset\object_text\0011_cut_008.jpg,0011_cut_008.jpg,11,object_text,object,1,object_text
C:\Temp\shot-classification\labeled_dataset\wide_text\0011_cut_004.jpg,0011_cut_004.jpg,11,wide_text,wide,1,wide_text
C:\Temp\shot-classification\labeled_dataset\wide_text\0011_cut_006.jpg,0011_cut_006.jpg,11,wide_text,wide,1,wide_text
C:\Temp\shot-classification\labeled_dataset\wide_text\0011_cut_007.jpg,0011_cut_007.jpg,11,wide_text,wide,1,wide_text
C:\Temp\shot-classification\labeled_dataset\wide_text\0011_cut_011.jpg,0011_cut_011.jpg,11,wide_text,wide,1,wide_text
C:\Temp\shot-classification\labeled_dataset\object_text\0012_cut_002.jpg,0012_cut_002.jpg,12,object_text,object,1,object_text
C:\Temp\shot-classification\labeled_dataset\object_text\0012_cut_005.jpg,0012_cut_005.jpg,12,object_text,object,1,object_text
C:\Temp\shot-classification\labeled_dataset\object_text\0012_cut_006.jpg,0012_cut_006.jpg,12,object_text,object,1,object_text
C:\Temp\shot-classification\labeled_dataset\space_text\0012_cut_001.jpg,0012_cut_001.jpg,12,space_text,space,1,space_text
C:\Temp\shot-classification\labeled_dataset\space_text\0012_cut_003.jpg,0012_cut_003.jpg,12,space_text,space,1,space_text
C:\Temp\shot-classification\labeled_dataset\wide_text\0012_cut_004.jpg,0012_cut_004.jpg,12,wide_text,wide,1,wide_text
C:\Temp\shot-classification\labeled_dataset\close-up_notext\0013_cut_006.jpg,0013_cut_006.jpg,13,close-up_notext,close-up,0,close-up_notext
C:\Temp\shot-classification\labeled_dataset\close-up_notext\0013_cut_012.jpg,0013_cut_012.jpg,13,close-up_notext,close-up,0,close-up_notext
C:\Temp\shot-classification\labeled_dataset\close-up_notext\0013_cut_017.jpg,0013_cut_017.jpg,13,close-up_notext,close-up,0,close-up_notext
C:\Temp\shot-classification\labeled_dataset\close-up_text\0013_cut_002.jpg,0013_cut_002.jpg,13,close-up_text,close-up,1,close-up_text
C:\Temp\shot-classification\labeled_dataset\medium_notext\0013_cut_009.jpg,0013_cut_009.jpg,13,medium_notext,medium,0,medium_notext
C:\Temp\shot-classification\labeled_dataset\medium_notext\0013_cut_014.jpg,0013_cut_014.jpg,13,medium_notext,medium,0,medium_notext
C:\Temp\shot-classification\labeled_dataset\medium_notext\0013_cut_021.jpg,0013_cut_021.jpg,13,medium_notext,medium,0,medium_notext
C:\Temp\shot-classification\labeled_dataset\object_notext\0013_cut_003.jpg,0013_cut_003.jpg,13,object_notext,object,0,object_notext
C:\Temp\shot-classification\labeled_dataset\object_notext\0013_cut_004.jpg,0013_cut_004.jpg,13,object_notext,object,0,object_notext
C:\Temp\shot-classification\labeled_dataset\object_notext\0013_cut_005.jpg,0013_cut_005.jpg,13,object_notext,object,0,object_notext
C:\Temp\shot-classification\labeled_dataset\object_notext\0013_cut_007.jpg,0013_cut_007.jpg,13,object_notext,object,0,object_notext
C:\Temp\shot-classification\labeled_dataset\object_notext\0013_cut_008.jpg,0013_cut_008.jpg,13,object_notext,object,0,object_notext
C:\Temp\shot-classification\labeled_dataset\object_notext\0013_cut_010.jpg,0013_cut_010.jpg,13,object_notext,object,0,object_notext
C:\Temp\shot-classification\labeled_dataset\object_notext\0013_cut_011.jpg,0013_cut_011.jpg,13,object_notext,object,0,object_notext
C:\Temp\shot-classification\labeled_dataset\object_notext\0013_cut_013.jpg,0013_cut_013.jpg,13,object_notext,object,0,object_notext
C:\Temp\shot-classification\labeled_dataset\object_notext\0013_cut_015.jpg,0013_cut_015.jpg,13,object_notext,object,0,object_notext
C:\Temp\shot-classification\labeled_dataset\object_notext\0013_cut_016.jpg,0013_cut_016.jpg,13,object_notext,object,0,object_notext
C:\Temp\shot-classification\labeled_dataset\object_notext\0013_cut_018.jpg,0013_cut_018.jpg,13,object_notext,object,0,object_notext
C:\Temp\shot-classification\labeled_dataset\object_notext\0013_cut_019.jpg,0013_cut_019.jpg,13,object_notext,object,0,object_notext
C:\Temp\shot-classification\labeled_dataset\object_text\0013_cut_001.jpg,0013_cut_001.jpg,13,object_text,object,1,object_text
C:\Temp\shot-classification\labeled_dataset\wide_notext\0013_cut_022.jpg,0013_cut_022.jpg,13,wide_notext,wide,0,wide_notext
C:\Temp\shot-classification\labeled_dataset\medium_text\0014_cut_006.jpg,0014_cut_006.jpg,14,medium_text,medium,1,medium_text
C:\Temp\shot-classification\labeled_dataset\medium_text\0014_cut_007.jpg,0014_cut_007.jpg,14,medium_text,medium,1,medium_text
C:\Temp\shot-classification\labeled_dataset\wide_text\0014_cut_001.jpg,0014_cut_001.jpg,14,wide_text,wide,1,wide_text
C:\Temp\shot-classification\labeled_dataset\wide_text\0014_cut_002.jpg,0014_cut_002.jpg,14,wide_text,wide,1,wide_text
C:\Temp\shot-classification\labeled_dataset\wide_text\0014_cut_003.jpg,0014_cut_003.jpg,14,wide_text,wide,1,wide_text
C:\Temp\shot-classification\labeled_dataset\wide_text\0014_cut_004.jpg,0014_cut_004.jpg,14,wide_text,wide,1,wide_text
C:\Temp\shot-classification\labeled_dataset\wide_text\0014_cut_005.jpg,0014_cut_005.jpg,14,wide_text,wide,1,wide_text
C:\Temp\shot-classification\labeled_dataset\wide_text\0014_cut_008.jpg,0014_cut_008.jpg,14,wide_text,wide,1,wide_text
C:\Temp\shot-classification\labeled_dataset\close-up_notext\0015_cut_001.jpg,0015_cut_001.jpg,15,close-up_notext,close-up,0,close-up_notext
C:\Temp\shot-classification\labeled_dataset\close-up_text\0015_cut_004.jpg,0015_cut_004.jpg,15,close-up_text,close-up,1,close-up_text
C:\Temp\shot-classification\labeled_dataset\close-up_text\0015_cut_007.jpg,0015_cut_007.jpg,15,close-up_text,close-up,1,close-up_text
C:\Temp\shot-classification\labeled_dataset\close-up_text\0015_cut_009.jpg,0015_cut_009.jpg,15,close-up_text,close-up,1,close-up_text
C:\Temp\shot-classification\labeled_dataset\close-up_text\0015_cut_010.jpg,0015_cut_010.jpg,15,close-up_text,close-up,1,close-up_text
C:\Temp\shot-classification\labeled_dataset\close-up_text\0015_cut_011.jpg,0015_cut_011.jpg,15,close-up_text,close-up,1,close-up_text
C:\Temp\shot-classification\labeled_dataset\close-up_text\0015_cut_012.jpg,0015_cut_012.jpg,15,close-up_text,close-up,1,close-up_text
C:\Temp\shot-classification\labeled_dataset\close-up_text\0015_cut_013.jpg,0015_cut_013.jpg,15,close-up_text,close-up,1,close-up_text
C:\Temp\shot-classification\labeled_dataset\close-up_text\0015_cut_014.jpg,0015_cut_014.jpg,15,close-up_text,close-up,1,close-up_text
C:\Temp\shot-classification\labeled_dataset\close-up_text\0015_cut_015.jpg,0015_cut_015.jpg,15,close-up_text,close-up,1,close-up_text
C:\Temp\shot-classification\labeled_dataset\object_text\0015_cut_005.jpg,0015_cut_005.jpg,15,object_text,object,1,object_text
C:\Temp\shot-classification\labeled_dataset\object_text\0015_cut_006.jpg,0015_cut_006.jpg,15,object_text,object,1,object_text
C:\Temp\shot-classification\labeled_dataset\object_text\0015_cut_008.jpg,0015_cut_008.jpg,15,object_text,object,1,object_text
C:\Temp\shot-classification\labeled_dataset\medium_text\0016_cut_001.jpg,0016_cut_001.jpg,16,medium_text,medium,1,medium_text
C:\Temp\shot-classification\labeled_dataset\medium_text\0016_cut_003.jpg,0016_cut_003.jpg,16,medium_text,medium,1,medium_text
C:\Temp\shot-classification\labeled_dataset\medium_text\0016_cut_009.jpg,0016_cut_009.jpg,16,medium_text,medium,1,medium_text
C:\Temp\shot-classification\labeled_dataset\medium_text\0016_cut_010.jpg,0016_cut_010.jpg,16,medium_text,medium,1,medium_text
C:\Temp\shot-classification\labeled_dataset\medium_text\0016_cut_011.jpg,0016_cut_011.jpg,16,medium_text,medium,1,medium_text
C:\Temp\shot-classification\labeled_dataset\medium_text\0016_cut_013.jpg,0016_cut_013.jpg,16,medium_text,medium,1,medium_text
C:\Temp\shot-classification\labeled_dataset\space_text\0016_cut_002.jpg,0016_cut_002.jpg,16,space_text,space,1,space_text
C:\Temp\shot-classification\labeled_dataset\space_text\0016_cut_004.jpg,0016_cut_004.jpg,16,space_text,space,1,space_text
C:\Temp\shot-classification\labeled_dataset\space_text\0016_cut_006.jpg,0016_cut_006.jpg,16,space_text,space,1,space_text
C:\Temp\shot-classification\labeled_dataset\space_text\0016_cut_008.jpg,0016_cut_008.jpg,16,space_text,space,1,space_text
C:\Temp\shot-classification\labeled_dataset\space_text\0016_cut_012.jpg,0016_cut_012.jpg,16,space_text,space,1,space_text
C:\Temp\shot-classification\labeled_dataset\wide_text\0016_cut_005.jpg,0016_cut_005.jpg,16,wide_text,wide,1,wide_text
C:\Temp\shot-classification\labeled_dataset\wide_text\0016_cut_007.jpg,0016_cut_007.jpg,16,wide_text,wide,1,wide_text
C:\Temp\shot-classification\labeled_dataset\close-up_text\0017_cut_005.jpg,0017_cut_005.jpg,17,close-up_text,close-up,1,close-up_text
C:\Temp\shot-classification\labeled_dataset\medium_text\0017_cut_003.jpg,0017_cut_003.jpg,17,medium_text,medium,1,medium_text
C:\Temp\shot-classification\labeled_dataset\medium_text\0017_cut_004.jpg,0017_cut_004.jpg,17,medium_text,medium,1,medium_text
C:\Temp\shot-classification\labeled_dataset\medium_text\0017_cut_006.jpg,0017_cut_006.jpg,17,medium_text,medium,1,medium_text
C:\Temp\shot-classification\labeled_dataset\medium_text\0017_cut_007.jpg,0017_cut_007.jpg,17,medium_text,medium,1,medium_text
C:\Temp\shot-classification\labeled_dataset\medium_text\0017_cut_010.jpg,0017_cut_010.jpg,17,medium_text,medium,1,medium_text
C:\Temp\shot-classification\labeled_dataset\medium_text\0017_cut_012.jpg,0017_cut_012.jpg,17,medium_text,medium,1,medium_text
C:\Temp\shot-classification\labeled_dataset\wide_text\0017_cut_001.jpg,0017_cut_001.jpg,17,wide_text,wide,1,wide_text
C:\Temp\shot-classification\labeled_dataset\wide_text\0017_cut_002.jpg,0017_cut_002.jpg,17,wide_text,wide,1,wide_text
C:\Temp\shot-classification\labeled_dataset\wide_text\0017_cut_008.jpg,0017_cut_008.jpg,17,wide_text,wide,1,wide_text
C:\Temp\shot-classification\labeled_dataset\wide_text\0017_cut_009.jpg,0017_cut_009.jpg,17,wide_text,wide,1,wide_text
C:\Temp\shot-classification\labeled_dataset\wide_text\0017_cut_011.jpg,0017_cut_011.jpg,17,wide_text,wide,1,wide_text
C:\Temp\shot-classification\labeled_dataset\wide_text\0017_cut_013.jpg,0017_cut_013.jpg,17,wide_text,wide,1,wide_text
C:\Temp\shot-classification\labeled_dataset\wide_text\0017_cut_014.jpg,0017_cut_014.jpg,17,wide_text,wide,1,wide_text
C:\Temp\shot-classification\labeled_dataset\medium_text\0018_cut_004.jpg,0018_cut_004.jpg,18,medium_text,medium,1,medium_text
C:\Temp\shot-classification\labeled_dataset\wide_text\0018_cut_001.jpg,0018_cut_001.jpg,18,wide_text,wide,1,wide_text
C:\Temp\shot-classification\labeled_dataset\wide_text\0018_cut_002.jpg,0018_cut_002.jpg,18,wide_text,wide,1,wide_text
C:\Temp\shot-classification\labeled_dataset\close-up_text\0019_cut_002.jpg,0019_cut_002.jpg,19,close-up_text,close-up,1,close-up_text
C:\Temp\shot-classification\labeled_dataset\medium_text\0019_cut_001.jpg,0019_cut_001.jpg,19,medium_text,medium,1,medium_text
C:\Temp\shot-classification\labeled_dataset\object_text\0019_cut_003.jpg,0019_cut_003.jpg,19,object_text,object,1,object_text
C:\Temp\shot-classification\labeled_dataset\wide_text\0019_cut_004.jpg,0019_cut_004.jpg,19,wide_text,wide,1,wide_text
C:\Temp\shot-classification\labeled_dataset\medium_text\0020_cut_002.jpg,0020_cut_002.jpg,20,medium_text,medium,1,medium_text
C:\Temp\shot-classification\labeled_dataset\medium_text\0020_cut_003.jpg,0020_cut_003.jpg,20,medium_text,medium,1,medium_text
C:\Temp\shot-classification\labeled_dataset\medium_text\0020_cut_004.jpg,0020_cut_004.jpg,20,medium_text,medium,1,medium_text
C:\Temp\shot-classification\labeled_dataset\medium_text\0020_cut_005.jpg,0020_cut_005.jpg,20,medium_text,medium,1,medium_text
C:\Temp\shot-classification\labeled_dataset\medium_text\0020_cut_006.jpg,0020_cut_006.jpg,20,medium_text,medium,1,medium_text
C:\Temp\shot-classification\labeled_dataset\close-up_text\0021_cut_001.jpg,0021_cut_001.jpg,21,close-up_text,close-up,1,close-up_text
C:\Temp\shot-classification\labeled_dataset\medium_text\0021_cut_004.jpg,0021_cut_004.jpg,21,medium_text,medium,1,medium_text
C:\Temp\shot-classification\labeled_dataset\medium_text\0021_cut_005.jpg,0021_cut_005.jpg,21,medium_text,medium,1,medium_text
C:\Temp\shot-classification\labeled_dataset\wide_text\0021_cut_002.jpg,0021_cut_002.jpg,21,wide_text,wide,1,wide_text
C:\Temp\shot-classification\labeled_dataset\wide_text\0021_cut_003.jpg,0021_cut_003.jpg,21,wide_text,wide,1,wide_text
C:\Temp\shot-classification\labeled_dataset\medium_text\0022_cut_005.jpg,0022_cut_005.jpg,22,medium_text,medium,1,medium_text
C:\Temp\shot-classification\labeled_dataset\medium_text\0022_cut_006.jpg,0022_cut_006.jpg,22,medium_text,medium,1,medium_text
C:\Temp\shot-classification\labeled_dataset\object_notext\0022_cut_001.jpg,0022_cut_001.jpg,22,object_notext,object,0,object_notext
C:\Temp\shot-classification\labeled_dataset\wide_notext\0022_cut_002.jpg,0022_cut_002.jpg,22,wide_notext,wide,0,wide_notext
C:\Temp\shot-classification\labeled_dataset\wide_text\0022_cut_003.jpg,0022_cut_003.jpg,22,wide_text,wide,1,wide_text
C:\Temp\shot-classification\labeled_dataset\wide_text\0022_cut_004.jpg,0022_cut_004.jpg,22,wide_text,wide,1,wide_text
C:\Temp\shot-classification\labeled_dataset\medium_text\0023_cut_001.jpg,0023_cut_001.jpg,23,medium_text,medium,1,medium_text
C:\Temp\shot-classification\labeled_dataset\medium_text\0023_cut_002.jpg,0023_cut_002.jpg,23,medium_text,medium,1,medium_text
C:\Temp\shot-classification\labeled_dataset\medium_text\0023_cut_004.jpg,0023_cut_004.jpg,23,medium_text,medium,1,medium_text
C:\Temp\shot-classification\labeled_dataset\medium_text\0023_cut_005.jpg,0023_cut_005.jpg,23,medium_text,medium,1,medium_text
C:\Temp\shot-classification\labeled_dataset\medium_text\0023_cut_006.jpg,0023_cut_006.jpg,23,medium_text,medium,1,medium_text
C:\Temp\shot-classification\labeled_dataset\medium_text\0023_cut_007.jpg,0023_cut_007.jpg,23,medium_text,medium,1,medium_text
C:\Temp\shot-classification\labeled_dataset\medium_text\0023_cut_008.jpg,0023_cut_008.jpg,23,medium_text,medium,1,medium_text
C:\Temp\shot-classification\labeled_dataset\medium_text\0023_cut_009.jpg,0023_cut_009.jpg,23,medium_text,medium,1,medium_text
C:\Temp\shot-classification\labeled_dataset\medium_text\0023_cut_010.jpg,0023_cut_010.jpg,23,medium_text,medium,1,medium_text
C:\Temp\shot-classification\labeled_dataset\medium_text\0023_cut_011.jpg,0023_cut_011.jpg,23,medium_text,medium,1,medium_text
C:\Temp\shot-classification\labeled_dataset\medium_text\0023_cut_012.jpg,0023_cut_012.jpg,23,medium_text,medium,1,medium_text
C:\Temp\shot-classification\labeled_dataset\medium_text\0023_cut_013.jpg,0023_cut_013.jpg,23,medium_text,medium,1,medium_text
C:\Temp\shot-classification\labeled_dataset\medium_text\0023_cut_014.jpg,0023_cut_014.jpg,23,medium_text,medium,1,medium_text
C:\Temp\shot-classification\labeled_dataset\medium_text\0023_cut_015.jpg,0023_cut_015.jpg,23,medium_text,medium,1,medium_text
C:\Temp\shot-classification\labeled_dataset\medium_text\0023_cut_016.jpg,0023_cut_016.jpg,23,medium_text,medium,1,medium_text
C:\Temp\shot-classification\labeled_dataset\medium_text\0023_cut_017.jpg,0023_cut_017.jpg,23,medium_text,medium,1,medium_text
C:\Temp\shot-classification\labeled_dataset\medium_text\0023_cut_018.jpg,0023_cut_018.jpg,23,medium_text,medium,1,medium_text
C:\Temp\shot-classification\labeled_dataset\medium_text\0023_cut_019.jpg,0023_cut_019.jpg,23,medium_text,medium,1,medium_text
C:\Temp\shot-classification\labeled_dataset\medium_text\0023_cut_020.jpg,0023_cut_020.jpg,23,medium_text,medium,1,medium_text
C:\Temp\shot-classification\labeled_dataset\wide_text\0023_cut_003.jpg,0023_cut_003.jpg,23,wide_text,wide,1,wide_text
C:\Temp\shot-classification\labeled_dataset\close-up_notext\0024_cut_012.jpg,0024_cut_012.jpg,24,close-up_notext,close-up,0,close-up_notext
C:\Temp\shot-classification\labeled_dataset\close-up_notext\0024_cut_016.jpg,0024_cut_016.jpg,24,close-up_notext,close-up,0,close-up_notext
C:\Temp\shot-classification\labeled_dataset\close-up_notext\0024_cut_019.jpg,0024_cut_019.jpg,24,close-up_notext,close-up,0,close-up_notext
C:\Temp\shot-classification\labeled_dataset\close-up_notext\0024_cut_026.jpg,0024_cut_026.jpg,24,close-up_notext,close-up,0,close-up_notext
C:\Temp\shot-classification\labeled_dataset\close-up_text\0024_cut_010.jpg,0024_cut_010.jpg,24,close-up_text,close-up,1,close-up_text
C:\Temp\shot-classification\labeled_dataset\close-up_text\0024_cut_011.jpg,0024_cut_011.jpg,24,close-up_text,close-up,1,close-up_text
C:\Temp\shot-classification\labeled_dataset\close-up_text\0024_cut_024.jpg,0024_cut_024.jpg,24,close-up_text,close-up,1,close-up_text
C:\Temp\shot-classification\labeled_dataset\close-up_text\0024_cut_027.jpg,0024_cut_027.jpg,24,close-up_text,close-up,1,close-up_text
C:\Temp\shot-classification\labeled_dataset\close-up_text\0024_cut_029.jpg,0024_cut_029.jpg,24,close-up_text,close-up,1,close-up_text
C:\Temp\shot-classification\labeled_dataset\close-up_text\0024_cut_030.jpg,0024_cut_030.jpg,24,close-up_text,close-up,1,close-up_text
C:\Temp\shot-classification\labeled_dataset\close-up_text\0024_cut_031.jpg,0024_cut_031.jpg,24,close-up_text,close-up,1,close-up_text
C:\Temp\shot-classification\labeled_dataset\close-up_text\0024_cut_033.jpg,0024_cut_033.jpg,24,close-up_text,close-up,1,close-up_text
C:\Temp\shot-classification\labeled_dataset\medium_notext\0024_cut_017.jpg,0024_cut_017.jpg,24,medium_notext,medium,0,medium_notext
C:\Temp\shot-classification\labeled_dataset\medium_notext\0024_cut_018.jpg,0024_cut_018.jpg,24,medium_notext,medium,0,medium_notext
C:\Temp\shot-classification\labeled_dataset\medium_notext\0024_cut_020.jpg,0024_cut_020.jpg,24,medium_notext,medium,0,medium_notext
C:\Temp\shot-classification\labeled_dataset\medium_notext\0024_cut_025.jpg,0024_cut_025.jpg,24,medium_notext,medium,0,medium_notext
C:\Temp\shot-classification\labeled_dataset\medium_text\0024_cut_002.jpg,0024_cut_002.jpg,24,medium_text,medium,1,medium_text
C:\Temp\shot-classification\labeled_dataset\medium_text\0024_cut_003.jpg,0024_cut_003.jpg,24,medium_text,medium,1,medium_text
C:\Temp\shot-classification\labeled_dataset\medium_text\0024_cut_004.jpg,0024_cut_004.jpg,24,medium_text,medium,1,medium_text
C:\Temp\shot-classification\labeled_dataset\medium_text\0024_cut_008.jpg,0024_cut_008.jpg,24,medium_text,medium,1,medium_text
C:\Temp\shot-classification\labeled_dataset\medium_text\0024_cut_009.jpg,0024_cut_009.jpg,24,medium_text,medium,1,medium_text
C:\Temp\shot-classification\labeled_dataset\medium_text\0024_cut_013.jpg,0024_cut_013.jpg,24,medium_text,medium,1,medium_text
C:\Temp\shot-classification\labeled_dataset\medium_text\0024_cut_014.jpg,0024_cut_014.jpg,24,medium_text,medium,1,medium_text
C:\Temp\shot-classification\labeled_dataset\medium_text\0024_cut_021.jpg,0024_cut_021.jpg,24,medium_text,medium,1,medium_text
C:\Temp\shot-classification\labeled_dataset\medium_text\0024_cut_022.jpg,0024_cut_022.jpg,24,medium_text,medium,1,medium_text
C:\Temp\shot-classification\labeled_dataset\medium_text\0024_cut_023.jpg,0024_cut_023.jpg,24,medium_text,medium,1,medium_text
C:\Temp\shot-classification\labeled_dataset\medium_text\0024_cut_028.jpg,0024_cut_028.jpg,24,medium_text,medium,1,medium_text
C:\Temp\shot-classification\labeled_dataset\medium_text\0024_cut_032.jpg,0024_cut_032.jpg,24,medium_text,medium,1,medium_text
C:\Temp\shot-classification\labeled_dataset\wide_text\0024_cut_001.jpg,0024_cut_001.jpg,24,wide_text,wide,1,wide_text
C:\Temp\shot-classification\labeled_dataset\wide_text\0024_cut_005.jpg,0024_cut_005.jpg,24,wide_text,wide,1,wide_text
C:\Temp\shot-classification\labeled_dataset\wide_text\0024_cut_006.jpg,0024_cut_006.jpg,24,wide_text,wide,1,wide_text
C:\Temp\shot-classification\labeled_dataset\wide_text\0024_cut_007.jpg,0024_cut_007.jpg,24,wide_text,wide,1,wide_text
C:\Temp\shot-classification\labeled_dataset\wide_text\0024_cut_015.jpg,0024_cut_015.jpg,24,wide_text,wide,1,wide_text
C:\Temp\shot-classification\labeled_dataset\close-up_text\0025_cut_011.jpg,0025_cut_011.jpg,25,close-up_text,close-up,1,close-up_text
C:\Temp\shot-classification\labeled_dataset\medium_notext\0025_cut_005.jpg,0025_cut_005.jpg,25,medium_notext,medium,0,medium_notext
C:\Temp\shot-classification\labeled_dataset\medium_notext\0025_cut_006.jpg,0025_cut_006.jpg,25,medium_notext,medium,0,medium_notext
C:\Temp\shot-classification\labeled_dataset\medium_notext\0025_cut_007.jpg,0025_cut_007.jpg,25,medium_notext,medium,0,medium_notext
C:\Temp\shot-classification\labeled_dataset\medium_text\0025_cut_001.jpg,0025_cut_001.jpg,25,medium_text,medium,1,medium_text
C:\Temp\shot-classification\labeled_dataset\medium_text\0025_cut_003.jpg,0025_cut_003.jpg,25,medium_text,medium,1,medium_text
C:\Temp\shot-classification\labeled_dataset\medium_text\0025_cut_004.jpg,0025_cut_004.jpg,25,medium_text,medium,1,medium_text
C:\Temp\shot-classification\labeled_dataset\medium_text\0025_cut_008.jpg,0025_cut_008.jpg,25,medium_text,medium,1,medium_text
C:\Temp\shot-classification\labeled_dataset\medium_text\0025_cut_009.jpg,0025_cut_009.jpg,25,medium_text,medium,1,medium_text
C:\Temp\shot-classification\labeled_dataset\medium_text\0025_cut_010.jpg,0025_cut_010.jpg,25,medium_text,medium,1,medium_text
C:\Temp\shot-classification\labeled_dataset\medium_text\0025_cut_012.jpg,0025_cut_012.jpg,25,medium_text,medium,1,medium_text
C:\Temp\shot-classification\labeled_dataset\wide_text\0025_cut_002.jpg,0025_cut_002.jpg,25,wide_text,wide,1,wide_text
C:\Temp\shot-classification\labeled_dataset\medium_text\0026_cut_001.jpg,0026_cut_001.jpg,26,medium_text,medium,1,medium_text
C:\Temp\shot-classification\labeled_dataset\medium_text\0026_cut_003.jpg,0026_cut_003.jpg,26,medium_text,medium,1,medium_text
C:\Temp\shot-classification\labeled_dataset\medium_text\0026_cut_004.jpg,0026_cut_004.jpg,26,medium_text,medium,1,medium_text
C:\Temp\shot-classification\labeled_dataset\wide_text\0026_cut_002.jpg,0026_cut_002.jpg,26,wide_text,wide,1,wide_text
C:\Temp\shot-classification\labeled_dataset\wide_text\0027_cut_001.jpg,0027_cut_001.jpg,27,wide_text,wide,1,wide_text
C:\Temp\shot-classification\labeled_dataset\wide_text\0027_cut_002.jpg,0027_cut_002.jpg,27,wide_text,wide,1,wide_text
C:\Temp\shot-classification\labeled_dataset\medium_notext\0028_cut_004.jpg,0028_cut_004.jpg,28,medium_notext,medium,0,medium_notext
C:\Temp\shot-classification\labeled_dataset\medium_notext\0028_cut_006.jpg,0028_cut_006.jpg,28,medium_notext,medium,0,medium_notext
C:\Temp\shot-classification\labeled_dataset\medium_notext\0028_cut_007.jpg,0028_cut_007.jpg,28,medium_notext,medium,0,medium_notext
C:\Temp\shot-classification\labeled_dataset\medium_notext\0028_cut_010.jpg,0028_cut_010.jpg,28,medium_notext,medium,0,medium_notext
C:\Temp\shot-classification\labeled_dataset\medium_text\0028_cut_001.jpg,0028_cut_001.jpg,28,medium_text,medium,1,medium_text
C:\Temp\shot-classification\labeled_dataset\medium_text\0028_cut_002.jpg,0028_cut_002.jpg,28,medium_text,medium,1,medium_text
C:\Temp\shot-classification\labeled_dataset\medium_text\0028_cut_003.jpg,0028_cut_003.jpg,28,medium_text,medium,1,medium_text
C:\Temp\shot-classification\labeled_dataset\medium_text\0028_cut_005.jpg,0028_cut_005.jpg,28,medium_text,medium,1,medium_text
C:\Temp\shot-classification\labeled_dataset\medium_text\0028_cut_008.jpg,0028_cut_008.jpg,28,medium_text,medium,1,medium_text
C:\Temp\shot-classification\labeled_dataset\medium_text\0028_cut_009.jpg,0028_cut_009.jpg,28,medium_text,medium,1,medium_text
C:\Temp\shot-classification\labeled_dataset\wide_text\0028_cut_011.jpg,0028_cut_011.jpg,28,wide_text,wide,1,wide_text
C:\Temp\shot-classification\labeled_dataset\close-up_text\0029_cut_009.jpg,0029_cut_009.jpg,29,close-up_text,close-up,1,close-up_text
C:\Temp\shot-classification\labeled_dataset\close-up_text\0029_cut_010.jpg,0029_cut_010.jpg,29,close-up_text,close-up,1,close-up_text
C:\Temp\shot-classification\labeled_dataset\close-up_text\0029_cut_022.jpg,0029_cut_022.jpg,29,close-up_text,close-up,1,close-up_text
C:\Temp\shot-classification\labeled_dataset\medium_notext\0029_cut_001.jpg,0029_cut_001.jpg,29,medium_notext,medium,0,medium_notext
C:\Temp\shot-classification\labeled_dataset\medium_text\0029_cut_005.jpg,0029_cut_005.jpg,29,medium_text,medium,1,medium_text
C:\Temp\shot-classification\labeled_dataset\medium_text\0029_cut_007.jpg,0029_cut_007.jpg,29,medium_text,medium,1,medium_text
C:\Temp\shot-classification\labeled_dataset\medium_text\0029_cut_012.jpg,0029_cut_012.jpg,29,medium_text,medium,1,medium_text
C:\Temp\shot-classification\labeled_dataset\medium_text\0029_cut_019.jpg,0029_cut_019.jpg,29,medium_text,medium,1,medium_text
C:\Temp\shot-classification\labeled_dataset\medium_text\0029_cut_029.jpg,0029_cut_029.jpg,29,medium_text,medium,1,medium_text
C:\Temp\shot-classification\labeled_dataset\object_text\0029_cut_004.jpg,0029_cut_004.jpg,29,object_text,object,1,object_text
C:\Temp\shot-classification\labeled_dataset\object_text\0029_cut_006.jpg,0029_cut_006.jpg,29,object_text,object,1,object_text
C:\Temp\shot-classification\labeled_dataset\object_text\0029_cut_015.jpg,0029_cut_015.jpg,29,object_text,object,1,object_text
C:\Temp\shot-classification\labeled_dataset\object_text\0029_cut_020.jpg,0029_cut_020.jpg,29,object_text,object,1,object_text
C:\Temp\shot-classification\labeled_dataset\object_text\0029_cut_021.jpg,0029_cut_021.jpg,29,object_text,object,1,object_text
C:\Temp\shot-classification\labeled_dataset\object_text\0029_cut_027.jpg,0029_cut_027.jpg,29,object_text,object,1,object_text
C:\Temp\shot-classification\labeled_dataset\space_text\0029_cut_002.jpg,0029_cut_002.jpg,29,space_text,space,1,space_text
C:\Temp\shot-classification\labeled_dataset\space_text\0029_cut_003.jpg,0029_cut_003.jpg,29,space_text,space,1,space_text
C:\Temp\shot-classification\labeled_dataset\space_text\0029_cut_008.jpg,0029_cut_008.jpg,29,space_text,space,1,space_text
C:\Temp\shot-classification\labeled_dataset\space_text\0029_cut_011.jpg,0029_cut_011.jpg,29,space_text,space,1,space_text
C:\Temp\shot-classification\labeled_dataset\space_text\0029_cut_013.jpg,0029_cut_013.jpg,29,space_text,space,1,space_text
C:\Temp\shot-classification\labeled_dataset\space_text\0029_cut_014.jpg,0029_cut_014.jpg,29,space_text,space,1,space_text
C:\Temp\shot-classification\labeled_dataset\space_text\0029_cut_016.jpg,0029_cut_016.jpg,29,space_text,space,1,space_text
C:\Temp\shot-classification\labeled_dataset\space_text\0029_cut_017.jpg,0029_cut_017.jpg,29,space_text,space,1,space_text
C:\Temp\shot-classification\labeled_dataset\space_text\0029_cut_018.jpg,0029_cut_018.jpg,29,space_text,space,1,space_text
C:\Temp\shot-classification\labeled_dataset\space_text\0029_cut_023.jpg,0029_cut_023.jpg,29,space_text,space,1,space_text
C:\Temp\shot-classification\labeled_dataset\space_text\0029_cut_024.jpg,0029_cut_024.jpg,29,space_text,space,1,space_text
C:\Temp\shot-classification\labeled_dataset\space_text\0029_cut_025.jpg,0029_cut_025.jpg,29,space_text,space,1,space_text
C:\Temp\shot-classification\labeled_dataset\space_text\0029_cut_026.jpg,0029_cut_026.jpg,29,space_text,space,1,space_text
C:\Temp\shot-classification\labeled_dataset\space_text\0029_cut_028.jpg,0029_cut_028.jpg,29,space_text,space,1,space_text
C:\Temp\shot-classification\labeled_dataset\close-up_text\0030_cut_003.jpg,0030_cut_003.jpg,30,close-up_text,close-up,1,close-up_text
C:\Temp\shot-classification\labeled_dataset\close-up_text\0030_cut_013.jpg,0030_cut_013.jpg,30,close-up_text,close-up,1,close-up_text
C:\Temp\shot-classification\labeled_dataset\close-up_text\0030_cut_015.jpg,0030_cut_015.jpg,30,close-up_text,close-up,1,close-up_text
C:\Temp\shot-classification\labeled_dataset\close-up_text\0030_cut_025.jpg,0030_cut_025.jpg,30,close-up_text,close-up,1,close-up_text
C:\Temp\shot-classification\labeled_dataset\medium_notext\0030_cut_011.jpg,0030_cut_011.jpg,30,medium_notext,medium,0,medium_notext
C:\Temp\shot-classification\labeled_dataset\medium_notext\0030_cut_022.jpg,0030_cut_022.jpg,30,medium_notext,medium,0,medium_notext
C:\Temp\shot-classification\labeled_dataset\medium_text\0030_cut_001.jpg,0030_cut_001.jpg,30,medium_text,medium,1,medium_text
C:\Temp\shot-classification\labeled_dataset\medium_text\0030_cut_002.jpg,0030_cut_002.jpg,30,medium_text,medium,1,medium_text
C:\Temp\shot-classification\labeled_dataset\medium_text\0030_cut_004.jpg,0030_cut_004.jpg,30,medium_text,medium,1,medium_text
C:\Temp\shot-classification\labeled_dataset\medium_text\0030_cut_005.jpg,0030_cut_005.jpg,30,medium_text,medium,1,medium_text
C:\Temp\shot-classification\labeled_dataset\medium_text\0030_cut_006.jpg,0030_cut_006.jpg,30,medium_text,medium,1,medium_text
C:\Temp\shot-classification\labeled_dataset\medium_text\0030_cut_007.jpg,0030_cut_007.jpg,30,medium_text,medium,1,medium_text
C:\Temp\shot-classification\labeled_dataset\medium_text\0030_cut_009.jpg,0030_cut_009.jpg,30,medium_text,medium,1,medium_text
C:\Temp\shot-classification\labeled_dataset\medium_text\0030_cut_023.jpg,0030_cut_023.jpg,30,medium_text,medium,1,medium_text
C:\Temp\shot-classification\labeled_dataset\medium_text\0030_cut_024.jpg,0030_cut_024.jpg,30,medium_text,medium,1,medium_text
C:\Temp\shot-classification\labeled_dataset\medium_text\0030_cut_026.jpg,0030_cut_026.jpg,30,medium_text,medium,1,medium_text
C:\Temp\shot-classification\labeled_dataset\space_text\0030_cut_012.jpg,0030_cut_012.jpg,30,space_text,space,1,space_text
C:\Temp\shot-classification\labeled_dataset\wide_notext\0030_cut_008.jpg,0030_cut_008.jpg,30,wide_notext,wide,0,wide_notext
C:\Temp\shot-classification\labeled_dataset\wide_text\0030_cut_010.jpg,0030_cut_010.jpg,30,wide_text,wide,1,wide_text
C:\Temp\shot-classification\labeled_dataset\wide_text\0030_cut_014.jpg,0030_cut_014.jpg,30,wide_text,wide,1,wide_text
C:\Temp\shot-classification\labeled_dataset\wide_text\0030_cut_016.jpg,0030_cut_016.jpg,30,wide_text,wide,1,wide_text
C:\Temp\shot-classification\labeled_dataset\wide_text\0030_cut_017.jpg,0030_cut_017.jpg,30,wide_text,wide,1,wide_text
C:\Temp\shot-classification\labeled_dataset\wide_text\0030_cut_018.jpg,0030_cut_018.jpg,30,wide_text,wide,1,wide_text
C:\Temp\shot-classification\labeled_dataset\wide_text\0030_cut_019.jpg,0030_cut_019.jpg,30,wide_text,wide,1,wide_text
C:\Temp\shot-classification\labeled_dataset\wide_text\0030_cut_020.jpg,0030_cut_020.jpg,30,wide_text,wide,1,wide_text
C:\Temp\shot-classification\labeled_dataset\wide_text\0030_cut_021.jpg,0030_cut_021.jpg,30,wide_text,wide,1,wide_text
C:\Temp\shot-classification\labeled_dataset\wide_text\0031_cut_001.jpg,0031_cut_001.jpg,31,wide_text,wide,1,wide_text
C:\Temp\shot-classification\labeled_dataset\wide_text\0031_cut_002.jpg,0031_cut_002.jpg,31,wide_text,wide,1,wide_text
C:\Temp\shot-classification\labeled_dataset\wide_text\0031_cut_003.jpg,0031_cut_003.jpg,31,wide_text,wide,1,wide_text
C:\Temp\shot-classification\labeled_dataset\medium_notext\0032_cut_005.jpg,0032_cut_005.jpg,32,medium_notext,medium,0,medium_notext
C:\Temp\shot-classification\labeled_dataset\medium_text\0032_cut_002.jpg,0032_cut_002.jpg,32,medium_text,medium,1,medium_text
C:\Temp\shot-classification\labeled_dataset\medium_text\0032_cut_003.jpg,0032_cut_003.jpg,32,medium_text,medium,1,medium_text
C:\Temp\shot-classification\labeled_dataset\medium_text\0032_cut_004.jpg,0032_cut_004.jpg,32,medium_text,medium,1,medium_text
C:\Temp\shot-classification\labeled_dataset\wide_text\0032_cut_001.jpg,0032_cut_001.jpg,32,wide_text,wide,1,wide_text
C:\Temp\shot-classification\labeled_dataset\medium_text\0033_cut_001.jpg,0033_cut_001.jpg,33,medium_text,medium,1,medium_text
C:\Temp\shot-classification\labeled_dataset\medium_text\0033_cut_002.jpg,0033_cut_002.jpg,33,medium_text,medium,1,medium_text
C:\Temp\shot-classification\labeled_dataset\medium_text\0033_cut_003.jpg,0033_cut_003.jpg,33,medium_text,medium,1,medium_text
C:\Temp\shot-classification\labeled_dataset\medium_text\0033_cut_004.jpg,0033_cut_004.jpg,33,medium_text,medium,1,medium_text
C:\Temp\shot-classification\labeled_dataset\medium_text\0033_cut_005.jpg,0033_cut_005.jpg,33,medium_text,medium,1,medium_text
C:\Temp\shot-classification\labeled_dataset\medium_text\0033_cut_006.jpg,0033_cut_006.jpg,33,medium_text,medium,1,medium_text
C:\Temp\shot-classification\labeled_dataset\medium_notext\0034_cut_006.jpg,0034_cut_006.jpg,34,medium_notext,medium,0,medium_notext
C:\Temp\shot-classification\labeled_dataset\medium_notext\0034_cut_009.jpg,0034_cut_009.jpg,34,medium_notext,medium,0,medium_notext
C:\Temp\shot-classification\labeled_dataset\medium_text\0034_cut_002.jpg,0034_cut_002.jpg,34,medium_text,medium,1,medium_text
C:\Temp\shot-classification\labeled_dataset\medium_text\0034_cut_003.jpg,0034_cut_003.jpg,34,medium_text,medium,1,medium_text
C:\Temp\shot-classification\labeled_dataset\medium_text\0034_cut_007.jpg,0034_cut_007.jpg,34,medium_text,medium,1,medium_text
C:\Temp\shot-classification\labeled_dataset\medium_text\0034_cut_008.jpg,0034_cut_008.jpg,34,medium_text,medium,1,medium_text
C:\Temp\shot-classification\labeled_dataset\wide_notext\0034_cut_004.jpg,0034_cut_004.jpg,34,wide_notext,wide,0,wide_notext
C:\Temp\shot-classification\labeled_dataset\wide_text\0034_cut_001.jpg,0034_cut_001.jpg,34,wide_text,wide,1,wide_text
C:\Temp\shot-classification\labeled_dataset\wide_text\0034_cut_005.jpg,0034_cut_005.jpg,34,wide_text,wide,1,wide_text
C:\Temp\shot-classification\labeled_dataset\wide_notext\0035_cut_001.jpg,0035_cut_001.jpg,35,wide_notext,wide,0,wide_notext
C:\Temp\shot-classification\labeled_dataset\wide_notext\0035_cut_003.jpg,0035_cut_003.jpg,35,wide_notext,wide,0,wide_notext
C:\Temp\shot-classification\labeled_dataset\wide_text\0035_cut_002.jpg,0035_cut_002.jpg,35,wide_text,wide,1,wide_text
C:\Temp\shot-classification\labeled_dataset\wide_text\0035_cut_004.jpg,0035_cut_004.jpg,35,wide_text,wide,1,wide_text
C:\Temp\shot-classification\labeled_dataset\close-up_notext\0036_cut_001.jpg,0036_cut_001.jpg,36,close-up_notext,close-up,0,close-up_notext
C:\Temp\shot-classification\labeled_dataset\close-up_notext\0036_cut_008.jpg,0036_cut_008.jpg,36,close-up_notext,close-up,0,close-up_notext
C:\Temp\shot-classification\labeled_dataset\close-up_notext\0036_cut_009.jpg,0036_cut_009.jpg,36,close-up_notext,close-up,0,close-up_notext
C:\Temp\shot-classification\labeled_dataset\medium_notext\0036_cut_005.jpg,0036_cut_005.jpg,36,medium_notext,medium,0,medium_notext
C:\Temp\shot-classification\labeled_dataset\medium_notext\0036_cut_006.jpg,0036_cut_006.jpg,36,medium_notext,medium,0,medium_notext
C:\Temp\shot-classification\labeled_dataset\space_notext\0036_cut_003.jpg,0036_cut_003.jpg,36,space_notext,space,0,space_notext
C:\Temp\shot-classification\labeled_dataset\wide_notext\0036_cut_002.jpg,0036_cut_002.jpg,36,wide_notext,wide,0,wide_notext
C:\Temp\shot-classification\labeled_dataset\wide_notext\0036_cut_007.jpg,0036_cut_007.jpg,36,wide_notext,wide,0,wide_notext
C:\Temp\shot-classification\labeled_dataset\wide_text\0036_cut_004.jpg,0036_cut_004.jpg,36,wide_text,wide,1,wide_text
C:\Temp\shot-classification\labeled_dataset\close-up_notext\0037_cut_002.jpg,0037_cut_002.jpg,37,close-up_notext,close-up,0,close-up_notext
C:\Temp\shot-classification\labeled_dataset\medium_text\0037_cut_003.jpg,0037_cut_003.jpg,37,medium_text,medium,1,medium_text
C:\Temp\shot-classification\labeled_dataset\medium_text\0037_cut_004.jpg,0037_cut_004.jpg,37,medium_text,medium,1,medium_text
C:\Temp\shot-classification\labeled_dataset\medium_text\0037_cut_005.jpg,0037_cut_005.jpg,37,medium_text,medium,1,medium_text
C:\Temp\shot-classification\labeled_dataset\medium_text\0037_cut_006.jpg,0037_cut_006.jpg,37,medium_text,medium,1,medium_text
C:\Temp\shot-classification\labeled_dataset\medium_text\0037_cut_008.jpg,0037_cut_008.jpg,37,medium_text,medium,1,medium_text
C:\Temp\shot-classification\labeled_dataset\medium_text\0037_cut_009.jpg,0037_cut_009.jpg,37,medium_text,medium,1,medium_text
C:\Temp\shot-classification\labeled_dataset\medium_text\0037_cut_011.jpg,0037_cut_011.jpg,37,medium_text,medium,1,medium_text
C:\Temp\shot-classification\labeled_dataset\object_text\0037_cut_013.jpg,0037_cut_013.jpg,37,object_text,object,1,object_text
C:\Temp\shot-classification\labeled_dataset\space_notext\0037_cut_001.jpg,0037_cut_001.jpg,37,space_notext,space,0,space_notext
C:\Temp\shot-classification\labeled_dataset\wide_text\0037_cut_012.jpg,0037_cut_012.jpg,37,wide_text,wide,1,wide_text
C:\Temp\shot-classification\labeled_dataset\medium_notext\0038_cut_006.jpg,0038_cut_006.jpg,38,medium_notext,medium,0,medium_notext
C:\Temp\shot-classification\labeled_dataset\medium_text\0038_cut_001.jpg,0038_cut_001.jpg,38,medium_text,medium,1,medium_text
C:\Temp\shot-classification\labeled_dataset\wide_notext\0038_cut_003.jpg,0038_cut_003.jpg,38,wide_notext,wide,0,wide_notext
C:\Temp\shot-classification\labeled_dataset\wide_notext\0038_cut_004.jpg,0038_cut_004.jpg,38,wide_notext,wide,0,wide_notext
C:\Temp\shot-classification\labeled_dataset\wide_notext\0038_cut_005.jpg,0038_cut_005.jpg,38,wide_notext,wide,0,wide_notext
C:\Temp\shot-classification\labeled_dataset\wide_text\0038_cut_002.jpg,0038_cut_002.jpg,38,wide_text,wide,1,wide_text
C:\Temp\shot-classification\labeled_dataset\medium_text\0039_cut_002.jpg,0039_cut_002.jpg,39,medium_text,medium,1,medium_text
C:\Temp\shot-classification\labeled_dataset\wide_notext\0039_cut_005.jpg,0039_cut_005.jpg,39,wide_notext,wide,0,wide_notext
C:\Temp\shot-classification\labeled_dataset\wide_text\0039_cut_001.jpg,0039_cut_001.jpg,39,wide_text,wide,1,wide_text
C:\Temp\shot-classification\labeled_dataset\wide_text\0039_cut_003.jpg,0039_cut_003.jpg,39,wide_text,wide,1,wide_text
C:\Temp\shot-classification\labeled_dataset\wide_text\0039_cut_004.jpg,0039_cut_004.jpg,39,wide_text,wide,1,wide_text
C:\Temp\shot-classification\labeled_dataset\wide_text\0039_cut_006.jpg,0039_cut_006.jpg,39,wide_text,wide,1,wide_text
C:\Temp\shot-classification\labeled_dataset\close-up_text\0040_cut_004.jpg,0040_cut_004.jpg,40,close-up_text,close-up,1,close-up_text
C:\Temp\shot-classification\labeled_dataset\close-up_text\0040_cut_005.jpg,0040_cut_005.jpg,40,close-up_text,close-up,1,close-up_text
C:\Temp\shot-classification\labeled_dataset\close-up_text\0040_cut_018.jpg,0040_cut_018.jpg,40,close-up_text,close-up,1,close-up_text
C:\Temp\shot-classification\labeled_dataset\medium_text\0040_cut_001.jpg,0040_cut_001.jpg,40,medium_text,medium,1,medium_text
C:\Temp\shot-classification\labeled_dataset\medium_text\0040_cut_008.jpg,0040_cut_008.jpg,40,medium_text,medium,1,medium_text
C:\Temp\shot-classification\labeled_dataset\medium_text\0040_cut_009.jpg,0040_cut_009.jpg,40,medium_text,medium,1,medium_text
C:\Temp\shot-classification\labeled_dataset\medium_text\0040_cut_013.jpg,0040_cut_013.jpg,40,medium_text,medium,1,medium_text
C:\Temp\shot-classification\labeled_dataset\medium_text\0040_cut_017.jpg,0040_cut_017.jpg,40,medium_text,medium,1,medium_text
C:\Temp\shot-classification\labeled_dataset\object_text\0040_cut_003.jpg,0040_cut_003.jpg,40,object_text,object,1,object_text
C:\Temp\shot-classification\labeled_dataset\object_text\0040_cut_011.jpg,0040_cut_011.jpg,40,object_text,object,1,object_text
C:\Temp\shot-classification\labeled_dataset\object_text\0040_cut_012.jpg,0040_cut_012.jpg,40,object_text,object,1,object_text
C:\Temp\shot-classification\labeled_dataset\space_text\0040_cut_006.jpg,0040_cut_006.jpg,40,space_text,space,1,space_text
C:\Temp\shot-classification\labeled_dataset\space_text\0040_cut_007.jpg,0040_cut_007.jpg,40,space_text,space,1,space_text
C:\Temp\shot-classification\labeled_dataset\wide_text\0040_cut_002.jpg,0040_cut_002.jpg,40,wide_text,wide,1,wide_text
C:\Temp\shot-classification\labeled_dataset\wide_text\0040_cut_010.jpg,0040_cut_010.jpg,40,wide_text,wide,1,wide_text
C:\Temp\shot-classification\labeled_dataset\wide_text\0040_cut_014.jpg,0040_cut_014.jpg,40,wide_text,wide,1,wide_text
C:\Temp\shot-classification\labeled_dataset\wide_text\0040_cut_016.jpg,0040_cut_016.jpg,40,wide_text,wide,1,wide_text
C:\Temp\shot-classification\labeled_dataset\medium_text\0041_cut_001.jpg,0041_cut_001.jpg,41,medium_text,medium,1,medium_text
C:\Temp\shot-classification\labeled_dataset\object_text\0041_cut_002.jpg,0041_cut_002.jpg,41,object_text,object,1,object_text
C:\Temp\shot-classification\labeled_dataset\medium_text\0042_cut_001.jpg,0042_cut_001.jpg,42,medium_text,medium,1,medium_text
C:\Temp\shot-classification\labeled_dataset\object_text\0042_cut_004.jpg,0042_cut_004.jpg,42,object_text,object,1,object_text
C:\Temp\shot-classification\labeled_dataset\space_text\0042_cut_005.jpg,0042_cut_005.jpg,42,space_text,space,1,space_text
C:\Temp\shot-classification\labeled_dataset\wide_text\0042_cut_002.jpg,0042_cut_002.jpg,42,wide_text,wide,1,wide_text
C:\Temp\shot-classification\labeled_dataset\wide_text\0042_cut_006.jpg,0042_cut_006.jpg,42,wide_text,wide,1,wide_text
C:\Temp\shot-classification\labeled_dataset\medium_notext\0043_cut_005.jpg,0043_cut_005.jpg,43,medium_notext,medium,0,medium_notext
C:\Temp\shot-classification\labeled_dataset\medium_notext\0043_cut_007.jpg,0043_cut_007.jpg,43,medium_notext,medium,0,medium_notext
C:\Temp\shot-classification\labeled_dataset\medium_text\0043_cut_001.jpg,0043_cut_001.jpg,43,medium_text,medium,1,medium_text
C:\Temp\shot-classification\labeled_dataset\medium_text\0043_cut_002.jpg,0043_cut_002.jpg,43,medium_text,medium,1,medium_text
C:\Temp\shot-classification\labeled_dataset\wide_notext\0043_cut_003.jpg,0043_cut_003.jpg,43,wide_notext,wide,0,wide_notext
C:\Temp\shot-classification\labeled_dataset\wide_notext\0043_cut_004.jpg,0043_cut_004.jpg,43,wide_notext,wide,0,wide_notext
C:\Temp\shot-classification\labeled_dataset\wide_notext\0043_cut_006.jpg,0043_cut_006.jpg,43,wide_notext,wide,0,wide_notext
C:\Temp\shot-classification\labeled_dataset\close-up_notext\0044_cut_011.jpg,0044_cut_011.jpg,44,close-up_notext,close-up,0,close-up_notext
C:\Temp\shot-classification\labeled_dataset\medium_notext\0044_cut_003.jpg,0044_cut_003.jpg,44,medium_notext,medium,0,medium_notext
C:\Temp\shot-classification\labeled_dataset\medium_notext\0044_cut_005.jpg,0044_cut_005.jpg,44,medium_notext,medium,0,medium_notext
C:\Temp\shot-classification\labeled_dataset\medium_notext\0044_cut_019.jpg,0044_cut_019.jpg,44,medium_notext,medium,0,medium_notext
C:\Temp\shot-classification\labeled_dataset\medium_text\0044_cut_001.jpg,0044_cut_001.jpg,44,medium_text,medium,1,medium_text
C:\Temp\shot-classification\labeled_dataset\medium_text\0044_cut_004.jpg,0044_cut_004.jpg,44,medium_text,medium,1,medium_text
C:\Temp\shot-classification\labeled_dataset\medium_text\0044_cut_006.jpg,0044_cut_006.jpg,44,medium_text,medium,1,medium_text
C:\Temp\shot-classification\labeled_dataset\medium_text\0044_cut_007.jpg,0044_cut_007.jpg,44,medium_text,medium,1,medium_text
C:\Temp\shot-classification\labeled_dataset\medium_text\0044_cut_008.jpg,0044_cut_008.jpg,44,medium_text,medium,1,medium_text
C:\Temp\shot-classification\labeled_dataset\medium_text\0044_cut_009.jpg,0044_cut_009.jpg,44,medium_text,medium,1,medium_text
C:\Temp\shot-classification\labeled_dataset\medium_text\0044_cut_010.jpg,0044_cut_010.jpg,44,medium_text,medium,1,medium_text
C:\Temp\shot-classification\labeled_dataset\medium_text\0044_cut_012.jpg,0044_cut_012.jpg,44,medium_text,medium,1,medium_text
C:\Temp\shot-classification\labeled_dataset\medium_text\0044_cut_013.jpg,0044_cut_013.jpg,44,medium_text,medium,1,medium_text
C:\Temp\shot-classification\labeled_dataset\medium_text\0044_cut_014.jpg,0044_cut_014.jpg,44,medium_text,medium,1,medium_text
C:\Temp\shot-classification\labeled_dataset\medium_text\0044_cut_016.jpg,0044_cut_016.jpg,44,medium_text,medium,1,medium_text
C:\Temp\shot-classification\labeled_dataset\medium_text\0044_cut_017.jpg,0044_cut_017.jpg,44,medium_text,medium,1,medium_text
C:\Temp\shot-classification\labeled_dataset\medium_text\0044_cut_020.jpg,0044_cut_020.jpg,44,medium_text,medium,1,medium_text
C:\Temp\shot-classification\labeled_dataset\medium_text\0044_cut_022.jpg,0044_cut_022.jpg,44,medium_text,medium,1,medium_text
C:\Temp\shot-classification\labeled_dataset\object_notext\0044_cut_002.jpg,0044_cut_002.jpg,44,object_notext,object,0,object_notext
C:\Temp\shot-classification\labeled_dataset\object_notext\0044_cut_015.jpg,0044_cut_015.jpg,44,object_notext,object,0,object_notext
C:\Temp\shot-classification\labeled_dataset\object_notext\0044_cut_018.jpg,0044_cut_018.jpg,44,object_notext,object,0,object_notext
C:\Temp\shot-classification\labeled_dataset\space_notext\0044_cut_021.jpg,0044_cut_021.jpg,44,space_notext,space,0,space_notext
C:\Temp\shot-classification\labeled_dataset\close-up_text\0045_cut_004.jpg,0045_cut_004.jpg,45,close-up_text,close-up,1,close-up_text
C:\Temp\shot-classification\labeled_dataset\medium_text\0045_cut_002.jpg,0045_cut_002.jpg,45,medium_text,medium,1,medium_text
C:\Temp\shot-classification\labeled_dataset\medium_text\0045_cut_003.jpg,0045_cut_003.jpg,45,medium_text,medium,1,medium_text
C:\Temp\shot-classification\labeled_dataset\medium_text\0045_cut_005.jpg,0045_cut_005.jpg,45,medium_text,medium,1,medium_text
C:\Temp\shot-classification\labeled_dataset\wide_notext\0045_cut_001.jpg,0045_cut_001.jpg,45,wide_notext,wide,0,wide_notext
C:\Temp\shot-classification\labeled_dataset\wide_notext\0046_cut_003.jpg,0046_cut_003.jpg,46,wide_notext,wide,0,wide_notext
C:\Temp\shot-classification\labeled_dataset\wide_text\0046_cut_001.jpg,0046_cut_001.jpg,46,wide_text,wide,1,wide_text
C:\Temp\shot-classification\labeled_dataset\close-up_text\0047_cut_004.jpg,0047_cut_004.jpg,47,close-up_text,close-up,1,close-up_text
C:\Temp\shot-classification\labeled_dataset\medium_notext\0047_cut_003.jpg,0047_cut_003.jpg,47,medium_notext,medium,0,medium_notext
C:\Temp\shot-classification\labeled_dataset\medium_text\0047_cut_005.jpg,0047_cut_005.jpg,47,medium_text,medium,1,medium_text
C:\Temp\shot-classification\labeled_dataset\wide_text\0047_cut_001.jpg,0047_cut_001.jpg,47,wide_text,wide,1,wide_text
C:\Temp\shot-classification\labeled_dataset\wide_text\0047_cut_002.jpg,0047_cut_002.jpg,47,wide_text,wide,1,wide_text
C:\Temp\shot-classification\labeled_dataset\close-up_notext\0048_cut_027.jpg,0048_cut_027.jpg,48,close-up_notext,close-up,0,close-up_notext
C:\Temp\shot-classification\labeled_dataset\close-up_text\0048_cut_017.jpg,0048_cut_017.jpg,48,close-up_text,close-up,1,close-up_text
C:\Temp\shot-classification\labeled_dataset\close-up_text\0048_cut_019.jpg,0048_cut_019.jpg,48,close-up_text,close-up,1,close-up_text
C:\Temp\shot-classification\labeled_dataset\close-up_text\0048_cut_021.jpg,0048_cut_021.jpg,48,close-up_text,close-up,1,close-up_text
C:\Temp\shot-classification\labeled_dataset\close-up_text\0048_cut_022.jpg,0048_cut_022.jpg,48,close-up_text,close-up,1,close-up_text
C:\Temp\shot-classification\labeled_dataset\close-up_text\0048_cut_030.jpg,0048_cut_030.jpg,48,close-up_text,close-up,1,close-up_text
C:\Temp\shot-classification\labeled_dataset\close-up_text\0048_cut_031.jpg,0048_cut_031.jpg,48,close-up_text,close-up,1,close-up_text
C:\Temp\shot-classification\labeled_dataset\close-up_text\0048_cut_032.jpg,0048_cut_032.jpg,48,close-up_text,close-up,1,close-up_text
C:\Temp\shot-classification\labeled_dataset\close-up_text\0048_cut_033.jpg,0048_cut_033.jpg,48,close-up_text,close-up,1,close-up_text
C:\Temp\shot-classification\labeled_dataset\close-up_text\0048_cut_035.jpg,0048_cut_035.jpg,48,close-up_text,close-up,1,close-up_text
C:\Temp\shot-classification\labeled_dataset\close-up_text\0048_cut_037.jpg,0048_cut_037.jpg,48,close-up_text,close-up,1,close-up_text
C:\Temp\shot-classification\labeled_dataset\close-up_text\0048_cut_039.jpg,0048_cut_039.jpg,48,close-up_text,close-up,1,close-up_text
C:\Temp\shot-classification\labeled_dataset\medium_notext\0048_cut_001.jpg,0048_cut_001.jpg,48,medium_notext,medium,0,medium_notext
C:\Temp\shot-classification\labeled_dataset\medium_text\0048_cut_002.jpg,0048_cut_002.jpg,48,medium_text,medium,1,medium_text
C:\Temp\shot-classification\labeled_dataset\medium_text\0048_cut_008.jpg,0048_cut_008.jpg,48,medium_text,medium,1,medium_text
C:\Temp\shot-classification\labeled_dataset\medium_text\0048_cut_013.jpg,0048_cut_013.jpg,48,medium_text,medium,1,medium_text
C:\Temp\shot-classification\labeled_dataset\medium_text\0048_cut_014.jpg,0048_cut_014.jpg,48,medium_text,medium,1,medium_text
C:\Temp\shot-classification\labeled_dataset\medium_text\0048_cut_015.jpg,0048_cut_015.jpg,48,medium_text,medium,1,medium_text
C:\Temp\shot-classification\labeled_dataset\medium_text\0048_cut_016.jpg,0048_cut_016.jpg,48,medium_text,medium,1,medium_text
C:\Temp\shot-classification\labeled_dataset\medium_text\0048_cut_018.jpg,0048_cut_018.jpg,48,medium_text,medium,1,medium_text
C:\Temp\shot-classification\labeled_dataset\medium_text\0048_cut_020.jpg,0048_cut_020.jpg,48,medium_text,medium,1,medium_text
C:\Temp\shot-classification\labeled_dataset\medium_text\0048_cut_023.jpg,0048_cut_023.jpg,48,medium_text,medium,1,medium_text
C:\Temp\shot-classification\labeled_dataset\medium_text\0048_cut_025.jpg,0048_cut_025.jpg,48,medium_text,medium,1,medium_text
C:\Temp\shot-classification\labeled_dataset\medium_text\0048_cut_026.jpg,0048_cut_026.jpg,48,medium_text,medium,1,medium_text
C:\Temp\shot-classification\labeled_dataset\medium_text\0048_cut_028.jpg,0048_cut_028.jpg,48,medium_text,medium,1,medium_text
C:\Temp\shot-classification\labeled_dataset\medium_text\0048_cut_029.jpg,0048_cut_029.jpg,48,medium_text,medium,1,medium_text
C:\Temp\shot-classification\labeled_dataset\medium_text\0048_cut_034.jpg,0048_cut_034.jpg,48,medium_text,medium,1,medium_text
C:\Temp\shot-classification\labeled_dataset\medium_text\0048_cut_036.jpg,0048_cut_036.jpg,48,medium_text,medium,1,medium_text
C:\Temp\shot-classification\labeled_dataset\medium_text\0048_cut_038.jpg,0048_cut_038.jpg,48,medium_text,medium,1,medium_text
C:\Temp\shot-classification\labeled_dataset\object_text\0048_cut_009.jpg,0048_cut_009.jpg,48,object_text,object,1,object_text
C:\Temp\shot-classification\labeled_dataset\object_text\0048_cut_010.jpg,0048_cut_010.jpg,48,object_text,object,1,object_text
C:\Temp\shot-classification\labeled_dataset\object_text\0048_cut_011.jpg,0048_cut_011.jpg,48,object_text,object,1,object_text
C:\Temp\shot-classification\labeled_dataset\object_text\0048_cut_012.jpg,0048_cut_012.jpg,48,object_text,object,1,object_text
C:\Temp\shot-classification\labeled_dataset\space_text\0048_cut_003.jpg,0048_cut_003.jpg,48,space_text,space,1,space_text
C:\Temp\shot-classification\labeled_dataset\wide_text\0048_cut_004.jpg,0048_cut_004.jpg,48,wide_text,wide,1,wide_text
C:\Temp\shot-classification\labeled_dataset\wide_text\0048_cut_006.jpg,0048_cut_006.jpg,48,wide_text,wide,1,wide_text
C:\Temp\shot-classification\labeled_dataset\wide_text\0048_cut_007.jpg,0048_cut_007.jpg,48,wide_text,wide,1,wide_text
C:\Temp\shot-classification\labeled_dataset\medium_text\0049_cut_001.jpg,0049_cut_001.jpg,49,medium_text,medium,1,medium_text
C:\Temp\shot-classification\labeled_dataset\wide_text\0049_cut_002.jpg,0049_cut_002.jpg,49,wide_text,wide,1,wide_text
C:\Temp\shot-classification\labeled_dataset\wide_text\0049_cut_003.jpg,0049_cut_003.jpg,49,wide_text,wide,1,wide_text
C:\Temp\shot-classification\labeled_dataset\medium_notext\0050_cut_004.jpg,0050_cut_004.jpg,50,medium_notext,medium,0,medium_notext
C:\Temp\shot-classification\labeled_dataset\medium_notext\0050_cut_005.jpg,0050_cut_005.jpg,50,medium_notext,medium,0,medium_notext
C:\Temp\shot-classification\labeled_dataset\wide_notext\0050_cut_002.jpg,0050_cut_002.jpg,50,wide_notext,wide,0,wide_notext
C:\Temp\shot-classification\labeled_dataset\wide_notext\0050_cut_003.jpg,0050_cut_003.jpg,50,wide_notext,wide,0,wide_notext
C:\Temp\shot-classification\labeled_dataset\wide_notext\0050_cut_006.jpg,0050_cut_006.jpg,50,wide_notext,wide,0,wide_notext
C:\Temp\shot-classification\labeled_dataset\wide_notext\0050_cut_007.jpg,0050_cut_007.jpg,50,wide_notext,wide,0,wide_notext
C:\Temp\shot-classification\labeled_dataset\wide_text\0050_cut_001.jpg,0050_cut_001.jpg,50,wide_text,wide,1,wide_text
C:\Temp\shot-classification\labeled_dataset\medium_notext\0051_cut_001.jpg,0051_cut_001.jpg,51,medium_notext,medium,0,medium_notext
C:\Temp\shot-classification\labeled_dataset\medium_notext\0051_cut_002.jpg,0051_cut_002.jpg,51,medium_notext,medium,0,medium_notext
C:\Temp\shot-classification\labeled_dataset\medium_notext\0051_cut_004.jpg,0051_cut_004.jpg,51,medium_notext,medium,0,medium_notext
C:\Temp\shot-classification\labeled_dataset\medium_notext\0051_cut_005.jpg,0051_cut_005.jpg,51,medium_notext,medium,0,medium_notext
C:\Temp\shot-classification\labeled_dataset\medium_notext\0051_cut_006.jpg,0051_cut_006.jpg,51,medium_notext,medium,0,medium_notext
C:\Temp\shot-classification\labeled_dataset\medium_notext\0051_cut_007.jpg,0051_cut_007.jpg,51,medium_notext,medium,0,medium_notext
C:\Temp\shot-classification\labeled_dataset\object_notext\0051_cut_003.jpg,0051_cut_003.jpg,51,object_notext,object,0,object_notext
C:\Temp\shot-classification\labeled_dataset\object_notext\0051_cut_008.jpg,0051_cut_008.jpg,51,object_notext,object,0,object_notext
C:\Temp\shot-classification\labeled_dataset\object_notext\0051_cut_009.jpg,0051_cut_009.jpg,51,object_notext,object,0,object_notext
C:\Temp\shot-classification\labeled_dataset\object_notext\0051_cut_010.jpg,0051_cut_010.jpg,51,object_notext,object,0,object_notext
C:\Temp\shot-classification\labeled_dataset\medium_notext\0052_cut_001.jpg,0052_cut_001.jpg,52,medium_notext,medium,0,medium_notext
C:\Temp\shot-classification\labeled_dataset\medium_text\0052_cut_008.jpg,0052_cut_008.jpg,52,medium_text,medium,1,medium_text
C:\Temp\shot-classification\labeled_dataset\medium_text\0052_cut_009.jpg,0052_cut_009.jpg,52,medium_text,medium,1,medium_text
C:\Temp\shot-classification\labeled_dataset\medium_text\0052_cut_010.jpg,0052_cut_010.jpg,52,medium_text,medium,1,medium_text
C:\Temp\shot-classification\labeled_dataset\medium_text\0052_cut_014.jpg,0052_cut_014.jpg,52,medium_text,medium,1,medium_text
C:\Temp\shot-classification\labeled_dataset\medium_text\0052_cut_015.jpg,0052_cut_015.jpg,52,medium_text,medium,1,medium_text
C:\Temp\shot-classification\labeled_dataset\medium_text\0052_cut_016.jpg,0052_cut_016.jpg,52,medium_text,medium,1,medium_text
C:\Temp\shot-classification\labeled_dataset\object_notext\0052_cut_004.jpg,0052_cut_004.jpg,52,object_notext,object,0,object_notext
C:\Temp\shot-classification\labeled_dataset\object_notext\0052_cut_006.jpg,0052_cut_006.jpg,52,object_notext,object,0,object_notext
C:\Temp\shot-classification\labeled_dataset\object_notext\0052_cut_022.jpg,0052_cut_022.jpg,52,object_notext,object,0,object_notext
C:\Temp\shot-classification\labeled_dataset\object_text\0052_cut_002.jpg,0052_cut_002.jpg,52,object_text,object,1,object_text
C:\Temp\shot-classification\labeled_dataset\object_text\0052_cut_003.jpg,0052_cut_003.jpg,52,object_text,object,1,object_text
C:\Temp\shot-classification\labeled_dataset\object_text\0052_cut_005.jpg,0052_cut_005.jpg,52,object_text,object,1,object_text
C:\Temp\shot-classification\labeled_dataset\object_text\0052_cut_007.jpg,0052_cut_007.jpg,52,object_text,object,1,object_text
C:\Temp\shot-classification\labeled_dataset\object_text\0052_cut_011.jpg,0052_cut_011.jpg,52,object_text,object,1,object_text
C:\Temp\shot-classification\labeled_dataset\object_text\0052_cut_012.jpg,0052_cut_012.jpg,52,object_text,object,1,object_text
C:\Temp\shot-classification\labeled_dataset\object_text\0052_cut_013.jpg,0052_cut_013.jpg,52,object_text,object,1,object_text
C:\Temp\shot-classification\labeled_dataset\object_text\0052_cut_017.jpg,0052_cut_017.jpg,52,object_text,object,1,object_text
C:\Temp\shot-classification\labeled_dataset\object_text\0052_cut_018.jpg,0052_cut_018.jpg,52,object_text,object,1,object_text
C:\Temp\shot-classification\labeled_dataset\object_text\0052_cut_020.jpg,0052_cut_020.jpg,52,object_text,object,1,object_text
C:\Temp\shot-classification\labeled_dataset\wide_text\0052_cut_019.jpg,0052_cut_019.jpg,52,wide_text,wide,1,wide_text
C:\Temp\shot-classification\labeled_dataset\close-up_text\0053_cut_018.jpg,0053_cut_018.jpg,53,close-up_text,close-up,1,close-up_text
C:\Temp\shot-classification\labeled_dataset\close-up_text\0053_cut_019.jpg,0053_cut_019.jpg,53,close-up_text,close-up,1,close-up_text
C:\Temp\shot-classification\labeled_dataset\medium_text\0053_cut_001.jpg,0053_cut_001.jpg,53,medium_text,medium,1,medium_text
C:\Temp\shot-classification\labeled_dataset\medium_text\0053_cut_002.jpg,0053_cut_002.jpg,53,medium_text,medium,1,medium_text
C:\Temp\shot-classification\labeled_dataset\medium_text\0053_cut_003.jpg,0053_cut_003.jpg,53,medium_text,medium,1,medium_text
C:\Temp\shot-classification\labeled_dataset\medium_text\0053_cut_004.jpg,0053_cut_004.jpg,53,medium_text,medium,1,medium_text
C:\Temp\shot-classification\labeled_dataset\medium_text\0053_cut_005.jpg,0053_cut_005.jpg,53,medium_text,medium,1,medium_text
C:\Temp\shot-classification\labeled_dataset\medium_text\0053_cut_006.jpg,0053_cut_006.jpg,53,medium_text,medium,1,medium_text
C:\Temp\shot-classification\labeled_dataset\medium_text\0053_cut_007.jpg,0053_cut_007.jpg,53,medium_text,medium,1,medium_text
C:\Temp\shot-classification\labeled_dataset\medium_text\0053_cut_008.jpg,0053_cut_008.jpg,53,medium_text,medium,1,medium_text
C:\Temp\shot-classification\labeled_dataset\medium_text\0053_cut_009.jpg,0053_cut_009.jpg,53,medium_text,medium,1,medium_text
C:\Temp\shot-classification\labeled_dataset\medium_text\0053_cut_010.jpg,0053_cut_010.jpg,53,medium_text,medium,1,medium_text
C:\Temp\shot-classification\labeled_dataset\medium_text\0053_cut_011.jpg,0053_cut_011.jpg,53,medium_text,medium,1,medium_text
C:\Temp\shot-classification\labeled_dataset\medium_text\0053_cut_012.jpg,0053_cut_012.jpg,53,medium_text,medium,1,medium_text
C:\Temp\shot-classification\labeled_dataset\medium_text\0053_cut_013.jpg,0053_cut_013.jpg,53,medium_text,medium,1,medium_text
C:\Temp\shot-classification\labeled_dataset\medium_text\0053_cut_014.jpg,0053_cut_014.jpg,53,medium_text,medium,1,medium_text
C:\Temp\shot-classification\labeled_dataset\medium_text\0053_cut_015.jpg,0053_cut_015.jpg,53,medium_text,medium,1,medium_text
C:\Temp\shot-classification\labeled_dataset\medium_text\0053_cut_016.jpg,0053_cut_016.jpg,53,medium_text,medium,1,medium_text
C:\Temp\shot-classification\labeled_dataset\medium_text\0053_cut_020.jpg,0053_cut_020.jpg,53,medium_text,medium,1,medium_text
C:\Temp\shot-classification\labeled_dataset\wide_notext\0053_cut_017.jpg,0053_cut_017.jpg,53,wide_notext,wide,0,wide_notext
C:\Temp\shot-classification\labeled_dataset\medium_notext\0054_cut_002.jpg,0054_cut_002.jpg,54,medium_notext,medium,0,medium_notext
C:\Temp\shot-classification\labeled_dataset\medium_notext\0054_cut_003.jpg,0054_cut_003.jpg,54,medium_notext,medium,0,medium_notext
C:\Temp\shot-classification\labeled_dataset\medium_notext\0054_cut_005.jpg,0054_cut_005.jpg,54,medium_notext,medium,0,medium_notext
C:\Temp\shot-classification\labeled_dataset\medium_notext\0054_cut_010.jpg,0054_cut_010.jpg,54,medium_notext,medium,0,medium_notext
C:\Temp\shot-classification\labeled_dataset\medium_text\0054_cut_008.jpg,0054_cut_008.jpg,54,medium_text,medium,1,medium_text
C:\Temp\shot-classification\labeled_dataset\medium_text\0054_cut_012.jpg,0054_cut_012.jpg,54,medium_text,medium,1,medium_text
C:\Temp\shot-classification\labeled_dataset\wide_notext\0054_cut_004.jpg,0054_cut_004.jpg,54,wide_notext,wide,0,wide_notext
C:\Temp\shot-classification\labeled_dataset\wide_notext\0054_cut_006.jpg,0054_cut_006.jpg,54,wide_notext,wide,0,wide_notext
C:\Temp\shot-classification\labeled_dataset\wide_notext\0054_cut_007.jpg,0054_cut_007.jpg,54,wide_notext,wide,0,wide_notext
C:\Temp\shot-classification\labeled_dataset\wide_notext\0054_cut_009.jpg,0054_cut_009.jpg,54,wide_notext,wide,0,wide_notext
C:\Temp\shot-classification\labeled_dataset\wide_notext\0054_cut_011.jpg,0054_cut_011.jpg,54,wide_notext,wide,0,wide_notext
C:\Temp\shot-classification\labeled_dataset\wide_notext\0054_cut_014.jpg,0054_cut_014.jpg,54,wide_notext,wide,0,wide_notext
C:\Temp\shot-classification\labeled_dataset\wide_text\0054_cut_001.jpg,0054_cut_001.jpg,54,wide_text,wide,1,wide_text
C:\Temp\shot-classification\labeled_dataset\wide_text\0054_cut_013.jpg,0054_cut_013.jpg,54,wide_text,wide,1,wide_text
C:\Temp\shot-classification\labeled_dataset\medium_text\0055_cut_001.jpg,0055_cut_001.jpg,55,medium_text,medium,1,medium_text
C:\Temp\shot-classification\labeled_dataset\object_notext\0055_cut_004.jpg,0055_cut_004.jpg,55,object_notext,object,0,object_notext
C:\Temp\shot-classification\labeled_dataset\object_notext\0055_cut_007.jpg,0055_cut_007.jpg,55,object_notext,object,0,object_notext
C:\Temp\shot-classification\labeled_dataset\space_notext\0055_cut_006.jpg,0055_cut_006.jpg,55,space_notext,space,0,space_notext
C:\Temp\shot-classification\labeled_dataset\close-up_text\0056_cut_001.jpg,0056_cut_001.jpg,56,close-up_text,close-up,1,close-up_text
C:\Temp\shot-classification\labeled_dataset\close-up_text\0056_cut_018.jpg,0056_cut_018.jpg,56,close-up_text,close-up,1,close-up_text
C:\Temp\shot-classification\labeled_dataset\object_text\0056_cut_004.jpg,0056_cut_004.jpg,56,object_text,object,1,object_text
C:\Temp\shot-classification\labeled_dataset\object_text\0056_cut_005.jpg,0056_cut_005.jpg,56,object_text,object,1,object_text
C:\Temp\shot-classification\labeled_dataset\object_text\0056_cut_006.jpg,0056_cut_006.jpg,56,object_text,object,1,object_text
C:\Temp\shot-classification\labeled_dataset\object_text\0056_cut_010.jpg,0056_cut_010.jpg,56,object_text,object,1,object_text
C:\Temp\shot-classification\labeled_dataset\object_text\0056_cut_013.jpg,0056_cut_013.jpg,56,object_text,object,1,object_text
C:\Temp\shot-classification\labeled_dataset\object_text\0056_cut_015.jpg,0056_cut_015.jpg,56,object_text,object,1,object_text
C:\Temp\shot-classification\labeled_dataset\object_text\0056_cut_016.jpg,0056_cut_016.jpg,56,object_text,object,1,object_text
C:\Temp\shot-classification\labeled_dataset\object_text\0056_cut_017.jpg,0056_cut_017.jpg,56,object_text,object,1,object_text
C:\Temp\shot-classification\labeled_dataset\object_text\0056_cut_022.jpg,0056_cut_022.jpg,56,object_text,object,1,object_text
C:\Temp\shot-classification\labeled_dataset\object_text\0056_cut_023.jpg,0056_cut_023.jpg,56,object_text,object,1,object_text
C:\Temp\shot-classification\labeled_dataset\object_text\0056_cut_024.jpg,0056_cut_024.jpg,56,object_text,object,1,object_text
C:\Temp\shot-classification\labeled_dataset\object_text\0056_cut_025.jpg,0056_cut_025.jpg,56,object_text,object,1,object_text
C:\Temp\shot-classification\labeled_dataset\object_text\0056_cut_027.jpg,0056_cut_027.jpg,56,object_text,object,1,object_text
C:\Temp\shot-classification\labeled_dataset\object_text\0056_cut_029.jpg,0056_cut_029.jpg,56,object_text,object,1,object_text
C:\Temp\shot-classification\labeled_dataset\object_text\0056_cut_031.jpg,0056_cut_031.jpg,56,object_text,object,1,object_text
C:\Temp\shot-classification\labeled_dataset\object_text\0056_cut_032.jpg,0056_cut_032.jpg,56,object_text,object,1,object_text
C:\Temp\shot-classification\labeled_dataset\object_text\0056_cut_033.jpg,0056_cut_033.jpg,56,object_text,object,1,object_text
C:\Temp\shot-classification\labeled_dataset\object_text\0056_cut_034.jpg,0056_cut_034.jpg,56,object_text,object,1,object_text
C:\Temp\shot-classification\labeled_dataset\object_text\0056_cut_035.jpg,0056_cut_035.jpg,56,object_text,object,1,object_text
C:\Temp\shot-classification\labeled_dataset\space_text\0056_cut_003.jpg,0056_cut_003.jpg,56,space_text,space,1,space_text
C:\Temp\shot-classification\labeled_dataset\space_text\0056_cut_007.jpg,0056_cut_007.jpg,56,space_text,space,1,space_text
C:\Temp\shot-classification\labeled_dataset\space_text\0056_cut_008.jpg,0056_cut_008.jpg,56,space_text,space,1,space_text
C:\Temp\shot-classification\labeled_dataset\space_text\0056_cut_009.jpg,0056_cut_009.jpg,56,space_text,space,1,space_text
C:\Temp\shot-classification\labeled_dataset\space_text\0056_cut_011.jpg,0056_cut_011.jpg,56,space_text,space,1,space_text
C:\Temp\shot-classification\labeled_dataset\space_text\0056_cut_012.jpg,0056_cut_012.jpg,56,space_text,space,1,space_text
C:\Temp\shot-classification\labeled_dataset\space_text\0056_cut_014.jpg,0056_cut_014.jpg,56,space_text,space,1,space_text
C:\Temp\shot-classification\labeled_dataset\space_text\0056_cut_019.jpg,0056_cut_019.jpg,56,space_text,space,1,space_text
C:\Temp\shot-classification\labeled_dataset\space_text\0056_cut_021.jpg,0056_cut_021.jpg,56,space_text,space,1,space_text
C:\Temp\shot-classification\labeled_dataset\space_text\0056_cut_026.jpg,0056_cut_026.jpg,56,space_text,space,1,space_text
C:\Temp\shot-classification\labeled_dataset\space_text\0056_cut_028.jpg,0056_cut_028.jpg,56,space_text,space,1,space_text
C:\Temp\shot-classification\labeled_dataset\space_text\0056_cut_030.jpg,0056_cut_030.jpg,56,space_text,space,1,space_text
C:\Temp\shot-classification\labeled_dataset\wide_text\0056_cut_002.jpg,0056_cut_002.jpg,56,wide_text,wide,1,wide_text
C:\Temp\shot-classification\labeled_dataset\close-up_text\0057_cut_002.jpg,0057_cut_002.jpg,57,close-up_text,close-up,1,close-up_text
C:\Temp\shot-classification\labeled_dataset\medium_text\0057_cut_001.jpg,0057_cut_001.jpg,57,medium_text,medium,1,medium_text
C:\Temp\shot-classification\labeled_dataset\medium_text\0057_cut_003.jpg,0057_cut_003.jpg,57,medium_text,medium,1,medium_text
C:\Temp\shot-classification\labeled_dataset\medium_text\0057_cut_004.jpg,0057_cut_004.jpg,57,medium_text,medium,1,medium_text
C:\Temp\shot-classification\labeled_dataset\object_text\0057_cut_005.jpg,0057_cut_005.jpg,57,object_text,object,1,object_text
C:\Temp\shot-classification\labeled_dataset\object_text\0057_cut_006.jpg,0057_cut_006.jpg,57,object_text,object,1,object_text
C:\Temp\shot-classification\labeled_dataset\object_text\0057_cut_007.jpg,0057_cut_007.jpg,57,object_text,object,1,object_text
C:\Temp\shot-classification\labeled_dataset\object_text\0057_cut_008.jpg,0057_cut_008.jpg,57,object_text,object,1,object_text
C:\Temp\shot-classification\labeled_dataset\object_text\0058_cut_001.jpg,0058_cut_001.jpg,58,object_text,object,1,object_text
C:\Temp\shot-classification\labeled_dataset\object_text\0058_cut_002.jpg,0058_cut_002.jpg,58,object_text,object,1,object_text
C:\Temp\shot-classification\labeled_dataset\object_text\0058_cut_004.jpg,0058_cut_004.jpg,58,object_text,object,1,object_text
C:\Temp\shot-classification\labeled_dataset\object_text\0058_cut_005.jpg,0058_cut_005.jpg,58,object_text,object,1,object_text
C:\Temp\shot-classification\labeled_dataset\object_text\0058_cut_006.jpg,0058_cut_006.jpg,58,object_text,object,1,object_text
C:\Temp\shot-classification\labeled_dataset\object_text\0058_cut_007.jpg,0058_cut_007.jpg,58,object_text,object,1,object_text
C:\Temp\shot-classification\labeled_dataset\object_text\0058_cut_008.jpg,0058_cut_008.jpg,58,object_text,object,1,object_text
C:\Temp\shot-classification\labeled_dataset\space_text\0058_cut_003.jpg,0058_cut_003.jpg,58,space_text,space,1,space_text
C:\Temp\shot-classification\labeled_dataset\object_text\0059_cut_001.jpg,0059_cut_001.jpg,59,object_text,object,1,object_text
C:\Temp\shot-classification\labeled_dataset\object_text\0059_cut_002.jpg,0059_cut_002.jpg,59,object_text,object,1,object_text
C:\Temp\shot-classification\labeled_dataset\object_text\0059_cut_003.jpg,0059_cut_003.jpg,59,object_text,object,1,object_text
C:\Temp\shot-classification\labeled_dataset\object_text\0059_cut_004.jpg,0059_cut_004.jpg,59,object_text,object,1,object_text
C:\Temp\shot-classification\labeled_dataset\object_text\0059_cut_005.jpg,0059_cut_005.jpg,59,object_text,object,1,object_text
C:\Temp\shot-classification\labeled_dataset\object_text\0059_cut_006.jpg,0059_cut_006.jpg,59,object_text,object,1,object_text
C:\Temp\shot-classification\labeled_dataset\object_text\0060_cut_002.jpg,0060_cut_002.jpg,60,object_text,object,1,object_text
C:\Temp\shot-classification\labeled_dataset\object_text\0060_cut_004.jpg,0060_cut_004.jpg,60,object_text,object,1,object_text
C:\Temp\shot-classification\labeled_dataset\object_text\0060_cut_005.jpg,0060_cut_005.jpg,60,object_text,object,1,object_text
C:\Temp\shot-classification\labeled_dataset\object_text\0060_cut_009.jpg,0060_cut_009.jpg,60,object_text,object,1,object_text
C:\Temp\shot-classification\labeled_dataset\space_text\0060_cut_003.jpg,0060_cut_003.jpg,60,space_text,space,1,space_text
C:\Temp\shot-classification\labeled_dataset\space_text\0060_cut_006.jpg,0060_cut_006.jpg,60,space_text,space,1,space_text
C:\Temp\shot-classification\labeled_dataset\space_text\0060_cut_007.jpg,0060_cut_007.jpg,60,space_text,space,1,space_text
C:\Temp\shot-classification\labeled_dataset\space_text\0060_cut_008.jpg,0060_cut_008.jpg,60,space_text,space,1,space_text
C:\Temp\shot-classification\labeled_dataset\space_text\0060_cut_010.jpg,0060_cut_010.jpg,60,space_text,space,1,space_text
C:\Temp\shot-classification\labeled_dataset\object_notext\0061_cut_003.jpg,0061_cut_003.jpg,61,object_notext,object,0,object_notext
C:\Temp\shot-classification\labeled_dataset\object_notext\0061_cut_005.jpg,0061_cut_005.jpg,61,object_notext,object,0,object_notext
C:\Temp\shot-classification\labeled_dataset\object_text\0061_cut_008.jpg,0061_cut_008.jpg,61,object_text,object,1,object_text
C:\Temp\shot-classification\labeled_dataset\space_text\0061_cut_001.jpg,0061_cut_001.jpg,61,space_text,space,1,space_text
C:\Temp\shot-classification\labeled_dataset\space_text\0061_cut_002.jpg,0061_cut_002.jpg,61,space_text,space,1,space_text
C:\Temp\shot-classification\labeled_dataset\space_text\0061_cut_004.jpg,0061_cut_004.jpg,61,space_text,space,1,space_text
C:\Temp\shot-classification\labeled_dataset\space_text\0061_cut_007.jpg,0061_cut_007.jpg,61,space_text,space,1,space_text
C:\Temp\shot-classification\labeled_dataset\object_notext\0062_cut_003.jpg,0062_cut_003.jpg,62,object_notext,object,0,object_notext
C:\Temp\shot-classification\labeled_dataset\object_text\0062_cut_001.jpg,0062_cut_001.jpg,62,object_text,object,1,object_text
C:\Temp\shot-classification\labeled_dataset\space_notext\0062_cut_002.jpg,0062_cut_002.jpg,62,space_notext,space,0,space_notext
C:\Temp\shot-classification\labeled_dataset\space_notext\0062_cut_004.jpg,0062_cut_004.jpg,62,space_notext,space,0,space_notext
C:\Temp\shot-classification\labeled_dataset\close-up_text\0063_cut_002.jpg,0063_cut_002.jpg,63,close-up_text,close-up,1,close-up_text
C:\Temp\shot-classification\labeled_dataset\close-up_text\0063_cut_003.jpg,0063_cut_003.jpg,63,close-up_text,close-up,1,close-up_text
C:\Temp\shot-classification\labeled_dataset\close-up_text\0063_cut_004.jpg,0063_cut_004.jpg,63,close-up_text,close-up,1,close-up_text
C:\Temp\shot-classification\labeled_dataset\object_text\0063_cut_001.jpg,0063_cut_001.jpg,63,object_text,object,1,object_text
C:\Temp\shot-classification\labeled_dataset\object_text\0063_cut_006.jpg,0063_cut_006.jpg,63,object_text,object,1,object_text
C:\Temp\shot-classification\labeled_dataset\space_text\0063_cut_005.jpg,0063_cut_005.jpg,63,space_text,space,1,space_text
C:\Temp\shot-classification\labeled_dataset\medium_text\0064_cut_001.jpg,0064_cut_001.jpg,64,medium_text,medium,1,medium_text
C:\Temp\shot-classification\labeled_dataset\medium_text\0064_cut_002.jpg,0064_cut_002.jpg,64,medium_text,medium,1,medium_text
C:\Temp\shot-classification\labeled_dataset\medium_text\0064_cut_003.jpg,0064_cut_003.jpg,64,medium_text,medium,1,medium_text
C:\Temp\shot-classification\labeled_dataset\object_notext\0065_cut_001.jpg,0065_cut_001.jpg,65,object_notext,object,0,object_notext
C:\Temp\shot-classification\labeled_dataset\close-up_text\0066_cut_003.jpg,0066_cut_003.jpg,66,close-up_text,close-up,1,close-up_text
C:\Temp\shot-classification\labeled_dataset\close-up_text\0066_cut_004.jpg,0066_cut_004.jpg,66,close-up_text,close-up,1,close-up_text
C:\Temp\shot-classification\labeled_dataset\close-up_text\0066_cut_005.jpg,0066_cut_005.jpg,66,close-up_text,close-up,1,close-up_text
C:\Temp\shot-classification\labeled_dataset\space_text\0066_cut_002.jpg,0066_cut_002.jpg,66,space_text,space,1,space_text
C:\Temp\shot-classification\labeled_dataset\space_notext\0067_cut_001.jpg,0067_cut_001.jpg,67,space_notext,space,0,space_notext
C:\Temp\shot-classification\labeled_dataset\space_notext\0067_cut_003.jpg,0067_cut_003.jpg,67,space_notext,space,0,space_notext
C:\Temp\shot-classification\labeled_dataset\space_notext\0067_cut_005.jpg,0067_cut_005.jpg,67,space_notext,space,0,space_notext
C:\Temp\shot-classification\labeled_dataset\wide_notext\0067_cut_002.jpg,0067_cut_002.jpg,67,wide_notext,wide,0,wide_notext
C:\Temp\shot-classification\labeled_dataset\wide_notext\0067_cut_004.jpg,0067_cut_004.jpg,67,wide_notext,wide,0,wide_notext
C:\Temp\shot-classification\labeled_dataset\object_notext\0068_cut_006.jpg,0068_cut_006.jpg,68,object_notext,object,0,object_notext
C:\Temp\shot-classification\labeled_dataset\object_text\0068_cut_001.jpg,0068_cut_001.jpg,68,object_text,object,1,object_text
C:\Temp\shot-classification\labeled_dataset\object_text\0068_cut_002.jpg,0068_cut_002.jpg,68,object_text,object,1,object_text
C:\Temp\shot-classification\labeled_dataset\object_text\0068_cut_003.jpg,0068_cut_003.jpg,68,object_text,object,1,object_text
C:\Temp\shot-classification\labeled_dataset\object_text\0068_cut_004.jpg,0068_cut_004.jpg,68,object_text,object,1,object_text
C:\Temp\shot-classification\labeled_dataset\object_text\0068_cut_005.jpg,0068_cut_005.jpg,68,object_text,object,1,object_text
C:\Temp\shot-classification\labeled_dataset\object_text\0069_cut_001.jpg,0069_cut_001.jpg,69,object_text,object,1,object_text
C:\Temp\shot-classification\labeled_dataset\object_text\0069_cut_002.jpg,0069_cut_002.jpg,69,object_text,object,1,object_text
C:\Temp\shot-classification\labeled_dataset\object_text\0069_cut_006.jpg,0069_cut_006.jpg,69,object_text,object,1,object_text
C:\Temp\shot-classification\labeled_dataset\object_text\0069_cut_007.jpg,0069_cut_007.jpg,69,object_text,object,1,object_text
C:\Temp\shot-classification\labeled_dataset\object_text\0069_cut_008.jpg,0069_cut_008.jpg,69,object_text,object,1,object_text
C:\Temp\shot-classification\labeled_dataset\object_text\0069_cut_009.jpg,0069_cut_009.jpg,69,object_text,object,1,object_text
C:\Temp\shot-classification\labeled_dataset\space_text\0069_cut_003.jpg,0069_cut_003.jpg,69,space_text,space,1,space_text
C:\Temp\shot-classification\labeled_dataset\object_text\0070_cut_001.jpg,0070_cut_001.jpg,70,object_text,object,1,object_text
C:\Temp\shot-classification\labeled_dataset\object_text\0070_cut_002.jpg,0070_cut_002.jpg,70,object_text,object,1,object_text
C:\Temp\shot-classification\labeled_dataset\space_notext\0070_cut_003.jpg,0070_cut_003.jpg,70,space_notext,space,0,space_notext
C:\Temp\shot-classification\labeled_dataset\space_notext\0070_cut_004.jpg,0070_cut_004.jpg,70,space_notext,space,0,space_notext
C:\Temp\shot-classification\labeled_dataset\space_text\0070_cut_005.jpg,0070_cut_005.jpg,70,space_text,space,1,space_text
C:\Temp\shot-classification\labeled_dataset\object_text\0071_cut_003.jpg,0071_cut_003.jpg,71,object_text,object,1,object_text
C:\Temp\shot-classification\labeled_dataset\object_text\0071_cut_004.jpg,0071_cut_004.jpg,71,object_text,object,1,object_text
C:\Temp\shot-classification\labeled_dataset\object_text\0071_cut_005.jpg,0071_cut_005.jpg,71,object_text,object,1,object_text
C:\Temp\shot-classification\labeled_dataset\space_text\0071_cut_006.jpg,0071_cut_006.jpg,71,space_text,space,1,space_text
C:\Temp\shot-classification\labeled_dataset\space_text\0071_cut_007.jpg,0071_cut_007.jpg,71,space_text,space,1,space_text
C:\Temp\shot-classification\labeled_dataset\wide_text\0071_cut_002.jpg,0071_cut_002.jpg,71,wide_text,wide,1,wide_text
C:\Temp\shot-classification\labeled_dataset\object_notext\0073_cut_002.jpg,0073_cut_002.jpg,73,object_notext,object,0,object_notext
C:\Temp\shot-classification\labeled_dataset\object_notext\0073_cut_003.jpg,0073_cut_003.jpg,73,object_notext,object,0,object_notext
C:\Temp\shot-classification\labeled_dataset\object_text\0073_cut_001.jpg,0073_cut_001.jpg,73,object_text,object,1,object_text
C:\Temp\shot-classification\labeled_dataset\space_notext\0073_cut_004.jpg,0073_cut_004.jpg,73,space_notext,space,0,space_notext
C:\Temp\shot-classification\labeled_dataset\object_text\0074_cut_001.jpg,0074_cut_001.jpg,74,object_text,object,1,object_text
C:\Temp\shot-classification\labeled_dataset\object_text\0074_cut_002.jpg,0074_cut_002.jpg,74,object_text,object,1,object_text
C:\Temp\shot-classification\labeled_dataset\object_text\0074_cut_005.jpg,0074_cut_005.jpg,74,object_text,object,1,object_text
C:\Temp\shot-classification\labeled_dataset\space_text\0074_cut_004.jpg,0074_cut_004.jpg,74,space_text,space,1,space_text
C:\Temp\shot-classification\labeled_dataset\wide_text\0074_cut_006.jpg,0074_cut_006.jpg,74,wide_text,wide,1,wide_text
C:\Temp\shot-classification\labeled_dataset\medium_text\0075_cut_002.jpg,0075_cut_002.jpg,75,medium_text,medium,1,medium_text
C:\Temp\shot-classification\labeled_dataset\medium_text\0075_cut_004.jpg,0075_cut_004.jpg,75,medium_text,medium,1,medium_text
C:\Temp\shot-classification\labeled_dataset\medium_text\0075_cut_005.jpg,0075_cut_005.jpg,75,medium_text,medium,1,medium_text
C:\Temp\shot-classification\labeled_dataset\medium_text\0075_cut_008.jpg,0075_cut_008.jpg,75,medium_text,medium,1,medium_text
C:\Temp\shot-classification\labeled_dataset\medium_text\0075_cut_009.jpg,0075_cut_009.jpg,75,medium_text,medium,1,medium_text
C:\Temp\shot-classification\labeled_dataset\medium_text\0075_cut_010.jpg,0075_cut_010.jpg,75,medium_text,medium,1,medium_text
C:\Temp\shot-classification\labeled_dataset\wide_text\0075_cut_001.jpg,0075_cut_001.jpg,75,wide_text,wide,1,wide_text
C:\Temp\shot-classification\labeled_dataset\wide_text\0075_cut_003.jpg,0075_cut_003.jpg,75,wide_text,wide,1,wide_text
C:\Temp\shot-classification\labeled_dataset\wide_text\0075_cut_006.jpg,0075_cut_006.jpg,75,wide_text,wide,1,wide_text
C:\Temp\shot-classification\labeled_dataset\wide_text\0075_cut_007.jpg,0075_cut_007.jpg,75,wide_text,wide,1,wide_text
C:\Temp\shot-classification\labeled_dataset\object_text\0076_cut_002.jpg,0076_cut_002.jpg,76,object_text,object,1,object_text
C:\Temp\shot-classification\labeled_dataset\object_text\0076_cut_004.jpg,0076_cut_004.jpg,76,object_text,object,1,object_text
C:\Temp\shot-classification\labeled_dataset\object_text\0076_cut_006.jpg,0076_cut_006.jpg,76,object_text,object,1,object_text
C:\Temp\shot-classification\labeled_dataset\object_text\0076_cut_008.jpg,0076_cut_008.jpg,76,object_text,object,1,object_text
C:\Temp\shot-classification\labeled_dataset\object_text\0076_cut_009.jpg,0076_cut_009.jpg,76,object_text,object,1,object_text
C:\Temp\shot-classification\labeled_dataset\object_text\0076_cut_010.jpg,0076_cut_010.jpg,76,object_text,object,1,object_text
C:\Temp\shot-classification\labeled_dataset\space_text\0076_cut_005.jpg,0076_cut_005.jpg,76,space_text,space,1,space_text
C:\Temp\shot-classification\labeled_dataset\wide_notext\0076_cut_001.jpg,0076_cut_001.jpg,76,wide_notext,wide,0,wide_notext
C:\Temp\shot-classification\labeled_dataset\wide_text\0076_cut_007.jpg,0076_cut_007.jpg,76,wide_text,wide,1,wide_text
C:\Temp\shot-classification\labeled_dataset\close-up_text\0077_cut_008.jpg,0077_cut_008.jpg,77,close-up_text,close-up,1,close-up_text
C:\Temp\shot-classification\labeled_dataset\medium_text\0077_cut_009.jpg,0077_cut_009.jpg,77,medium_text,medium,1,medium_text
C:\Temp\shot-classification\labeled_dataset\object_text\0077_cut_001.jpg,0077_cut_001.jpg,77,object_text,object,1,object_text
C:\Temp\shot-classification\labeled_dataset\object_text\0077_cut_002.jpg,0077_cut_002.jpg,77,object_text,object,1,object_text
C:\Temp\shot-classification\labeled_dataset\object_text\0077_cut_003.jpg,0077_cut_003.jpg,77,object_text,object,1,object_text
C:\Temp\shot-classification\labeled_dataset\object_text\0077_cut_004.jpg,0077_cut_004.jpg,77,object_text,object,1,object_text
C:\Temp\shot-classification\labeled_dataset\object_text\0077_cut_005.jpg,0077_cut_005.jpg,77,object_text,object,1,object_text
C:\Temp\shot-classification\labeled_dataset\object_text\0077_cut_007.jpg,0077_cut_007.jpg,77,object_text,object,1,object_text
C:\Temp\shot-classification\labeled_dataset\object_text\0077_cut_010.jpg,0077_cut_010.jpg,77,object_text,object,1,object_text
C:\Temp\shot-classification\labeled_dataset\object_text\0077_cut_011.jpg,0077_cut_011.jpg,77,object_text,object,1,object_text
C:\Temp\shot-classification\labeled_dataset\object_text\0077_cut_012.jpg,0077_cut_012.jpg,77,object_text,object,1,object_text
C:\Temp\shot-classification\labeled_dataset\space_notext\0078_cut_001.jpg,0078_cut_001.jpg,78,space_notext,space,0,space_notext
C:\Temp\shot-classification\labeled_dataset\object_text\0079_cut_002.jpg,0079_cut_002.jpg,79,object_text,object,1,object_text
C:\Temp\shot-classification\labeled_dataset\object_text\0079_cut_003.jpg,0079_cut_003.jpg,79,object_text,object,1,object_text
C:\Temp\shot-classification\labeled_dataset\object_text\0079_cut_004.jpg,0079_cut_004.jpg,79,object_text,object,1,object_text
C:\Temp\shot-classification\labeled_dataset\object_text\0079_cut_006.jpg,0079_cut_006.jpg,79,object_text,object,1,object_text
C:\Temp\shot-classification\labeled_dataset\object_text\0079_cut_007.jpg,0079_cut_007.jpg,79,object_text,object,1,object_text
C:\Temp\shot-classification\labeled_dataset\object_text\0079_cut_008.jpg,0079_cut_008.jpg,79,object_text,object,1,object_text
C:\Temp\shot-classification\labeled_dataset\object_text\0079_cut_009.jpg,0079_cut_009.jpg,79,object_text,object,1,object_text
C:\Temp\shot-classification\labeled_dataset\object_text\0079_cut_010.jpg,0079_cut_010.jpg,79,object_text,object,1,object_text
C:\Temp\shot-classification\labeled_dataset\space_text\0079_cut_001.jpg,0079_cut_001.jpg,79,space_text,space,1,space_text
C:\Temp\shot-classification\labeled_dataset\medium_text\0080_cut_003.jpg,0080_cut_003.jpg,80,medium_text,medium,1,medium_text
C:\Temp\shot-classification\labeled_dataset\medium_text\0080_cut_004.jpg,0080_cut_004.jpg,80,medium_text,medium,1,medium_text
C:\Temp\shot-classification\labeled_dataset\medium_text\0080_cut_011.jpg,0080_cut_011.jpg,80,medium_text,medium,1,medium_text
C:\Temp\shot-classification\labeled_dataset\object_text\0080_cut_005.jpg,0080_cut_005.jpg,80,object_text,object,1,object_text
C:\Temp\shot-classification\labeled_dataset\object_text\0080_cut_009.jpg,0080_cut_009.jpg,80,object_text,object,1,object_text
C:\Temp\shot-classification\labeled_dataset\object_text\0080_cut_010.jpg,0080_cut_010.jpg,80,object_text,object,1,object_text
C:\Temp\shot-classification\labeled_dataset\object_text\0080_cut_015.jpg,0080_cut_015.jpg,80,object_text,object,1,object_text
C:\Temp\shot-classification\labeled_dataset\space_text\0080_cut_001.jpg,0080_cut_001.jpg,80,space_text,space,1,space_text
C:\Temp\shot-classification\labeled_dataset\space_text\0080_cut_002.jpg,0080_cut_002.jpg,80,space_text,space,1,space_text
C:\Temp\shot-classification\labeled_dataset\space_text\0080_cut_013.jpg,0080_cut_013.jpg,80,space_text,space,1,space_text
C:\Temp\shot-classification\labeled_dataset\space_text\0080_cut_014.jpg,0080_cut_014.jpg,80,space_text,space,1,space_text
C:\Temp\shot-classification\labeled_dataset\wide_text\0080_cut_006.jpg,0080_cut_006.jpg,80,wide_text,wide,1,wide_text
C:\Temp\shot-classification\labeled_dataset\wide_text\0080_cut_008.jpg,0080_cut_008.jpg,80,wide_text,wide,1,wide_text
C:\Temp\shot-classification\labeled_dataset\close-up_notext\0081_cut_002.jpg,0081_cut_002.jpg,81,close-up_notext,close-up,0,close-up_notext
C:\Temp\shot-classification\labeled_dataset\close-up_notext\0081_cut_003.jpg,0081_cut_003.jpg,81,close-up_notext,close-up,0,close-up_notext
C:\Temp\shot-classification\labeled_dataset\medium_notext\0081_cut_004.jpg,0081_cut_004.jpg,81,medium_notext,medium,0,medium_notext
C:\Temp\shot-classification\labeled_dataset\wide_notext\0081_cut_001.jpg,0081_cut_001.jpg,81,wide_notext,wide,0,wide_notext
C:\Temp\shot-classification\labeled_dataset\wide_notext\0081_cut_005.jpg,0081_cut_005.jpg,81,wide_notext,wide,0,wide_notext
C:\Temp\shot-classification\labeled_dataset\medium_text\0082_cut_001.jpg,0082_cut_001.jpg,82,medium_text,medium,1,medium_text
C:\Temp\shot-classification\labeled_dataset\medium_text\0082_cut_002.jpg,0082_cut_002.jpg,82,medium_text,medium,1,medium_text
C:\Temp\shot-classification\labeled_dataset\medium_text\0082_cut_004.jpg,0082_cut_004.jpg,82,medium_text,medium,1,medium_text
C:\Temp\shot-classification\labeled_dataset\medium_text\0082_cut_005.jpg,0082_cut_005.jpg,82,medium_text,medium,1,medium_text
C:\Temp\shot-classification\labeled_dataset\medium_text\0082_cut_007.jpg,0082_cut_007.jpg,82,medium_text,medium,1,medium_text
C:\Temp\shot-classification\labeled_dataset\medium_text\0082_cut_008.jpg,0082_cut_008.jpg,82,medium_text,medium,1,medium_text
C:\Temp\shot-classification\labeled_dataset\medium_text\0082_cut_009.jpg,0082_cut_009.jpg,82,medium_text,medium,1,medium_text
C:\Temp\shot-classification\labeled_dataset\medium_text\0082_cut_010.jpg,0082_cut_010.jpg,82,medium_text,medium,1,medium_text
C:\Temp\shot-classification\labeled_dataset\medium_text\0082_cut_011.jpg,0082_cut_011.jpg,82,medium_text,medium,1,medium_text
C:\Temp\shot-classification\labeled_dataset\medium_text\0082_cut_012.jpg,0082_cut_012.jpg,82,medium_text,medium,1,medium_text
C:\Temp\shot-classification\labeled_dataset\medium_text\0082_cut_013.jpg,0082_cut_013.jpg,82,medium_text,medium,1,medium_text
C:\Temp\shot-classification\labeled_dataset\medium_text\0082_cut_014.jpg,0082_cut_014.jpg,82,medium_text,medium,1,medium_text
C:\Temp\shot-classification\labeled_dataset\medium_text\0082_cut_018.jpg,0082_cut_018.jpg,82,medium_text,medium,1,medium_text
C:\Temp\shot-classification\labeled_dataset\object_text\0082_cut_015.jpg,0082_cut_015.jpg,82,object_text,object,1,object_text
C:\Temp\shot-classification\labeled_dataset\wide_text\0082_cut_003.jpg,0082_cut_003.jpg,82,wide_text,wide,1,wide_text
C:\Temp\shot-classification\labeled_dataset\wide_text\0082_cut_006.jpg,0082_cut_006.jpg,82,wide_text,wide,1,wide_text
C:\Temp\shot-classification\labeled_dataset\wide_text\0082_cut_016.jpg,0082_cut_016.jpg,82,wide_text,wide,1,wide_text
C:\Temp\shot-classification\labeled_dataset\wide_text\0082_cut_017.jpg,0082_cut_017.jpg,82,wide_text,wide,1,wide_text
C:\Temp\shot-classification\labeled_dataset\wide_text\0083_cut_001.jpg,0083_cut_001.jpg,83,wide_text,wide,1,wide_text
C:\Temp\shot-classification\labeled_dataset\wide_text\0083_cut_002.jpg,0083_cut_002.jpg,83,wide_text,wide,1,wide_text
C:\Temp\shot-classification\labeled_dataset\wide_text\0083_cut_003.jpg,0083_cut_003.jpg,83,wide_text,wide,1,wide_text
C:\Temp\shot-classification\labeled_dataset\wide_text\0083_cut_004.jpg,0083_cut_004.jpg,83,wide_text,wide,1,wide_text
C:\Temp\shot-classification\labeled_dataset\close-up_notext\0084_cut_004.jpg,0084_cut_004.jpg,84,close-up_notext,close-up,0,close-up_notext
C:\Temp\shot-classification\labeled_dataset\close-up_text\0084_cut_001.jpg,0084_cut_001.jpg,84,close-up_text,close-up,1,close-up_text
C:\Temp\shot-classification\labeled_dataset\medium_notext\0084_cut_002.jpg,0084_cut_002.jpg,84,medium_notext,medium,0,medium_notext
C:\Temp\shot-classification\labeled_dataset\medium_notext\0084_cut_003.jpg,0084_cut_003.jpg,84,medium_notext,medium,0,medium_notext
C:\Temp\shot-classification\labeled_dataset\medium_notext\0084_cut_007.jpg,0084_cut_007.jpg,84,medium_notext,medium,0,medium_notext
C:\Temp\shot-classification\labeled_dataset\medium_notext\0084_cut_008.jpg,0084_cut_008.jpg,84,medium_notext,medium,0,medium_notext
C:\Temp\shot-classification\labeled_dataset\wide_notext\0084_cut_006.jpg,0084_cut_006.jpg,84,wide_notext,wide,0,wide_notext
C:\Temp\shot-classification\labeled_dataset\close-up_notext\0085_cut_003.jpg,0085_cut_003.jpg,85,close-up_notext,close-up,0,close-up_notext
C:\Temp\shot-classification\labeled_dataset\close-up_notext\0085_cut_007.jpg,0085_cut_007.jpg,85,close-up_notext,close-up,0,close-up_notext
C:\Temp\shot-classification\labeled_dataset\close-up_notext\0085_cut_008.jpg,0085_cut_008.jpg,85,close-up_notext,close-up,0,close-up_notext
C:\Temp\shot-classification\labeled_dataset\close-up_text\0085_cut_001.jpg,0085_cut_001.jpg,85,close-up_text,close-up,1,close-up_text
C:\Temp\shot-classification\labeled_dataset\close-up_text\0085_cut_002.jpg,0085_cut_002.jpg,85,close-up_text,close-up,1,close-up_text
C:\Temp\shot-classification\labeled_dataset\close-up_text\0085_cut_004.jpg,0085_cut_004.jpg,85,close-up_text,close-up,1,close-up_text
C:\Temp\shot-classification\labeled_dataset\close-up_text\0085_cut_005.jpg,0085_cut_005.jpg,85,close-up_text,close-up,1,close-up_text
C:\Temp\shot-classification\labeled_dataset\close-up_text\0085_cut_006.jpg,0085_cut_006.jpg,85,close-up_text,close-up,1,close-up_text
C:\Temp\shot-classification\labeled_dataset\close-up_text\0085_cut_009.jpg,0085_cut_009.jpg,85,close-up_text,close-up,1,close-up_text
C:\Temp\shot-classification\labeled_dataset\close-up_text\0085_cut_010.jpg,0085_cut_010.jpg,85,close-up_text,close-up,1,close-up_text
C:\Temp\shot-classification\labeled_dataset\medium_text\0086_cut_001.jpg,0086_cut_001.jpg,86,medium_text,medium,1,medium_text
C:\Temp\shot-classification\labeled_dataset\medium_text\0086_cut_002.jpg,0086_cut_002.jpg,86,medium_text,medium,1,medium_text
C:\Temp\shot-classification\labeled_dataset\medium_text\0086_cut_003.jpg,0086_cut_003.jpg,86,medium_text,medium,1,medium_text
C:\Temp\shot-classification\labeled_dataset\medium_text\0086_cut_004.jpg,0086_cut_004.jpg,86,medium_text,medium,1,medium_text
C:\Temp\shot-classification\labeled_dataset\close-up_text\0087_cut_012.jpg,0087_cut_012.jpg,87,close-up_text,close-up,1,close-up_text
C:\Temp\shot-classification\labeled_dataset\medium_notext\0087_cut_001.jpg,0087_cut_001.jpg,87,medium_notext,medium,0,medium_notext
C:\Temp\shot-classification\labeled_dataset\medium_text\0087_cut_003.jpg,0087_cut_003.jpg,87,medium_text,medium,1,medium_text
C:\Temp\shot-classification\labeled_dataset\medium_text\0087_cut_004.jpg,0087_cut_004.jpg,87,medium_text,medium,1,medium_text
C:\Temp\shot-classification\labeled_dataset\medium_text\0087_cut_005.jpg,0087_cut_005.jpg,87,medium_text,medium,1,medium_text
C:\Temp\shot-classification\labeled_dataset\medium_text\0087_cut_006.jpg,0087_cut_006.jpg,87,medium_text,medium,1,medium_text
C:\Temp\shot-classification\labeled_dataset\medium_text\0087_cut_008.jpg,0087_cut_008.jpg,87,medium_text,medium,1,medium_text
C:\Temp\shot-classification\labeled_dataset\medium_text\0087_cut_009.jpg,0087_cut_009.jpg,87,medium_text,medium,1,medium_text
C:\Temp\shot-classification\labeled_dataset\medium_text\0087_cut_010.jpg,0087_cut_010.jpg,87,medium_text,medium,1,medium_text
C:\Temp\shot-classification\labeled_dataset\medium_text\0087_cut_011.jpg,0087_cut_011.jpg,87,medium_text,medium,1,medium_text
C:\Temp\shot-classification\labeled_dataset\medium_text\0087_cut_013.jpg,0087_cut_013.jpg,87,medium_text,medium,1,medium_text
C:\Temp\shot-classification\labeled_dataset\medium_text\0087_cut_014.jpg,0087_cut_014.jpg,87,medium_text,medium,1,medium_text
C:\Temp\shot-classification\labeled_dataset\object_text\0087_cut_007.jpg,0087_cut_007.jpg,87,object_text,object,1,object_text
C:\Temp\shot-classification\labeled_dataset\wide_text\0087_cut_002.jpg,0087_cut_002.jpg,87,wide_text,wide,1,wide_text
C:\Temp\shot-classification\labeled_dataset\medium_text\0088_cut_001.jpg,0088_cut_001.jpg,88,medium_text,medium,1,medium_text
C:\Temp\shot-classification\labeled_dataset\close-up_notext\0089_cut_001.jpg,0089_cut_001.jpg,89,close-up_notext,close-up,0,close-up_notext
C:\Temp\shot-classification\labeled_dataset\close-up_text\0089_cut_003.jpg,0089_cut_003.jpg,89,close-up_text,close-up,1,close-up_text
C:\Temp\shot-classification\labeled_dataset\medium_notext\0089_cut_007.jpg,0089_cut_007.jpg,89,medium_notext,medium,0,medium_notext
C:\Temp\shot-classification\labeled_dataset\medium_notext\0089_cut_011.jpg,0089_cut_011.jpg,89,medium_notext,medium,0,medium_notext
C:\Temp\shot-classification\labeled_dataset\medium_text\0089_cut_008.jpg,0089_cut_008.jpg,89,medium_text,medium,1,medium_text
C:\Temp\shot-classification\labeled_dataset\medium_text\0089_cut_009.jpg,0089_cut_009.jpg,89,medium_text,medium,1,medium_text
C:\Temp\shot-classification\labeled_dataset\object_text\0089_cut_004.jpg,0089_cut_004.jpg,89,object_text,object,1,object_text
C:\Temp\shot-classification\labeled_dataset\object_text\0089_cut_005.jpg,0089_cut_005.jpg,89,object_text,object,1,object_text
C:\Temp\shot-classification\labeled_dataset\object_text\0089_cut_006.jpg,0089_cut_006.jpg,89,object_text,object,1,object_text
C:\Temp\shot-classification\labeled_dataset\object_text\0089_cut_010.jpg,0089_cut_010.jpg,89,object_text,object,1,object_text
C:\Temp\shot-classification\labeled_dataset\object_text\0089_cut_012.jpg,0089_cut_012.jpg,89,object_text,object,1,object_text
C:\Temp\shot-classification\labeled_dataset\wide_text\0089_cut_002.jpg,0089_cut_002.jpg,89,wide_text,wide,1,wide_text
C:\Temp\shot-classification\labeled_dataset\wide_text\0089_cut_013.jpg,0089_cut_013.jpg,89,wide_text,wide,1,wide_text
C:\Temp\shot-classification\labeled_dataset\wide_text\0089_cut_014.jpg,0089_cut_014.jpg,89,wide_text,wide,1,wide_text
C:\Temp\shot-classification\labeled_dataset\space_notext\0090_cut_003.jpg,0090_cut_003.jpg,90,space_notext,space,0,space_notext
C:\Temp\shot-classification\labeled_dataset\space_notext\0090_cut_004.jpg,0090_cut_004.jpg,90,space_notext,space,0,space_notext
C:\Temp\shot-classification\labeled_dataset\space_notext\0090_cut_005.jpg,0090_cut_005.jpg,90,space_notext,space,0,space_notext
C:\Temp\shot-classification\labeled_dataset\space_notext\0090_cut_006.jpg,0090_cut_006.jpg,90,space_notext,space,0,space_notext
C:\Temp\shot-classification\labeled_dataset\wide_notext\0090_cut_002.jpg,0090_cut_002.jpg,90,wide_notext,wide,0,wide_notext
C:\Temp\shot-classification\labeled_dataset\wide_text\0090_cut_001.jpg,0090_cut_001.jpg,90,wide_text,wide,1,wide_text
C:\Temp\shot-classification\labeled_dataset\close-up_text\0091_cut_004.jpg,0091_cut_004.jpg,91,close-up_text,close-up,1,close-up_text
C:\Temp\shot-classification\labeled_dataset\medium_text\0091_cut_006.jpg,0091_cut_006.jpg,91,medium_text,medium,1,medium_text
C:\Temp\shot-classification\labeled_dataset\object_text\0091_cut_002.jpg,0091_cut_002.jpg,91,object_text,object,1,object_text
C:\Temp\shot-classification\labeled_dataset\object_text\0091_cut_003.jpg,0091_cut_003.jpg,91,object_text,object,1,object_text
C:\Temp\shot-classification\labeled_dataset\object_text\0091_cut_005.jpg,0091_cut_005.jpg,91,object_text,object,1,object_text
C:\Temp\shot-classification\labeled_dataset\medium_text\0092_cut_017.jpg,0092_cut_017.jpg,92,medium_text,medium,1,medium_text
C:\Temp\shot-classification\labeled_dataset\medium_text\0092_cut_018.jpg,0092_cut_018.jpg,92,medium_text,medium,1,medium_text
C:\Temp\shot-classification\labeled_dataset\object_text\0092_cut_002.jpg,0092_cut_002.jpg,92,object_text,object,1,object_text
C:\Temp\shot-classification\labeled_dataset\object_text\0092_cut_003.jpg,0092_cut_003.jpg,92,object_text,object,1,object_text
C:\Temp\shot-classification\labeled_dataset\object_text\0092_cut_004.jpg,0092_cut_004.jpg,92,object_text,object,1,object_text
C:\Temp\shot-classification\labeled_dataset\object_text\0092_cut_005.jpg,0092_cut_005.jpg,92,object_text,object,1,object_text
C:\Temp\shot-classification\labeled_dataset\object_text\0092_cut_006.jpg,0092_cut_006.jpg,92,object_text,object,1,object_text
C:\Temp\shot-classification\labeled_dataset\object_text\0092_cut_007.jpg,0092_cut_007.jpg,92,object_text,object,1,object_text
C:\Temp\shot-classification\labeled_dataset\object_text\0092_cut_008.jpg,0092_cut_008.jpg,92,object_text,object,1,object_text
C:\Temp\shot-classification\labeled_dataset\object_text\0092_cut_009.jpg,0092_cut_009.jpg,92,object_text,object,1,object_text
C:\Temp\shot-classification\labeled_dataset\object_text\0092_cut_010.jpg,0092_cut_010.jpg,92,object_text,object,1,object_text
C:\Temp\shot-classification\labeled_dataset\object_text\0092_cut_011.jpg,0092_cut_011.jpg,92,object_text,object,1,object_text
C:\Temp\shot-classification\labeled_dataset\object_text\0092_cut_012.jpg,0092_cut_012.jpg,92,object_text,object,1,object_text
C:\Temp\shot-classification\labeled_dataset\object_text\0092_cut_013.jpg,0092_cut_013.jpg,92,object_text,object,1,object_text
C:\Temp\shot-classification\labeled_dataset\object_text\0092_cut_014.jpg,0092_cut_014.jpg,92,object_text,object,1,object_text
C:\Temp\shot-classification\labeled_dataset\space_text\0092_cut_015.jpg,0092_cut_015.jpg,92,space_text,space,1,space_text
C:\Temp\shot-classification\labeled_dataset\close-up_text\0093_cut_002.jpg,0093_cut_002.jpg,93,close-up_text,close-up,1,close-up_text
C:\Temp\shot-classification\labeled_dataset\close-up_text\0093_cut_012.jpg,0093_cut_012.jpg,93,close-up_text,close-up,1,close-up_text
C:\Temp\shot-classification\labeled_dataset\close-up_text\0093_cut_018.jpg,0093_cut_018.jpg,93,close-up_text,close-up,1,close-up_text
C:\Temp\shot-classification\labeled_dataset\medium_notext\0093_cut_001.jpg,0093_cut_001.jpg,93,medium_notext,medium,0,medium_notext
C:\Temp\shot-classification\labeled_dataset\medium_notext\0093_cut_019.jpg,0093_cut_019.jpg,93,medium_notext,medium,0,medium_notext
C:\Temp\shot-classification\labeled_dataset\medium_text\0093_cut_003.jpg,0093_cut_003.jpg,93,medium_text,medium,1,medium_text
C:\Temp\shot-classification\labeled_dataset\medium_text\0093_cut_004.jpg,0093_cut_004.jpg,93,medium_text,medium,1,medium_text
C:\Temp\shot-classification\labeled_dataset\medium_text\0093_cut_005.jpg,0093_cut_005.jpg,93,medium_text,medium,1,medium_text
C:\Temp\shot-classification\labeled_dataset\medium_text\0093_cut_008.jpg,0093_cut_008.jpg,93,medium_text,medium,1,medium_text
C:\Temp\shot-classification\labeled_dataset\medium_text\0093_cut_009.jpg,0093_cut_009.jpg,93,medium_text,medium,1,medium_text
C:\Temp\shot-classification\labeled_dataset\medium_text\0093_cut_011.jpg,0093_cut_011.jpg,93,medium_text,medium,1,medium_text
C:\Temp\shot-classification\labeled_dataset\medium_text\0093_cut_013.jpg,0093_cut_013.jpg,93,medium_text,medium,1,medium_text
C:\Temp\shot-classification\labeled_dataset\medium_text\0093_cut_014.jpg,0093_cut_014.jpg,93,medium_text,medium,1,medium_text
C:\Temp\shot-classification\labeled_dataset\medium_text\0093_cut_015.jpg,0093_cut_015.jpg,93,medium_text,medium,1,medium_text
C:\Temp\shot-classification\labeled_dataset\medium_text\0093_cut_016.jpg,0093_cut_016.jpg,93,medium_text,medium,1,medium_text
C:\Temp\shot-classification\labeled_dataset\wide_text\0093_cut_006.jpg,0093_cut_006.jpg,93,wide_text,wide,1,wide_text
C:\Temp\shot-classification\labeled_dataset\wide_text\0093_cut_007.jpg,0093_cut_007.jpg,93,wide_text,wide,1,wide_text
C:\Temp\shot-classification\labeled_dataset\wide_text\0093_cut_017.jpg,0093_cut_017.jpg,93,wide_text,wide,1,wide_text
C:\Temp\shot-classification\labeled_dataset\wide_notext\0094_cut_002.jpg,0094_cut_002.jpg,94,wide_notext,wide,0,wide_notext
C:\Temp\shot-classification\labeled_dataset\object_notext\0095_cut_001.jpg,0095_cut_001.jpg,95,object_notext,object,0,object_notext
C:\Temp\shot-classification\labeled_dataset\object_text\0095_cut_002.jpg,0095_cut_002.jpg,95,object_text,object,1,object_text
C:\Temp\shot-classification\labeled_dataset\object_text\0095_cut_004.jpg,0095_cut_004.jpg,95,object_text,object,1,object_text
C:\Temp\shot-classification\labeled_dataset\object_text\0095_cut_005.jpg,0095_cut_005.jpg,95,object_text,object,1,object_text
C:\Temp\shot-classification\labeled_dataset\object_text\0095_cut_006.jpg,0095_cut_006.jpg,95,object_text,object,1,object_text
C:\Temp\shot-classification\labeled_dataset\object_text\0095_cut_007.jpg,0095_cut_007.jpg,95,object_text,object,1,object_text
C:\Temp\shot-classification\labeled_dataset\close-up_text\0096_cut_006.jpg,0096_cut_006.jpg,96,close-up_text,close-up,1,close-up_text
C:\Temp\shot-classification\labeled_dataset\medium_text\0096_cut_001.jpg,0096_cut_001.jpg,96,medium_text,medium,1,medium_text
C:\Temp\shot-classification\labeled_dataset\medium_text\0096_cut_002.jpg,0096_cut_002.jpg,96,medium_text,medium,1,medium_text
C:\Temp\shot-classification\labeled_dataset\medium_text\0096_cut_003.jpg,0096_cut_003.jpg,96,medium_text,medium,1,medium_text
C:\Temp\shot-classification\labeled_dataset\medium_text\0096_cut_004.jpg,0096_cut_004.jpg,96,medium_text,medium,1,medium_text
C:\Temp\shot-classification\labeled_dataset\medium_text\0096_cut_007.jpg,0096_cut_007.jpg,96,medium_text,medium,1,medium_text
C:\Temp\shot-classification\labeled_dataset\medium_text\0096_cut_008.jpg,0096_cut_008.jpg,96,medium_text,medium,1,medium_text
C:\Temp\shot-classification\labeled_dataset\medium_text\0096_cut_009.jpg,0096_cut_009.jpg,96,medium_text,medium,1,medium_text
C:\Temp\shot-classification\labeled_dataset\object_text\0096_cut_005.jpg,0096_cut_005.jpg,96,object_text,object,1,object_text
C:\Temp\shot-classification\labeled_dataset\object_text\0096_cut_010.jpg,0096_cut_010.jpg,96,object_text,object,1,object_text
C:\Temp\shot-classification\labeled_dataset\object_text\0096_cut_012.jpg,0096_cut_012.jpg,96,object_text,object,1,object_text
C:\Temp\shot-classification\labeled_dataset\close-up_text\0097_cut_001.jpg,0097_cut_001.jpg,97,close-up_text,close-up,1,close-up_text
C:\Temp\shot-classification\labeled_dataset\close-up_text\0097_cut_003.jpg,0097_cut_003.jpg,97,close-up_text,close-up,1,close-up_text
C:\Temp\shot-classification\labeled_dataset\close-up_text\0097_cut_005.jpg,0097_cut_005.jpg,97,close-up_text,close-up,1,close-up_text
C:\Temp\shot-classification\labeled_dataset\close-up_text\0097_cut_007.jpg,0097_cut_007.jpg,97,close-up_text,close-up,1,close-up_text
C:\Temp\shot-classification\labeled_dataset\medium_text\0097_cut_008.jpg,0097_cut_008.jpg,97,medium_text,medium,1,medium_text
C:\Temp\shot-classification\labeled_dataset\space_text\0097_cut_002.jpg,0097_cut_002.jpg,97,space_text,space,1,space_text
C:\Temp\shot-classification\labeled_dataset\close-up_notext\0098_cut_003.jpg,0098_cut_003.jpg,98,close-up_notext,close-up,0,close-up_notext
C:\Temp\shot-classification\labeled_dataset\close-up_notext\0098_cut_004.jpg,0098_cut_004.jpg,98,close-up_notext,close-up,0,close-up_notext
C:\Temp\shot-classification\labeled_dataset\medium_notext\0098_cut_002.jpg,0098_cut_002.jpg,98,medium_notext,medium,0,medium_notext
C:\Temp\shot-classification\labeled_dataset\medium_text\0098_cut_001.jpg,0098_cut_001.jpg,98,medium_text,medium,1,medium_text
C:\Temp\shot-classification\labeled_dataset\medium_text\0099_cut_003.jpg,0099_cut_003.jpg,99,medium_text,medium,1,medium_text
C:\Temp\shot-classification\labeled_dataset\object_text\0099_cut_001.jpg,0099_cut_001.jpg,99,object_text,object,1,object_text
C:\Temp\shot-classification\labeled_dataset\space_text\0099_cut_002.jpg,0099_cut_002.jpg,99,space_text,space,1,space_text
C:\Temp\shot-classification\labeled_dataset\space_text\0099_cut_005.jpg,0099_cut_005.jpg,99,space_text,space,1,space_text
C:\Temp\shot-classification\labeled_dataset\wide_text\0099_cut_004.jpg,0099_cut_004.jpg,99,wide_text,wide,1,wide_text
C:\Temp\shot-classification\labeled_dataset\object_text\0100_cut_002.jpg,0100_cut_002.jpg,100,object_text,object,1,object_text
C:\Temp\shot-classification\labeled_dataset\object_text\0100_cut_003.jpg,0100_cut_003.jpg,100,object_text,object,1,object_text
C:\Temp\shot-classification\labeled_dataset\object_text\0100_cut_006.jpg,0100_cut_006.jpg,100,object_text,object,1,object_text
C:\Temp\shot-classification\labeled_dataset\object_text\0100_cut_007.jpg,0100_cut_007.jpg,100,object_text,object,1,object_text
C:\Temp\shot-classification\labeled_dataset\object_text\0100_cut_010.jpg,0100_cut_010.jpg,100,object_text,object,1,object_text
C:\Temp\shot-classification\labeled_dataset\space_notext\0101_cut_001.jpg,0101_cut_001.jpg,101,space_notext,space,0,space_notext
C:\Temp\shot-classification\labeled_dataset\space_text\0101_cut_002.jpg,0101_cut_002.jpg,101,space_text,space,1,space_text
C:\Temp\shot-classification\labeled_dataset\space_text\0101_cut_003.jpg,0101_cut_003.jpg,101,space_text,space,1,space_text
C:\Temp\shot-classification\labeled_dataset\close-up_text\0102_cut_002.jpg,0102_cut_002.jpg,102,close-up_text,close-up,1,close-up_text
C:\Temp\shot-classification\labeled_dataset\close-up_text\0102_cut_008.jpg,0102_cut_008.jpg,102,close-up_text,close-up,1,close-up_text
C:\Temp\shot-classification\labeled_dataset\close-up_text\0102_cut_013.jpg,0102_cut_013.jpg,102,close-up_text,close-up,1,close-up_text
C:\Temp\shot-classification\labeled_dataset\close-up_text\0102_cut_014.jpg,0102_cut_014.jpg,102,close-up_text,close-up,1,close-up_text
C:\Temp\shot-classification\labeled_dataset\object_text\0102_cut_001.jpg,0102_cut_001.jpg,102,object_text,object,1,object_text
C:\Temp\shot-classification\labeled_dataset\object_text\0102_cut_003.jpg,0102_cut_003.jpg,102,object_text,object,1,object_text
C:\Temp\shot-classification\labeled_dataset\object_text\0102_cut_004.jpg,0102_cut_004.jpg,102,object_text,object,1,object_text
C:\Temp\shot-classification\labeled_dataset\object_text\0102_cut_005.jpg,0102_cut_005.jpg,102,object_text,object,1,object_text
C:\Temp\shot-classification\labeled_dataset\object_text\0102_cut_006.jpg,0102_cut_006.jpg,102,object_text,object,1,object_text
C:\Temp\shot-classification\labeled_dataset\object_text\0102_cut_009.jpg,0102_cut_009.jpg,102,object_text,object,1,object_text
C:\Temp\shot-classification\labeled_dataset\object_text\0102_cut_010.jpg,0102_cut_010.jpg,102,object_text,object,1,object_text
C:\Temp\shot-classification\labeled_dataset\object_text\0102_cut_011.jpg,0102_cut_011.jpg,102,object_text,object,1,object_text
C:\Temp\shot-classification\labeled_dataset\object_text\0102_cut_012.jpg,0102_cut_012.jpg,102,object_text,object,1,object_text
C:\Temp\shot-classification\labeled_dataset\object_text\0103_cut_001.jpg,0103_cut_001.jpg,103,object_text,object,1,object_text
C:\Temp\shot-classification\labeled_dataset\object_text\0103_cut_002.jpg,0103_cut_002.jpg,103,object_text,object,1,object_text
C:\Temp\shot-classification\labeled_dataset\object_text\0103_cut_004.jpg,0103_cut_004.jpg,103,object_text,object,1,object_text
C:\Temp\shot-classification\labeled_dataset\object_text\0103_cut_005.jpg,0103_cut_005.jpg,103,object_text,object,1,object_text
C:\Temp\shot-classification\labeled_dataset\object_text\0103_cut_006.jpg,0103_cut_006.jpg,103,object_text,object,1,object_text
C:\Temp\shot-classification\labeled_dataset\object_text\0103_cut_007.jpg,0103_cut_007.jpg,103,object_text,object,1,object_text
C:\Temp\shot-classification\labeled_dataset\space_text\0103_cut_003.jpg,0103_cut_003.jpg,103,space_text,space,1,space_text
C:\Temp\shot-classification\labeled_dataset\object_notext\0104_cut_003.jpg,0104_cut_003.jpg,104,object_notext,object,0,object_notext
C:\Temp\shot-classification\labeled_dataset\object_text\0104_cut_001.jpg,0104_cut_001.jpg,104,object_text,object,1,object_text
C:\Temp\shot-classification\labeled_dataset\object_text\0104_cut_002.jpg,0104_cut_002.jpg,104,object_text,object,1,object_text
C:\Temp\shot-classification\labeled_dataset\space_text\0104_cut_004.jpg,0104_cut_004.jpg,104,space_text,space,1,space_text
C:\Temp\shot-classification\labeled_dataset\close-up_text\0105_cut_003.jpg,0105_cut_003.jpg,105,close-up_text,close-up,1,close-up_text
C:\Temp\shot-classification\labeled_dataset\medium_notext\0105_cut_001.jpg,0105_cut_001.jpg,105,medium_notext,medium,0,medium_notext
C:\Temp\shot-classification\labeled_dataset\medium_text\0105_cut_009.jpg,0105_cut_009.jpg,105,medium_text,medium,1,medium_text
C:\Temp\shot-classification\labeled_dataset\object_notext\0105_cut_008.jpg,0105_cut_008.jpg,105,object_notext,object,0,object_notext
C:\Temp\shot-classification\labeled_dataset\object_text\0105_cut_005.jpg,0105_cut_005.jpg,105,object_text,object,1,object_text
C:\Temp\shot-classification\labeled_dataset\object_text\0105_cut_006.jpg,0105_cut_006.jpg,105,object_text,object,1,object_text
C:\Temp\shot-classification\labeled_dataset\object_text\0105_cut_007.jpg,0105_cut_007.jpg,105,object_text,object,1,object_text
C:\Temp\shot-classification\labeled_dataset\medium_notext\0106_cut_008.jpg,0106_cut_008.jpg,106,medium_notext,medium,0,medium_notext
C:\Temp\shot-classification\labeled_dataset\space_notext\0106_cut_001.jpg,0106_cut_001.jpg,106,space_notext,space,0,space_notext
C:\Temp\shot-classification\labeled_dataset\space_notext\0106_cut_002.jpg,0106_cut_002.jpg,106,space_notext,space,0,space_notext
C:\Temp\shot-classification\labeled_dataset\space_notext\0106_cut_004.jpg,0106_cut_004.jpg,106,space_notext,space,0,space_notext
C:\Temp\shot-classification\labeled_dataset\space_notext\0106_cut_006.jpg,0106_cut_006.jpg,106,space_notext,space,0,space_notext
C:\Temp\shot-classification\labeled_dataset\space_text\0106_cut_003.jpg,0106_cut_003.jpg,106,space_text,space,1,space_text
C:\Temp\shot-classification\labeled_dataset\space_text\0106_cut_005.jpg,0106_cut_005.jpg,106,space_text,space,1,space_text
C:\Temp\shot-classification\labeled_dataset\space_text\0106_cut_007.jpg,0106_cut_007.jpg,106,space_text,space,1,space_text
C:\Temp\shot-classification\labeled_dataset\space_notext\0107_cut_001.jpg,0107_cut_001.jpg,107,space_notext,space,0,space_notext
C:\Temp\shot-classification\labeled_dataset\wide_notext\0107_cut_002.jpg,0107_cut_002.jpg,107,wide_notext,wide,0,wide_notext
C:\Temp\shot-classification\labeled_dataset\wide_notext\0107_cut_003.jpg,0107_cut_003.jpg,107,wide_notext,wide,0,wide_notext
C:\Temp\shot-classification\labeled_dataset\wide_notext\0107_cut_004.jpg,0107_cut_004.jpg,107,wide_notext,wide,0,wide_notext
C:\Temp\shot-classification\labeled_dataset\medium_notext\0108_cut_014.jpg,0108_cut_014.jpg,108,medium_notext,medium,0,medium_notext
C:\Temp\shot-classification\labeled_dataset\medium_text\0108_cut_006.jpg,0108_cut_006.jpg,108,medium_text,medium,1,medium_text
C:\Temp\shot-classification\labeled_dataset\medium_text\0108_cut_008.jpg,0108_cut_008.jpg,108,medium_text,medium,1,medium_text
C:\Temp\shot-classification\labeled_dataset\object_notext\0108_cut_013.jpg,0108_cut_013.jpg,108,object_notext,object,0,object_notext
C:\Temp\shot-classification\labeled_dataset\object_text\0108_cut_003.jpg,0108_cut_003.jpg,108,object_text,object,1,object_text
C:\Temp\shot-classification\labeled_dataset\object_text\0108_cut_005.jpg,0108_cut_005.jpg,108,object_text,object,1,object_text
C:\Temp\shot-classification\labeled_dataset\object_text\0108_cut_007.jpg,0108_cut_007.jpg,108,object_text,object,1,object_text
C:\Temp\shot-classification\labeled_dataset\object_text\0108_cut_009.jpg,0108_cut_009.jpg,108,object_text,object,1,object_text
C:\Temp\shot-classification\labeled_dataset\object_text\0108_cut_010.jpg,0108_cut_010.jpg,108,object_text,object,1,object_text
C:\Temp\shot-classification\labeled_dataset\object_text\0108_cut_011.jpg,0108_cut_011.jpg,108,object_text,object,1,object_text
C:\Temp\shot-classification\labeled_dataset\object_text\0108_cut_012.jpg,0108_cut_012.jpg,108,object_text,object,1,object_text
C:\Temp\shot-classification\labeled_dataset\space_notext\0108_cut_001.jpg,0108_cut_001.jpg,108,space_notext,space,0,space_notext
C:\Temp\shot-classification\labeled_dataset\space_text\0108_cut_002.jpg,0108_cut_002.jpg,108,space_text,space,1,space_text
C:\Temp\shot-classification\labeled_dataset\wide_text\0108_cut_004.jpg,0108_cut_004.jpg,108,wide_text,wide,1,wide_text
C:\Temp\shot-classification\labeled_dataset\medium_notext\0109_cut_010.jpg,0109_cut_010.jpg,109,medium_notext,medium,0,medium_notext
C:\Temp\shot-classification\labeled_dataset\medium_notext\0109_cut_012.jpg,0109_cut_012.jpg,109,medium_notext,medium,0,medium_notext
C:\Temp\shot-classification\labeled_dataset\medium_notext\0109_cut_016.jpg,0109_cut_016.jpg,109,medium_notext,medium,0,medium_notext
C:\Temp\shot-classification\labeled_dataset\medium_text\0109_cut_001.jpg,0109_cut_001.jpg,109,medium_text,medium,1,medium_text
C:\Temp\shot-classification\labeled_dataset\medium_text\0109_cut_002.jpg,0109_cut_002.jpg,109,medium_text,medium,1,medium_text
C:\Temp\shot-classification\labeled_dataset\medium_text\0109_cut_003.jpg,0109_cut_003.jpg,109,medium_text,medium,1,medium_text
C:\Temp\shot-classification\labeled_dataset\medium_text\0109_cut_008.jpg,0109_cut_008.jpg,109,medium_text,medium,1,medium_text
C:\Temp\shot-classification\labeled_dataset\medium_text\0109_cut_009.jpg,0109_cut_009.jpg,109,medium_text,medium,1,medium_text
C:\Temp\shot-classification\labeled_dataset\medium_text\0109_cut_011.jpg,0109_cut_011.jpg,109,medium_text,medium,1,medium_text
C:\Temp\shot-classification\labeled_dataset\medium_text\0109_cut_013.jpg,0109_cut_013.jpg,109,medium_text,medium,1,medium_text
C:\Temp\shot-classification\labeled_dataset\medium_text\0109_cut_014.jpg,0109_cut_014.jpg,109,medium_text,medium,1,medium_text
C:\Temp\shot-classification\labeled_dataset\medium_text\0109_cut_015.jpg,0109_cut_015.jpg,109,medium_text,medium,1,medium_text
C:\Temp\shot-classification\labeled_dataset\medium_text\0109_cut_017.jpg,0109_cut_017.jpg,109,medium_text,medium,1,medium_text
C:\Temp\shot-classification\labeled_dataset\medium_text\0109_cut_018.jpg,0109_cut_018.jpg,109,medium_text,medium,1,medium_text
C:\Temp\shot-classification\labeled_dataset\medium_text\0109_cut_019.jpg,0109_cut_019.jpg,109,medium_text,medium,1,medium_text
C:\Temp\shot-classification\labeled_dataset\medium_text\0109_cut_020.jpg,0109_cut_020.jpg,109,medium_text,medium,1,medium_text
C:\Temp\shot-classification\labeled_dataset\object_notext\0109_cut_021.jpg,0109_cut_021.jpg,109,object_notext,object,0,object_notext
C:\Temp\shot-classification\labeled_dataset\wide_notext\0109_cut_006.jpg,0109_cut_006.jpg,109,wide_notext,wide,0,wide_notext
C:\Temp\shot-classification\labeled_dataset\wide_notext\0109_cut_007.jpg,0109_cut_007.jpg,109,wide_notext,wide,0,wide_notext
C:\Temp\shot-classification\labeled_dataset\wide_text\0109_cut_004.jpg,0109_cut_004.jpg,109,wide_text,wide,1,wide_text
C:\Temp\shot-classification\labeled_dataset\wide_text\0109_cut_005.jpg,0109_cut_005.jpg,109,wide_text,wide,1,wide_text
C:\Temp\shot-classification\labeled_dataset\medium_text\0110_cut_003.jpg,0110_cut_003.jpg,110,medium_text,medium,1,medium_text
C:\Temp\shot-classification\labeled_dataset\object_text\0110_cut_001.jpg,0110_cut_001.jpg,110,object_text,object,1,object_text
C:\Temp\shot-classification\labeled_dataset\object_text\0110_cut_004.jpg,0110_cut_004.jpg,110,object_text,object,1,object_text
C:\Temp\shot-classification\labeled_dataset\object_text\0110_cut_005.jpg,0110_cut_005.jpg,110,object_text,object,1,object_text
C:\Temp\shot-classification\labeled_dataset\wide_text\0110_cut_002.jpg,0110_cut_002.jpg,110,wide_text,wide,1,wide_text
C:\Temp\shot-classification\labeled_dataset\space_notext\0111_cut_001.jpg,0111_cut_001.jpg,111,space_notext,space,0,space_notext
C:\Temp\shot-classification\labeled_dataset\space_notext\0111_cut_002.jpg,0111_cut_002.jpg,111,space_notext,space,0,space_notext
C:\Temp\shot-classification\labeled_dataset\space_notext\0111_cut_003.jpg,0111_cut_003.jpg,111,space_notext,space,0,space_notext
C:\Temp\shot-classification\labeled_dataset\space_notext\0111_cut_004.jpg,0111_cut_004.jpg,111,space_notext,space,0,space_notext
C:\Temp\shot-classification\labeled_dataset\space_notext\0111_cut_005.jpg,0111_cut_005.jpg,111,space_notext,space,0,space_notext
C:\Temp\shot-classification\labeled_dataset\medium_text\0112_cut_001.jpg,0112_cut_001.jpg,112,medium_text,medium,1,medium_text
C:\Temp\shot-classification\labeled_dataset\medium_text\0112_cut_002.jpg,0112_cut_002.jpg,112,medium_text,medium,1,medium_text
C:\Temp\shot-classification\labeled_dataset\medium_text\0112_cut_003.jpg,0112_cut_003.jpg,112,medium_text,medium,1,medium_text
C:\Temp\shot-classification\labeled_dataset\medium_text\0112_cut_004.jpg,0112_cut_004.jpg,112,medium_text,medium,1,medium_text
C:\Temp\shot-classification\labeled_dataset\medium_text\0112_cut_005.jpg,0112_cut_005.jpg,112,medium_text,medium,1,medium_text
C:\Temp\shot-classification\labeled_dataset\medium_text\0112_cut_006.jpg,0112_cut_006.jpg,112,medium_text,medium,1,medium_text
C:\Temp\shot-classification\labeled_dataset\medium_text\0112_cut_007.jpg,0112_cut_007.jpg,112,medium_text,medium,1,medium_text
C:\Temp\shot-classification\labeled_dataset\medium_text\0112_cut_008.jpg,0112_cut_008.jpg,112,medium_text,medium,1,medium_text
C:\Temp\shot-classification\labeled_dataset\medium_text\0112_cut_009.jpg,0112_cut_009.jpg,112,medium_text,medium,1,medium_text
C:\Temp\shot-classification\labeled_dataset\medium_text\0112_cut_010.jpg,0112_cut_010.jpg,112,medium_text,medium,1,medium_text
C:\Temp\shot-classification\labeled_dataset\medium_text\0112_cut_011.jpg,0112_cut_011.jpg,112,medium_text,medium,1,medium_text
C:\Temp\shot-classification\labeled_dataset\medium_text\0112_cut_012.jpg,0112_cut_012.jpg,112,medium_text,medium,1,medium_text
C:\Temp\shot-classification\labeled_dataset\medium_text\0113_cut_001.jpg,0113_cut_001.jpg,113,medium_text,medium,1,medium_text
C:\Temp\shot-classification\labeled_dataset\medium_text\0113_cut_004.jpg,0113_cut_004.jpg,113,medium_text,medium,1,medium_text
C:\Temp\shot-classification\labeled_dataset\medium_text\0113_cut_005.jpg,0113_cut_005.jpg,113,medium_text,medium,1,medium_text
C:\Temp\shot-classification\labeled_dataset\medium_text\0113_cut_006.jpg,0113_cut_006.jpg,113,medium_text,medium,1,medium_text
C:\Temp\shot-classification\labeled_dataset\medium_text\0113_cut_007.jpg,0113_cut_007.jpg,113,medium_text,medium,1,medium_text
C:\Temp\shot-classification\labeled_dataset\medium_text\0113_cut_008.jpg,0113_cut_008.jpg,113,medium_text,medium,1,medium_text
C:\Temp\shot-classification\labeled_dataset\wide_text\0113_cut_002.jpg,0113_cut_002.jpg,113,wide_text,wide,1,wide_text
C:\Temp\shot-classification\labeled_dataset\wide_text\0113_cut_003.jpg,0113_cut_003.jpg,113,wide_text,wide,1,wide_text
C:\Temp\shot-classification\labeled_dataset\wide_text\0113_cut_009.jpg,0113_cut_009.jpg,113,wide_text,wide,1,wide_text
C:\Temp\shot-classification\labeled_dataset\wide_text\0113_cut_010.jpg,0113_cut_010.jpg,113,wide_text,wide,1,wide_text
C:\Temp\shot-classification\labeled_dataset\wide_text\0113_cut_011.jpg,0113_cut_011.jpg,113,wide_text,wide,1,wide_text
C:\Temp\shot-classification\labeled_dataset\wide_text\0113_cut_012.jpg,0113_cut_012.jpg,113,wide_text,wide,1,wide_text
C:\Temp\shot-classification\labeled_dataset\wide_text\0113_cut_013.jpg,0113_cut_013.jpg,113,wide_text,wide,1,wide_text
C:\Temp\shot-classification\labeled_dataset\close-up_notext\0114_cut_001.jpg,0114_cut_001.jpg,114,close-up_notext,close-up,0,close-up_notext
C:\Temp\shot-classification\labeled_dataset\close-up_notext\0114_cut_015.jpg,0114_cut_015.jpg,114,close-up_notext,close-up,0,close-up_notext
C:\Temp\shot-classification\labeled_dataset\close-up_text\0114_cut_004.jpg,0114_cut_004.jpg,114,close-up_text,close-up,1,close-up_text
C:\Temp\shot-classification\labeled_dataset\close-up_text\0114_cut_005.jpg,0114_cut_005.jpg,114,close-up_text,close-up,1,close-up_text
C:\Temp\shot-classification\labeled_dataset\close-up_text\0114_cut_006.jpg,0114_cut_006.jpg,114,close-up_text,close-up,1,close-up_text
C:\Temp\shot-classification\labeled_dataset\close-up_text\0114_cut_010.jpg,0114_cut_010.jpg,114,close-up_text,close-up,1,close-up_text
C:\Temp\shot-classification\labeled_dataset\close-up_text\0114_cut_011.jpg,0114_cut_011.jpg,114,close-up_text,close-up,1,close-up_text
C:\Temp\shot-classification\labeled_dataset\close-up_text\0114_cut_013.jpg,0114_cut_013.jpg,114,close-up_text,close-up,1,close-up_text
C:\Temp\shot-classification\labeled_dataset\close-up_text\0114_cut_014.jpg,0114_cut_014.jpg,114,close-up_text,close-up,1,close-up_text
C:\Temp\shot-classification\labeled_dataset\medium_notext\0114_cut_002.jpg,0114_cut_002.jpg,114,medium_notext,medium,0,medium_notext
C:\Temp\shot-classification\labeled_dataset\medium_text\0114_cut_009.jpg,0114_cut_009.jpg,114,medium_text,medium,1,medium_text
C:\Temp\shot-classification\labeled_dataset\medium_text\0114_cut_012.jpg,0114_cut_012.jpg,114,medium_text,medium,1,medium_text
C:\Temp\shot-classification\labeled_dataset\object_text\0114_cut_003.jpg,0114_cut_003.jpg,114,object_text,object,1,object_text
C:\Temp\shot-classification\labeled_dataset\object_text\0114_cut_008.jpg,0114_cut_008.jpg,114,object_text,object,1,object_text
C:\Temp\shot-classification\labeled_dataset\space_text\0114_cut_007.jpg,0114_cut_007.jpg,114,space_text,space,1,space_text
C:\Temp\shot-classification\labeled_dataset\medium_text\0115_cut_001.jpg,0115_cut_001.jpg,115,medium_text,medium,1,medium_text
C:\Temp\shot-classification\labeled_dataset\wide_text\0115_cut_002.jpg,0115_cut_002.jpg,115,wide_text,wide,1,wide_text
C:\Temp\shot-classification\labeled_dataset\wide_text\0115_cut_003.jpg,0115_cut_003.jpg,115,wide_text,wide,1,wide_text
C:\Temp\shot-classification\labeled_dataset\wide_text\0115_cut_004.jpg,0115_cut_004.jpg,115,wide_text,wide,1,wide_text
C:\Temp\shot-classification\labeled_dataset\space_notext\0116_cut_002.jpg,0116_cut_002.jpg,116,space_notext,space,0,space_notext
C:\Temp\shot-classification\labeled_dataset\medium_notext\0117_cut_001.jpg,0117_cut_001.jpg,117,medium_notext,medium,0,medium_notext
C:\Temp\shot-classification\labeled_dataset\medium_notext\0117_cut_003.jpg,0117_cut_003.jpg,117,medium_notext,medium,0,medium_notext
C:\Temp\shot-classification\labeled_dataset\object_notext\0117_cut_004.jpg,0117_cut_004.jpg,117,object_notext,object,0,object_notext
C:\Temp\shot-classification\labeled_dataset\space_text\0118_cut_001.jpg,0118_cut_001.jpg,118,space_text,space,1,space_text
C:\Temp\shot-classification\labeled_dataset\space_text\0118_cut_002.jpg,0118_cut_002.jpg,118,space_text,space,1,space_text
C:\Temp\shot-classification\labeled_dataset\space_text\0118_cut_003.jpg,0118_cut_003.jpg,118,space_text,space,1,space_text
C:\Temp\shot-classification\labeled_dataset\space_text\0118_cut_004.jpg,0118_cut_004.jpg,118,space_text,space,1,space_text
C:\Temp\shot-classification\labeled_dataset\space_text\0118_cut_005.jpg,0118_cut_005.jpg,118,space_text,space,1,space_text
C:\Temp\shot-classification\labeled_dataset\close-up_text\0119_cut_001.jpg,0119_cut_001.jpg,119,close-up_text,close-up,1,close-up_text
C:\Temp\shot-classification\labeled_dataset\close-up_text\0119_cut_002.jpg,0119_cut_002.jpg,119,close-up_text,close-up,1,close-up_text
C:\Temp\shot-classification\labeled_dataset\close-up_text\0119_cut_003.jpg,0119_cut_003.jpg,119,close-up_text,close-up,1,close-up_text
C:\Temp\shot-classification\labeled_dataset\close-up_text\0119_cut_004.jpg,0119_cut_004.jpg,119,close-up_text,close-up,1,close-up_text
C:\Temp\shot-classification\labeled_dataset\close-up_text\0119_cut_005.jpg,0119_cut_005.jpg,119,close-up_text,close-up,1,close-up_text
C:\Temp\shot-classification\labeled_dataset\close-up_text\0119_cut_011.jpg,0119_cut_011.jpg,119,close-up_text,close-up,1,close-up_text
C:\Temp\shot-classification\labeled_dataset\close-up_text\0119_cut_014.jpg,0119_cut_014.jpg,119,close-up_text,close-up,1,close-up_text
C:\Temp\shot-classification\labeled_dataset\medium_notext\0119_cut_012.jpg,0119_cut_012.jpg,119,medium_notext,medium,0,medium_notext
C:\Temp\shot-classification\labeled_dataset\medium_notext\0119_cut_013.jpg,0119_cut_013.jpg,119,medium_notext,medium,0,medium_notext
C:\Temp\shot-classification\labeled_dataset\medium_text\0119_cut_007.jpg,0119_cut_007.jpg,119,medium_text,medium,1,medium_text
C:\Temp\shot-classification\labeled_dataset\medium_text\0119_cut_015.jpg,0119_cut_015.jpg,119,medium_text,medium,1,medium_text
C:\Temp\shot-classification\labeled_dataset\wide_notext\0119_cut_008.jpg,0119_cut_008.jpg,119,wide_notext,wide,0,wide_notext
C:\Temp\shot-classification\labeled_dataset\wide_text\0119_cut_009.jpg,0119_cut_009.jpg,119,wide_text,wide,1,wide_text
C:\Temp\shot-classification\labeled_dataset\wide_text\0119_cut_010.jpg,0119_cut_010.jpg,119,wide_text,wide,1,wide_text
C:\Temp\shot-classification\labeled_dataset\close-up_text\0120_cut_002.jpg,0120_cut_002.jpg,120,close-up_text,close-up,1,close-up_text
C:\Temp\shot-classification\labeled_dataset\object_text\0120_cut_004.jpg,0120_cut_004.jpg,120,object_text,object,1,object_text
C:\Temp\shot-classification\labeled_dataset\object_text\0120_cut_006.jpg,0120_cut_006.jpg,120,object_text,object,1,object_text
C:\Temp\shot-classification\labeled_dataset\wide_notext\0120_cut_001.jpg,0120_cut_001.jpg,120,wide_notext,wide,0,wide_notext
C:\Temp\shot-classification\labeled_dataset\wide_text\0120_cut_003.jpg,0120_cut_003.jpg,120,wide_text,wide,1,wide_text
C:\Temp\shot-classification\labeled_dataset\wide_text\0120_cut_005.jpg,0120_cut_005.jpg,120,wide_text,wide,1,wide_text
C:\Temp\shot-classification\labeled_dataset\wide_text\0120_cut_007.jpg,0120_cut_007.jpg,120,wide_text,wide,1,wide_text
C:\Temp\shot-classification\labeled_dataset\wide_notext\0121_cut_001.jpg,0121_cut_001.jpg,121,wide_notext,wide,0,wide_notext
C:\Temp\shot-classification\labeled_dataset\wide_notext\0121_cut_002.jpg,0121_cut_002.jpg,121,wide_notext,wide,0,wide_notext
C:\Temp\shot-classification\labeled_dataset\close-up_text\0122_cut_001.jpg,0122_cut_001.jpg,122,close-up_text,close-up,1,close-up_text
C:\Temp\shot-classification\labeled_dataset\medium_notext\0122_cut_003.jpg,0122_cut_003.jpg,122,medium_notext,medium,0,medium_notext
C:\Temp\shot-classification\labeled_dataset\object_notext\0122_cut_002.jpg,0122_cut_002.jpg,122,object_notext,object,0,object_notext
C:\Temp\shot-classification\labeled_dataset\close-up_notext\0123_cut_001.jpg,0123_cut_001.jpg,123,close-up_notext,close-up,0,close-up_notext
C:\Temp\shot-classification\labeled_dataset\medium_notext\0123_cut_002.jpg,0123_cut_002.jpg,123,medium_notext,medium,0,medium_notext
C:\Temp\shot-classification\labeled_dataset\medium_notext\0123_cut_003.jpg,0123_cut_003.jpg,123,medium_notext,medium,0,medium_notext
C:\Temp\shot-classification\labeled_dataset\medium_notext\0123_cut_009.jpg,0123_cut_009.jpg,123,medium_notext,medium,0,medium_notext
C:\Temp\shot-classification\labeled_dataset\wide_notext\0123_cut_004.jpg,0123_cut_004.jpg,123,wide_notext,wide,0,wide_notext
C:\Temp\shot-classification\labeled_dataset\wide_notext\0123_cut_005.jpg,0123_cut_005.jpg,123,wide_notext,wide,0,wide_notext
C:\Temp\shot-classification\labeled_dataset\wide_notext\0123_cut_006.jpg,0123_cut_006.jpg,123,wide_notext,wide,0,wide_notext
C:\Temp\shot-classification\labeled_dataset\wide_notext\0123_cut_007.jpg,0123_cut_007.jpg,123,wide_notext,wide,0,wide_notext
C:\Temp\shot-classification\labeled_dataset\wide_notext\0123_cut_008.jpg,0123_cut_008.jpg,123,wide_notext,wide,0,wide_notext
C:\Temp\shot-classification\labeled_dataset\wide_notext\0124_cut_002.jpg,0124_cut_002.jpg,124,wide_notext,wide,0,wide_notext
C:\Temp\shot-classification\labeled_dataset\wide_notext\0124_cut_003.jpg,0124_cut_003.jpg,124,wide_notext,wide,0,wide_notext
C:\Temp\shot-classification\labeled_dataset\wide_notext\0124_cut_004.jpg,0124_cut_004.jpg,124,wide_notext,wide,0,wide_notext
C:\Temp\shot-classification\labeled_dataset\wide_notext\0124_cut_007.jpg,0124_cut_007.jpg,124,wide_notext,wide,0,wide_notext
C:\Temp\shot-classification\labeled_dataset\wide_notext\0124_cut_008.jpg,0124_cut_008.jpg,124,wide_notext,wide,0,wide_notext
C:\Temp\shot-classification\labeled_dataset\wide_notext\0124_cut_010.jpg,0124_cut_010.jpg,124,wide_notext,wide,0,wide_notext
C:\Temp\shot-classification\labeled_dataset\wide_text\0124_cut_001.jpg,0124_cut_001.jpg,124,wide_text,wide,1,wide_text
C:\Temp\shot-classification\labeled_dataset\wide_text\0124_cut_005.jpg,0124_cut_005.jpg,124,wide_text,wide,1,wide_text
C:\Temp\shot-classification\labeled_dataset\wide_text\0124_cut_006.jpg,0124_cut_006.jpg,124,wide_text,wide,1,wide_text
C:\Temp\shot-classification\labeled_dataset\wide_text\0124_cut_009.jpg,0124_cut_009.jpg,124,wide_text,wide,1,wide_text
C:\Temp\shot-classification\labeled_dataset\wide_text\0124_cut_011.jpg,0124_cut_011.jpg,124,wide_text,wide,1,wide_text
C:\Temp\shot-classification\labeled_dataset\object_notext\0125_cut_002.jpg,0125_cut_002.jpg,125,object_notext,object,0,object_notext
C:\Temp\shot-classification\labeled_dataset\object_text\0125_cut_001.jpg,0125_cut_001.jpg,125,object_text,object,1,object_text
C:\Temp\shot-classification\labeled_dataset\object_text\0125_cut_003.jpg,0125_cut_003.jpg,125,object_text,object,1,object_text
C:\Temp\shot-classification\labeled_dataset\object_text\0125_cut_004.jpg,0125_cut_004.jpg,125,object_text,object,1,object_text
C:\Temp\shot-classification\labeled_dataset\object_text\0125_cut_006.jpg,0125_cut_006.jpg,125,object_text,object,1,object_text
C:\Temp\shot-classification\labeled_dataset\wide_text\0125_cut_005.jpg,0125_cut_005.jpg,125,wide_text,wide,1,wide_text
C:\Temp\shot-classification\labeled_dataset\wide_notext\0126_cut_002.jpg,0126_cut_002.jpg,126,wide_notext,wide,0,wide_notext
C:\Temp\shot-classification\labeled_dataset\wide_notext\0126_cut_003.jpg,0126_cut_003.jpg,126,wide_notext,wide,0,wide_notext
C:\Temp\shot-classification\labeled_dataset\wide_notext\0126_cut_004.jpg,0126_cut_004.jpg,126,wide_notext,wide,0,wide_notext
C:\Temp\shot-classification\labeled_dataset\wide_notext\0126_cut_005.jpg,0126_cut_005.jpg,126,wide_notext,wide,0,wide_notext
C:\Temp\shot-classification\labeled_dataset\wide_notext\0126_cut_006.jpg,0126_cut_006.jpg,126,wide_notext,wide,0,wide_notext
C:\Temp\shot-classification\labeled_dataset\wide_notext\0126_cut_007.jpg,0126_cut_007.jpg,126,wide_notext,wide,0,wide_notext
C:\Temp\shot-classification\labeled_dataset\wide_notext\0126_cut_008.jpg,0126_cut_008.jpg,126,wide_notext,wide,0,wide_notext
C:\Temp\shot-classification\labeled_dataset\wide_notext\0126_cut_009.jpg,0126_cut_009.jpg,126,wide_notext,wide,0,wide_notext
C:\Temp\shot-classification\labeled_dataset\wide_text\0126_cut_001.jpg,0126_cut_001.jpg,126,wide_text,wide,1,wide_text
C:\Temp\shot-classification\labeled_dataset\close-up_notext\0127_cut_001.jpg,0127_cut_001.jpg,127,close-up_notext,close-up,0,close-up_notext
C:\Temp\shot-classification\labeled_dataset\medium_notext\0127_cut_002.jpg,0127_cut_002.jpg,127,medium_notext,medium,0,medium_notext
C:\Temp\shot-classification\labeled_dataset\wide_notext\0127_cut_003.jpg,0127_cut_003.jpg,127,wide_notext,wide,0,wide_notext
C:\Temp\shot-classification\labeled_dataset\wide_notext\0127_cut_004.jpg,0127_cut_004.jpg,127,wide_notext,wide,0,wide_notext
C:\Temp\shot-classification\labeled_dataset\object_notext\0128_cut_002.jpg,0128_cut_002.jpg,128,object_notext,object,0,object_notext
C:\Temp\shot-classification\labeled_dataset\wide_text\0128_cut_001.jpg,0128_cut_001.jpg,128,wide_text,wide,1,wide_text
C:\Temp\shot-classification\labeled_dataset\close-up_text\0129_cut_007.jpg,0129_cut_007.jpg,129,close-up_text,close-up,1,close-up_text
C:\Temp\shot-classification\labeled_dataset\medium_text\0129_cut_001.jpg,0129_cut_001.jpg,129,medium_text,medium,1,medium_text
C:\Temp\shot-classification\labeled_dataset\medium_text\0129_cut_002.jpg,0129_cut_002.jpg,129,medium_text,medium,1,medium_text
C:\Temp\shot-classification\labeled_dataset\medium_text\0129_cut_004.jpg,0129_cut_004.jpg,129,medium_text,medium,1,medium_text
C:\Temp\shot-classification\labeled_dataset\object_text\0129_cut_003.jpg,0129_cut_003.jpg,129,object_text,object,1,object_text
C:\Temp\shot-classification\labeled_dataset\object_text\0129_cut_005.jpg,0129_cut_005.jpg,129,object_text,object,1,object_text
C:\Temp\shot-classification\labeled_dataset\object_text\0129_cut_006.jpg,0129_cut_006.jpg,129,object_text,object,1,object_text
C:\Temp\shot-classification\labeled_dataset\object_text\0129_cut_008.jpg,0129_cut_008.jpg,129,object_text,object,1,object_text
C:\Temp\shot-classification\labeled_dataset\object_text\0129_cut_010.jpg,0129_cut_010.jpg,129,object_text,object,1,object_text
C:\Temp\shot-classification\labeled_dataset\object_text\0129_cut_011.jpg,0129_cut_011.jpg,129,object_text,object,1,object_text
C:\Temp\shot-classification\labeled_dataset\space_text\0129_cut_009.jpg,0129_cut_009.jpg,129,space_text,space,1,space_text
C:\Temp\shot-classification\labeled_dataset\wide_text\0129_cut_012.jpg,0129_cut_012.jpg,129,wide_text,wide,1,wide_text
C:\Temp\shot-classification\labeled_dataset\wide_notext\0130_cut_002.jpg,0130_cut_002.jpg,130,wide_notext,wide,0,wide_notext
C:\Temp\shot-classification\labeled_dataset\wide_notext\0130_cut_003.jpg,0130_cut_003.jpg,130,wide_notext,wide,0,wide_notext
C:\Temp\shot-classification\labeled_dataset\wide_text\0130_cut_001.jpg,0130_cut_001.jpg,130,wide_text,wide,1,wide_text
C:\Temp\shot-classification\labeled_dataset\wide_text\0130_cut_007.jpg,0130_cut_007.jpg,130,wide_text,wide,1,wide_text
C:\Temp\shot-classification\labeled_dataset\medium_notext\0131_cut_001.jpg,0131_cut_001.jpg,131,medium_notext,medium,0,medium_notext
C:\Temp\shot-classification\labeled_dataset\medium_notext\0131_cut_002.jpg,0131_cut_002.jpg,131,medium_notext,medium,0,medium_notext
C:\Temp\shot-classification\labeled_dataset\medium_notext\0131_cut_003.jpg,0131_cut_003.jpg,131,medium_notext,medium,0,medium_notext
C:\Temp\shot-classification\labeled_dataset\medium_text\0131_cut_004.jpg,0131_cut_004.jpg,131,medium_text,medium,1,medium_text
C:\Temp\shot-classification\labeled_dataset\medium_notext\0132_cut_003.jpg,0132_cut_003.jpg,132,medium_notext,medium,0,medium_notext
C:\Temp\shot-classification\labeled_dataset\object_text\0132_cut_001.jpg,0132_cut_001.jpg,132,object_text,object,1,object_text
C:\Temp\shot-classification\labeled_dataset\wide_text\0132_cut_002.jpg,0132_cut_002.jpg,132,wide_text,wide,1,wide_text
C:\Temp\shot-classification\labeled_dataset\close-up_notext\0133_cut_002.jpg,0133_cut_002.jpg,133,close-up_notext,close-up,0,close-up_notext
C:\Temp\shot-classification\labeled_dataset\close-up_notext\0133_cut_006.jpg,0133_cut_006.jpg,133,close-up_notext,close-up,0,close-up_notext
C:\Temp\shot-classification\labeled_dataset\close-up_notext\0133_cut_007.jpg,0133_cut_007.jpg,133,close-up_notext,close-up,0,close-up_notext
C:\Temp\shot-classification\labeled_dataset\close-up_notext\0133_cut_008.jpg,0133_cut_008.jpg,133,close-up_notext,close-up,0,close-up_notext
C:\Temp\shot-classification\labeled_dataset\medium_notext\0133_cut_003.jpg,0133_cut_003.jpg,133,medium_notext,medium,0,medium_notext
C:\Temp\shot-classification\labeled_dataset\medium_notext\0133_cut_004.jpg,0133_cut_004.jpg,133,medium_notext,medium,0,medium_notext
C:\Temp\shot-classification\labeled_dataset\medium_notext\0133_cut_005.jpg,0133_cut_005.jpg,133,medium_notext,medium,0,medium_notext
C:\Temp\shot-classification\labeled_dataset\wide_notext\0133_cut_001.jpg,0133_cut_001.jpg,133,wide_notext,wide,0,wide_notext
C:\Temp\shot-classification\labeled_dataset\medium_notext\0134_cut_001.jpg,0134_cut_001.jpg,134,medium_notext,medium,0,medium_notext
C:\Temp\shot-classification\labeled_dataset\medium_notext\0134_cut_002.jpg,0134_cut_002.jpg,134,medium_notext,medium,0,medium_notext
C:\Temp\shot-classification\labeled_dataset\medium_notext\0134_cut_003.jpg,0134_cut_003.jpg,134,medium_notext,medium,0,medium_notext
C:\Temp\shot-classification\labeled_dataset\medium_notext\0134_cut_008.jpg,0134_cut_008.jpg,134,medium_notext,medium,0,medium_notext
C:\Temp\shot-classification\labeled_dataset\wide_notext\0134_cut_004.jpg,0134_cut_004.jpg,134,wide_notext,wide,0,wide_notext
C:\Temp\shot-classification\labeled_dataset\wide_notext\0134_cut_005.jpg,0134_cut_005.jpg,134,wide_notext,wide,0,wide_notext
C:\Temp\shot-classification\labeled_dataset\wide_notext\0134_cut_006.jpg,0134_cut_006.jpg,134,wide_notext,wide,0,wide_notext
C:\Temp\shot-classification\labeled_dataset\wide_notext\0134_cut_007.jpg,0134_cut_007.jpg,134,wide_notext,wide,0,wide_notext
C:\Temp\shot-classification\labeled_dataset\close-up_text\0135_cut_002.jpg,0135_cut_002.jpg,135,close-up_text,close-up,1,close-up_text
C:\Temp\shot-classification\labeled_dataset\close-up_text\0135_cut_003.jpg,0135_cut_003.jpg,135,close-up_text,close-up,1,close-up_text
C:\Temp\shot-classification\labeled_dataset\close-up_text\0135_cut_004.jpg,0135_cut_004.jpg,135,close-up_text,close-up,1,close-up_text
C:\Temp\shot-classification\labeled_dataset\medium_text\0135_cut_001.jpg,0135_cut_001.jpg,135,medium_text,medium,1,medium_text
C:\Temp\shot-classification\labeled_dataset\close-up_text\0136_cut_006.jpg,0136_cut_006.jpg,136,close-up_text,close-up,1,close-up_text
C:\Temp\shot-classification\labeled_dataset\medium_notext\0136_cut_002.jpg,0136_cut_002.jpg,136,medium_notext,medium,0,medium_notext
C:\Temp\shot-classification\labeled_dataset\medium_notext\0136_cut_007.jpg,0136_cut_007.jpg,136,medium_notext,medium,0,medium_notext
C:\Temp\shot-classification\labeled_dataset\medium_text\0136_cut_001.jpg,0136_cut_001.jpg,136,medium_text,medium,1,medium_text
C:\Temp\shot-classification\labeled_dataset\medium_text\0136_cut_003.jpg,0136_cut_003.jpg,136,medium_text,medium,1,medium_text
C:\Temp\shot-classification\labeled_dataset\medium_text\0136_cut_005.jpg,0136_cut_005.jpg,136,medium_text,medium,1,medium_text
C:\Temp\shot-classification\labeled_dataset\wide_text\0136_cut_004.jpg,0136_cut_004.jpg,136,wide_text,wide,1,wide_text
C:\Temp\shot-classification\labeled_dataset\close-up_text\0137_cut_012.jpg,0137_cut_012.jpg,137,close-up_text,close-up,1,close-up_text
C:\Temp\shot-classification\labeled_dataset\close-up_text\0137_cut_019.jpg,0137_cut_019.jpg,137,close-up_text,close-up,1,close-up_text
C:\Temp\shot-classification\labeled_dataset\close-up_text\0137_cut_025.jpg,0137_cut_025.jpg,137,close-up_text,close-up,1,close-up_text
C:\Temp\shot-classification\labeled_dataset\medium_notext\0137_cut_002.jpg,0137_cut_002.jpg,137,medium_notext,medium,0,medium_notext
C:\Temp\shot-classification\labeled_dataset\medium_notext\0137_cut_008.jpg,0137_cut_008.jpg,137,medium_notext,medium,0,medium_notext
C:\Temp\shot-classification\labeled_dataset\medium_notext\0137_cut_010.jpg,0137_cut_010.jpg,137,medium_notext,medium,0,medium_notext
C:\Temp\shot-classification\labeled_dataset\medium_notext\0137_cut_015.jpg,0137_cut_015.jpg,137,medium_notext,medium,0,medium_notext
C:\Temp\shot-classification\labeled_dataset\medium_text\0137_cut_001.jpg,0137_cut_001.jpg,137,medium_text,medium,1,medium_text
C:\Temp\shot-classification\labeled_dataset\medium_text\0137_cut_003.jpg,0137_cut_003.jpg,137,medium_text,medium,1,medium_text
C:\Temp\shot-classification\labeled_dataset\medium_text\0137_cut_004.jpg,0137_cut_004.jpg,137,medium_text,medium,1,medium_text
C:\Temp\shot-classification\labeled_dataset\medium_text\0137_cut_005.jpg,0137_cut_005.jpg,137,medium_text,medium,1,medium_text
C:\Temp\shot-classification\labeled_dataset\medium_text\0137_cut_006.jpg,0137_cut_006.jpg,137,medium_text,medium,1,medium_text
C:\Temp\shot-classification\labeled_dataset\medium_text\0137_cut_007.jpg,0137_cut_007.jpg,137,medium_text,medium,1,medium_text
C:\Temp\shot-classification\labeled_dataset\medium_text\0137_cut_009.jpg,0137_cut_009.jpg,137,medium_text,medium,1,medium_text
C:\Temp\shot-classification\labeled_dataset\medium_text\0137_cut_011.jpg,0137_cut_011.jpg,137,medium_text,medium,1,medium_text
C:\Temp\shot-classification\labeled_dataset\medium_text\0137_cut_013.jpg,0137_cut_013.jpg,137,medium_text,medium,1,medium_text
C:\Temp\shot-classification\labeled_dataset\medium_text\0137_cut_014.jpg,0137_cut_014.jpg,137,medium_text,medium,1,medium_text
C:\Temp\shot-classification\labeled_dataset\medium_text\0137_cut_016.jpg,0137_cut_016.jpg,137,medium_text,medium,1,medium_text
C:\Temp\shot-classification\labeled_dataset\medium_text\0137_cut_017.jpg,0137_cut_017.jpg,137,medium_text,medium,1,medium_text
C:\Temp\shot-classification\labeled_dataset\medium_text\0137_cut_018.jpg,0137_cut_018.jpg,137,medium_text,medium,1,medium_text
C:\Temp\shot-classification\labeled_dataset\medium_text\0137_cut_020.jpg,0137_cut_020.jpg,137,medium_text,medium,1,medium_text
C:\Temp\shot-classification\labeled_dataset\medium_text\0137_cut_021.jpg,0137_cut_021.jpg,137,medium_text,medium,1,medium_text
C:\Temp\shot-classification\labeled_dataset\medium_text\0137_cut_022.jpg,0137_cut_022.jpg,137,medium_text,medium,1,medium_text
C:\Temp\shot-classification\labeled_dataset\medium_text\0137_cut_023.jpg,0137_cut_023.jpg,137,medium_text,medium,1,medium_text
C:\Temp\shot-classification\labeled_dataset\medium_text\0137_cut_024.jpg,0137_cut_024.jpg,137,medium_text,medium,1,medium_text
C:\Temp\shot-classification\labeled_dataset\wide_text\0137_cut_026.jpg,0137_cut_026.jpg,137,wide_text,wide,1,wide_text
C:\Temp\shot-classification\labeled_dataset\medium_notext\0138_cut_003.jpg,0138_cut_003.jpg,138,medium_notext,medium,0,medium_notext
C:\Temp\shot-classification\labeled_dataset\medium_notext\0138_cut_006.jpg,0138_cut_006.jpg,138,medium_notext,medium,0,medium_notext
C:\Temp\shot-classification\labeled_dataset\object_notext\0138_cut_001.jpg,0138_cut_001.jpg,138,object_notext,object,0,object_notext
C:\Temp\shot-classification\labeled_dataset\object_notext\0138_cut_002.jpg,0138_cut_002.jpg,138,object_notext,object,0,object_notext
C:\Temp\shot-classification\labeled_dataset\object_notext\0138_cut_005.jpg,0138_cut_005.jpg,138,object_notext,object,0,object_notext
C:\Temp\shot-classification\labeled_dataset\object_notext\0138_cut_007.jpg,0138_cut_007.jpg,138,object_notext,object,0,object_notext
C:\Temp\shot-classification\labeled_dataset\wide_notext\0138_cut_004.jpg,0138_cut_004.jpg,138,wide_notext,wide,0,wide_notext
C:\Temp\shot-classification\labeled_dataset\medium_notext\0139_cut_001.jpg,0139_cut_001.jpg,139,medium_notext,medium,0,medium_notext
C:\Temp\shot-classification\labeled_dataset\medium_notext\0139_cut_002.jpg,0139_cut_002.jpg,139,medium_notext,medium,0,medium_notext
C:\Temp\shot-classification\labeled_dataset\medium_notext\0139_cut_003.jpg,0139_cut_003.jpg,139,medium_notext,medium,0,medium_notext
C:\Temp\shot-classification\labeled_dataset\medium_notext\0139_cut_004.jpg,0139_cut_004.jpg,139,medium_notext,medium,0,medium_notext
C:\Temp\shot-classification\labeled_dataset\medium_notext\0139_cut_005.jpg,0139_cut_005.jpg,139,medium_notext,medium,0,medium_notext
C:\Temp\shot-classification\labeled_dataset\medium_notext\0139_cut_006.jpg,0139_cut_006.jpg,139,medium_notext,medium,0,medium_notext
C:\Temp\shot-classification\labeled_dataset\medium_notext\0140_cut_003.jpg,0140_cut_003.jpg,140,medium_notext,medium,0,medium_notext
C:\Temp\shot-classification\labeled_dataset\space_notext\0140_cut_002.jpg,0140_cut_002.jpg,140,space_notext,space,0,space_notext
C:\Temp\shot-classification\labeled_dataset\space_notext\0140_cut_004.jpg,0140_cut_004.jpg,140,space_notext,space,0,space_notext
C:\Temp\shot-classification\labeled_dataset\space_text\0140_cut_001.jpg,0140_cut_001.jpg,140,space_text,space,1,space_text
C:\Temp\shot-classification\labeled_dataset\close-up_text\0141_cut_001.jpg,0141_cut_001.jpg,141,close-up_text,close-up,1,close-up_text
C:\Temp\shot-classification\labeled_dataset\close-up_text\0141_cut_002.jpg,0141_cut_002.jpg,141,close-up_text,close-up,1,close-up_text
C:\Temp\shot-classification\labeled_dataset\close-up_text\0141_cut_007.jpg,0141_cut_007.jpg,141,close-up_text,close-up,1,close-up_text
C:\Temp\shot-classification\labeled_dataset\close-up_text\0141_cut_010.jpg,0141_cut_010.jpg,141,close-up_text,close-up,1,close-up_text
C:\Temp\shot-classification\labeled_dataset\medium_text\0141_cut_003.jpg,0141_cut_003.jpg,141,medium_text,medium,1,medium_text
C:\Temp\shot-classification\labeled_dataset\medium_text\0141_cut_004.jpg,0141_cut_004.jpg,141,medium_text,medium,1,medium_text
C:\Temp\shot-classification\labeled_dataset\medium_text\0141_cut_005.jpg,0141_cut_005.jpg,141,medium_text,medium,1,medium_text
C:\Temp\shot-classification\labeled_dataset\medium_text\0141_cut_006.jpg,0141_cut_006.jpg,141,medium_text,medium,1,medium_text
C:\Temp\shot-classification\labeled_dataset\medium_text\0141_cut_008.jpg,0141_cut_008.jpg,141,medium_text,medium,1,medium_text
C:\Temp\shot-classification\labeled_dataset\medium_text\0141_cut_011.jpg,0141_cut_011.jpg,141,medium_text,medium,1,medium_text
C:\Temp\shot-classification\labeled_dataset\medium_text\0141_cut_013.jpg,0141_cut_013.jpg,141,medium_text,medium,1,medium_text
C:\Temp\shot-classification\labeled_dataset\medium_text\0141_cut_016.jpg,0141_cut_016.jpg,141,medium_text,medium,1,medium_text
C:\Temp\shot-classification\labeled_dataset\wide_text\0141_cut_009.jpg,0141_cut_009.jpg,141,wide_text,wide,1,wide_text
C:\Temp\shot-classification\labeled_dataset\wide_text\0141_cut_012.jpg,0141_cut_012.jpg,141,wide_text,wide,1,wide_text
C:\Temp\shot-classification\labeled_dataset\wide_text\0141_cut_014.jpg,0141_cut_014.jpg,141,wide_text,wide,1,wide_text
C:\Temp\shot-classification\labeled_dataset\wide_text\0141_cut_017.jpg,0141_cut_017.jpg,141,wide_text,wide,1,wide_text
C:\Temp\shot-classification\labeled_dataset\close-up_text\0142_cut_001.jpg,0142_cut_001.jpg,142,close-up_text,close-up,1,close-up_text
C:\Temp\shot-classification\labeled_dataset\close-up_text\0142_cut_002.jpg,0142_cut_002.jpg,142,close-up_text,close-up,1,close-up_text
C:\Temp\shot-classification\labeled_dataset\close-up_text\0142_cut_003.jpg,0142_cut_003.jpg,142,close-up_text,close-up,1,close-up_text
C:\Temp\shot-classification\labeled_dataset\close-up_text\0142_cut_004.jpg,0142_cut_004.jpg,142,close-up_text,close-up,1,close-up_text
C:\Temp\shot-classification\labeled_dataset\close-up_text\0143_cut_001.jpg,0143_cut_001.jpg,143,close-up_text,close-up,1,close-up_text
C:\Temp\shot-classification\labeled_dataset\close-up_text\0143_cut_003.jpg,0143_cut_003.jpg,143,close-up_text,close-up,1,close-up_text
C:\Temp\shot-classification\labeled_dataset\close-up_text\0143_cut_004.jpg,0143_cut_004.jpg,143,close-up_text,close-up,1,close-up_text
C:\Temp\shot-classification\labeled_dataset\medium_text\0143_cut_002.jpg,0143_cut_002.jpg,143,medium_text,medium,1,medium_text
C:\Temp\shot-classification\labeled_dataset\medium_text\0143_cut_005.jpg,0143_cut_005.jpg,143,medium_text,medium,1,medium_text
C:\Temp\shot-classification\labeled_dataset\medium_text\0143_cut_006.jpg,0143_cut_006.jpg,143,medium_text,medium,1,medium_text
C:\Temp\shot-classification\labeled_dataset\medium_text\0143_cut_007.jpg,0143_cut_007.jpg,143,medium_text,medium,1,medium_text
C:\Temp\shot-classification\labeled_dataset\medium_text\0143_cut_008.jpg,0143_cut_008.jpg,143,medium_text,medium,1,medium_text
C:\Temp\shot-classification\labeled_dataset\medium_text\0143_cut_009.jpg,0143_cut_009.jpg,143,medium_text,medium,1,medium_text
C:\Temp\shot-classification\labeled_dataset\medium_text\0143_cut_010.jpg,0143_cut_010.jpg,143,medium_text,medium,1,medium_text
C:\Temp\shot-classification\labeled_dataset\medium_text\0143_cut_011.jpg,0143_cut_011.jpg,143,medium_text,medium,1,medium_text
C:\Temp\shot-classification\labeled_dataset\medium_text\0143_cut_012.jpg,0143_cut_012.jpg,143,medium_text,medium,1,medium_text
C:\Temp\shot-classification\labeled_dataset\medium_text\0143_cut_013.jpg,0143_cut_013.jpg,143,medium_text,medium,1,medium_text
C:\Temp\shot-classification\labeled_dataset\close-up_text\0144_cut_001.jpg,0144_cut_001.jpg,144,close-up_text,close-up,1,close-up_text
C:\Temp\shot-classification\labeled_dataset\close-up_text\0144_cut_004.jpg,0144_cut_004.jpg,144,close-up_text,close-up,1,close-up_text
C:\Temp\shot-classification\labeled_dataset\close-up_text\0144_cut_005.jpg,0144_cut_005.jpg,144,close-up_text,close-up,1,close-up_text
C:\Temp\shot-classification\labeled_dataset\close-up_text\0144_cut_006.jpg,0144_cut_006.jpg,144,close-up_text,close-up,1,close-up_text
C:\Temp\shot-classification\labeled_dataset\close-up_text\0144_cut_007.jpg,0144_cut_007.jpg,144,close-up_text,close-up,1,close-up_text
C:\Temp\shot-classification\labeled_dataset\close-up_text\0144_cut_008.jpg,0144_cut_008.jpg,144,close-up_text,close-up,1,close-up_text
C:\Temp\shot-classification\labeled_dataset\close-up_text\0144_cut_009.jpg,0144_cut_009.jpg,144,close-up_text,close-up,1,close-up_text
C:\Temp\shot-classification\labeled_dataset\medium_text\0144_cut_003.jpg,0144_cut_003.jpg,144,medium_text,medium,1,medium_text
C:\Temp\shot-classification\labeled_dataset\wide_text\0144_cut_002.jpg,0144_cut_002.jpg,144,wide_text,wide,1,wide_text
C:\Temp\shot-classification\labeled_dataset\close-up_text\0145_cut_002.jpg,0145_cut_002.jpg,145,close-up_text,close-up,1,close-up_text
C:\Temp\shot-classification\labeled_dataset\close-up_text\0145_cut_003.jpg,0145_cut_003.jpg,145,close-up_text,close-up,1,close-up_text
C:\Temp\shot-classification\labeled_dataset\close-up_text\0145_cut_004.jpg,0145_cut_004.jpg,145,close-up_text,close-up,1,close-up_text
C:\Temp\shot-classification\labeled_dataset\close-up_text\0145_cut_005.jpg,0145_cut_005.jpg,145,close-up_text,close-up,1,close-up_text
C:\Temp\shot-classification\labeled_dataset\close-up_text\0145_cut_006.jpg,0145_cut_006.jpg,145,close-up_text,close-up,1,close-up_text
C:\Temp\shot-classification\labeled_dataset\close-up_text\0145_cut_007.jpg,0145_cut_007.jpg,145,close-up_text,close-up,1,close-up_text
C:\Temp\shot-classification\labeled_dataset\close-up_text\0145_cut_008.jpg,0145_cut_008.jpg,145,close-up_text,close-up,1,close-up_text
C:\Temp\shot-classification\labeled_dataset\close-up_text\0145_cut_009.jpg,0145_cut_009.jpg,145,close-up_text,close-up,1,close-up_text
C:\Temp\shot-classification\labeled_dataset\close-up_text\0145_cut_010.jpg,0145_cut_010.jpg,145,close-up_text,close-up,1,close-up_text
C:\Temp\shot-classification\labeled_dataset\close-up_text\0145_cut_011.jpg,0145_cut_011.jpg,145,close-up_text,close-up,1,close-up_text
C:\Temp\shot-classification\labeled_dataset\close-up_text\0145_cut_012.jpg,0145_cut_012.jpg,145,close-up_text,close-up,1,close-up_text
C:\Temp\shot-classification\labeled_dataset\close-up_text\0145_cut_013.jpg,0145_cut_013.jpg,145,close-up_text,close-up,1,close-up_text
C:\Temp\shot-classification\labeled_dataset\close-up_text\0145_cut_014.jpg,0145_cut_014.jpg,145,close-up_text,close-up,1,close-up_text
C:\Temp\shot-classification\labeled_dataset\close-up_text\0145_cut_015.jpg,0145_cut_015.jpg,145,close-up_text,close-up,1,close-up_text
C:\Temp\shot-classification\labeled_dataset\close-up_text\0145_cut_016.jpg,0145_cut_016.jpg,145,close-up_text,close-up,1,close-up_text
C:\Temp\shot-classification\labeled_dataset\close-up_text\0145_cut_017.jpg,0145_cut_017.jpg,145,close-up_text,close-up,1,close-up_text
C:\Temp\shot-classification\labeled_dataset\close-up_text\0145_cut_018.jpg,0145_cut_018.jpg,145,close-up_text,close-up,1,close-up_text
C:\Temp\shot-classification\labeled_dataset\close-up_text\0145_cut_019.jpg,0145_cut_019.jpg,145,close-up_text,close-up,1,close-up_text
C:\Temp\shot-classification\labeled_dataset\close-up_text\0145_cut_020.jpg,0145_cut_020.jpg,145,close-up_text,close-up,1,close-up_text
C:\Temp\shot-classification\labeled_dataset\close-up_text\0145_cut_021.jpg,0145_cut_021.jpg,145,close-up_text,close-up,1,close-up_text
C:\Temp\shot-classification\labeled_dataset\close-up_text\0145_cut_022.jpg,0145_cut_022.jpg,145,close-up_text,close-up,1,close-up_text
C:\Temp\shot-classification\labeled_dataset\close-up_text\0145_cut_023.jpg,0145_cut_023.jpg,145,close-up_text,close-up,1,close-up_text
C:\Temp\shot-classification\labeled_dataset\close-up_text\0145_cut_024.jpg,0145_cut_024.jpg,145,close-up_text,close-up,1,close-up_text
C:\Temp\shot-classification\labeled_dataset\close-up_text\0145_cut_025.jpg,0145_cut_025.jpg,145,close-up_text,close-up,1,close-up_text
C:\Temp\shot-classification\labeled_dataset\medium_text\0145_cut_001.jpg,0145_cut_001.jpg,145,medium_text,medium,1,medium_text
C:\Temp\shot-classification\labeled_dataset\medium_text\0145_cut_026.jpg,0145_cut_026.jpg,145,medium_text,medium,1,medium_text
C:\Temp\shot-classification\labeled_dataset\medium_text\0145_cut_027.jpg,0145_cut_027.jpg,145,medium_text,medium,1,medium_text
C:\Temp\shot-classification\labeled_dataset\close-up_text\0146_cut_001.jpg,0146_cut_001.jpg,146,close-up_text,close-up,1,close-up_text
C:\Temp\shot-classification\labeled_dataset\close-up_text\0146_cut_002.jpg,0146_cut_002.jpg,146,close-up_text,close-up,1,close-up_text
C:\Temp\shot-classification\labeled_dataset\close-up_text\0146_cut_003.jpg,0146_cut_003.jpg,146,close-up_text,close-up,1,close-up_text
C:\Temp\shot-classification\labeled_dataset\close-up_notext\0147_cut_004.jpg,0147_cut_004.jpg,147,close-up_notext,close-up,0,close-up_notext
C:\Temp\shot-classification\labeled_dataset\close-up_notext\0147_cut_005.jpg,0147_cut_005.jpg,147,close-up_notext,close-up,0,close-up_notext
C:\Temp\shot-classification\labeled_dataset\medium_notext\0147_cut_002.jpg,0147_cut_002.jpg,147,medium_notext,medium,0,medium_notext
C:\Temp\shot-classification\labeled_dataset\medium_text\0147_cut_001.jpg,0147_cut_001.jpg,147,medium_text,medium,1,medium_text
C:\Temp\shot-classification\labeled_dataset\close-up_text\0148_cut_001.jpg,0148_cut_001.jpg,148,close-up_text,close-up,1,close-up_text
C:\Temp\shot-classification\labeled_dataset\medium_text\0149_cut_002.jpg,0149_cut_002.jpg,149,medium_text,medium,1,medium_text
C:\Temp\shot-classification\labeled_dataset\medium_text\0149_cut_003.jpg,0149_cut_003.jpg,149,medium_text,medium,1,medium_text
C:\Temp\shot-classification\labeled_dataset\medium_text\0149_cut_004.jpg,0149_cut_004.jpg,149,medium_text,medium,1,medium_text
C:\Temp\shot-classification\labeled_dataset\medium_text\0149_cut_005.jpg,0149_cut_005.jpg,149,medium_text,medium,1,medium_text
C:\Temp\shot-classification\labeled_dataset\space_text\0149_cut_001.jpg,0149_cut_001.jpg,149,space_text,space,1,space_text
C:\Temp\shot-classification\labeled_dataset\medium_text\0150_cut_001.jpg,0150_cut_001.jpg,150,medium_text,medium,1,medium_text
C:\Temp\shot-classification\labeled_dataset\medium_text\0150_cut_002.jpg,0150_cut_002.jpg,150,medium_text,medium,1,medium_text
C:\Temp\shot-classification\labeled_dataset\medium_text\0150_cut_003.jpg,0150_cut_003.jpg,150,medium_text,medium,1,medium_text
C:\Temp\shot-classification\labeled_dataset\medium_text\0150_cut_004.jpg,0150_cut_004.jpg,150,medium_text,medium,1,medium_text
C:\Temp\shot-classification\labeled_dataset\close-up_text\0151_cut_001.jpg,0151_cut_001.jpg,151,close-up_text,close-up,1,close-up_text
C:\Temp\shot-classification\labeled_dataset\close-up_text\0151_cut_002.jpg,0151_cut_002.jpg,151,close-up_text,close-up,1,close-up_text
C:\Temp\shot-classification\labeled_dataset\close-up_text\0151_cut_003.jpg,0151_cut_003.jpg,151,close-up_text,close-up,1,close-up_text
C:\Temp\shot-classification\labeled_dataset\close-up_text\0151_cut_004.jpg,0151_cut_004.jpg,151,close-up_text,close-up,1,close-up_text
C:\Temp\shot-classification\labeled_dataset\close-up_text\0151_cut_005.jpg,0151_cut_005.jpg,151,close-up_text,close-up,1,close-up_text
C:\Temp\shot-classification\labeled_dataset\close-up_text\0153_cut_001.jpg,0153_cut_001.jpg,153,close-up_text,close-up,1,close-up_text
C:\Temp\shot-classification\labeled_dataset\close-up_text\0153_cut_002.jpg,0153_cut_002.jpg,153,close-up_text,close-up,1,close-up_text
C:\Temp\shot-classification\labeled_dataset\close-up_text\0153_cut_003.jpg,0153_cut_003.jpg,153,close-up_text,close-up,1,close-up_text
C:\Temp\shot-classification\labeled_dataset\medium_text\0153_cut_004.jpg,0153_cut_004.jpg,153,medium_text,medium,1,medium_text
C:\Temp\shot-classification\labeled_dataset\medium_text\0153_cut_005.jpg,0153_cut_005.jpg,153,medium_text,medium,1,medium_text
C:\Temp\shot-classification\labeled_dataset\close-up_text\0154_cut_001.jpg,0154_cut_001.jpg,154,close-up_text,close-up,1,close-up_text
C:\Temp\shot-classification\labeled_dataset\close-up_text\0154_cut_002.jpg,0154_cut_002.jpg,154,close-up_text,close-up,1,close-up_text
C:\Temp\shot-classification\labeled_dataset\close-up_text\0155_cut_001.jpg,0155_cut_001.jpg,155,close-up_text,close-up,1,close-up_text
C:\Temp\shot-classification\labeled_dataset\close-up_text\0155_cut_002.jpg,0155_cut_002.jpg,155,close-up_text,close-up,1,close-up_text
C:\Temp\shot-classification\labeled_dataset\close-up_text\0155_cut_003.jpg,0155_cut_003.jpg,155,close-up_text,close-up,1,close-up_text
C:\Temp\shot-classification\labeled_dataset\medium_notext\0156_cut_003.jpg,0156_cut_003.jpg,156,medium_notext,medium,0,medium_notext
C:\Temp\shot-classification\labeled_dataset\medium_notext\0156_cut_004.jpg,0156_cut_004.jpg,156,medium_notext,medium,0,medium_notext
C:\Temp\shot-classification\labeled_dataset\medium_notext\0156_cut_005.jpg,0156_cut_005.jpg,156,medium_notext,medium,0,medium_notext
C:\Temp\shot-classification\labeled_dataset\medium_text\0156_cut_001.jpg,0156_cut_001.jpg,156,medium_text,medium,1,medium_text
C:\Temp\shot-classification\labeled_dataset\medium_text\0156_cut_002.jpg,0156_cut_002.jpg,156,medium_text,medium,1,medium_text
C:\Temp\shot-classification\labeled_dataset\wide_notext\0156_cut_006.jpg,0156_cut_006.jpg,156,wide_notext,wide,0,wide_notext
C:\Temp\shot-classification\labeled_dataset\medium_text\0157_cut_001.jpg,0157_cut_001.jpg,157,medium_text,medium,1,medium_text
C:\Temp\shot-classification\labeled_dataset\medium_text\0157_cut_002.jpg,0157_cut_002.jpg,157,medium_text,medium,1,medium_text
C:\Temp\shot-classification\labeled_dataset\medium_text\0157_cut_003.jpg,0157_cut_003.jpg,157,medium_text,medium,1,medium_text
C:\Temp\shot-classification\labeled_dataset\medium_text\0157_cut_004.jpg,0157_cut_004.jpg,157,medium_text,medium,1,medium_text
C:\Temp\shot-classification\labeled_dataset\medium_text\0157_cut_005.jpg,0157_cut_005.jpg,157,medium_text,medium,1,medium_text
C:\Temp\shot-classification\labeled_dataset\medium_text\0157_cut_006.jpg,0157_cut_006.jpg,157,medium_text,medium,1,medium_text
C:\Temp\shot-classification\labeled_dataset\medium_text\0157_cut_007.jpg,0157_cut_007.jpg,157,medium_text,medium,1,medium_text
C:\Temp\shot-classification\labeled_dataset\medium_text\0157_cut_008.jpg,0157_cut_008.jpg,157,medium_text,medium,1,medium_text
C:\Temp\shot-classification\labeled_dataset\medium_text\0157_cut_009.jpg,0157_cut_009.jpg,157,medium_text,medium,1,medium_text
C:\Temp\shot-classification\labeled_dataset\close-up_text\0158_cut_003.jpg,0158_cut_003.jpg,158,close-up_text,close-up,1,close-up_text
C:\Temp\shot-classification\labeled_dataset\close-up_text\0158_cut_004.jpg,0158_cut_004.jpg,158,close-up_text,close-up,1,close-up_text
C:\Temp\shot-classification\labeled_dataset\close-up_text\0158_cut_005.jpg,0158_cut_005.jpg,158,close-up_text,close-up,1,close-up_text
C:\Temp\shot-classification\labeled_dataset\close-up_text\0158_cut_006.jpg,0158_cut_006.jpg,158,close-up_text,close-up,1,close-up_text
C:\Temp\shot-classification\labeled_dataset\close-up_text\0158_cut_007.jpg,0158_cut_007.jpg,158,close-up_text,close-up,1,close-up_text
C:\Temp\shot-classification\labeled_dataset\close-up_text\0158_cut_008.jpg,0158_cut_008.jpg,158,close-up_text,close-up,1,close-up_text
C:\Temp\shot-classification\labeled_dataset\medium_text\0158_cut_001.jpg,0158_cut_001.jpg,158,medium_text,medium,1,medium_text
C:\Temp\shot-classification\labeled_dataset\medium_text\0158_cut_002.jpg,0158_cut_002.jpg,158,medium_text,medium,1,medium_text
C:\Temp\shot-classification\labeled_dataset\wide_text\0158_cut_010.jpg,0158_cut_010.jpg,158,wide_text,wide,1,wide_text
C:\Temp\shot-classification\labeled_dataset\close-up_text\0159_cut_001.jpg,0159_cut_001.jpg,159,close-up_text,close-up,1,close-up_text
C:\Temp\shot-classification\labeled_dataset\medium_notext\0159_cut_002.jpg,0159_cut_002.jpg,159,medium_notext,medium,0,medium_notext
C:\Temp\shot-classification\labeled_dataset\medium_notext\0159_cut_003.jpg,0159_cut_003.jpg,159,medium_notext,medium,0,medium_notext
C:\Temp\shot-classification\labeled_dataset\medium_notext\0159_cut_004.jpg,0159_cut_004.jpg,159,medium_notext,medium,0,medium_notext
C:\Temp\shot-classification\labeled_dataset\medium_notext\0159_cut_005.jpg,0159_cut_005.jpg,159,medium_notext,medium,0,medium_notext
C:\Temp\shot-classification\labeled_dataset\medium_notext\0159_cut_006.jpg,0159_cut_006.jpg,159,medium_notext,medium,0,medium_notext
C:\Temp\shot-classification\labeled_dataset\medium_notext\0160_cut_013.jpg,0160_cut_013.jpg,160,medium_notext,medium,0,medium_notext
C:\Temp\shot-classification\labeled_dataset\medium_notext\0160_cut_016.jpg,0160_cut_016.jpg,160,medium_notext,medium,0,medium_notext
C:\Temp\shot-classification\labeled_dataset\medium_notext\0160_cut_017.jpg,0160_cut_017.jpg,160,medium_notext,medium,0,medium_notext
C:\Temp\shot-classification\labeled_dataset\medium_text\0160_cut_001.jpg,0160_cut_001.jpg,160,medium_text,medium,1,medium_text
C:\Temp\shot-classification\labeled_dataset\medium_text\0160_cut_002.jpg,0160_cut_002.jpg,160,medium_text,medium,1,medium_text
C:\Temp\shot-classification\labeled_dataset\medium_text\0160_cut_003.jpg,0160_cut_003.jpg,160,medium_text,medium,1,medium_text
C:\Temp\shot-classification\labeled_dataset\medium_text\0160_cut_004.jpg,0160_cut_004.jpg,160,medium_text,medium,1,medium_text
C:\Temp\shot-classification\labeled_dataset\medium_text\0160_cut_005.jpg,0160_cut_005.jpg,160,medium_text,medium,1,medium_text
C:\Temp\shot-classification\labeled_dataset\medium_text\0160_cut_006.jpg,0160_cut_006.jpg,160,medium_text,medium,1,medium_text
C:\Temp\shot-classification\labeled_dataset\medium_text\0160_cut_007.jpg,0160_cut_007.jpg,160,medium_text,medium,1,medium_text
C:\Temp\shot-classification\labeled_dataset\medium_text\0160_cut_011.jpg,0160_cut_011.jpg,160,medium_text,medium,1,medium_text
C:\Temp\shot-classification\labeled_dataset\medium_text\0160_cut_012.jpg,0160_cut_012.jpg,160,medium_text,medium,1,medium_text
C:\Temp\shot-classification\labeled_dataset\medium_text\0160_cut_014.jpg,0160_cut_014.jpg,160,medium_text,medium,1,medium_text
C:\Temp\shot-classification\labeled_dataset\medium_text\0160_cut_015.jpg,0160_cut_015.jpg,160,medium_text,medium,1,medium_text
C:\Temp\shot-classification\labeled_dataset\wide_notext\0160_cut_008.jpg,0160_cut_008.jpg,160,wide_notext,wide,0,wide_notext
C:\Temp\shot-classification\labeled_dataset\wide_notext\0160_cut_010.jpg,0160_cut_010.jpg,160,wide_notext,wide,0,wide_notext
C:\Temp\shot-classification\labeled_dataset\wide_text\0160_cut_009.jpg,0160_cut_009.jpg,160,wide_text,wide,1,wide_text
C:\Temp\shot-classification\labeled_dataset\close-up_notext\0161_cut_001.jpg,0161_cut_001.jpg,161,close-up_notext,close-up,0,close-up_notext
C:\Temp\shot-classification\labeled_dataset\close-up_notext\0161_cut_002.jpg,0161_cut_002.jpg,161,close-up_notext,close-up,0,close-up_notext
C:\Temp\shot-classification\labeled_dataset\close-up_text\0162_cut_001.jpg,0162_cut_001.jpg,162,close-up_text,close-up,1,close-up_text
C:\Temp\shot-classification\labeled_dataset\close-up_text\0162_cut_002.jpg,0162_cut_002.jpg,162,close-up_text,close-up,1,close-up_text
C:\Temp\shot-classification\labeled_dataset\close-up_text\0162_cut_003.jpg,0162_cut_003.jpg,162,close-up_text,close-up,1,close-up_text
C:\Temp\shot-classification\labeled_dataset\close-up_text\0162_cut_004.jpg,0162_cut_004.jpg,162,close-up_text,close-up,1,close-up_text
C:\Temp\shot-classification\labeled_dataset\close-up_text\0162_cut_005.jpg,0162_cut_005.jpg,162,close-up_text,close-up,1,close-up_text
C:\Temp\shot-classification\labeled_dataset\close-up_text\0162_cut_006.jpg,0162_cut_006.jpg,162,close-up_text,close-up,1,close-up_text
C:\Temp\shot-classification\labeled_dataset\close-up_text\0162_cut_007.jpg,0162_cut_007.jpg,162,close-up_text,close-up,1,close-up_text
C:\Temp\shot-classification\labeled_dataset\close-up_text\0162_cut_008.jpg,0162_cut_008.jpg,162,close-up_text,close-up,1,close-up_text
C:\Temp\shot-classification\labeled_dataset\close-up_text\0162_cut_009.jpg,0162_cut_009.jpg,162,close-up_text,close-up,1,close-up_text
C:\Temp\shot-classification\labeled_dataset\close-up_text\0162_cut_010.jpg,0162_cut_010.jpg,162,close-up_text,close-up,1,close-up_text
C:\Temp\shot-classification\labeled_dataset\close-up_notext\0163_cut_003.jpg,0163_cut_003.jpg,163,close-up_notext,close-up,0,close-up_notext
C:\Temp\shot-classification\labeled_dataset\close-up_text\0163_cut_001.jpg,0163_cut_001.jpg,163,close-up_text,close-up,1,close-up_text
C:\Temp\shot-classification\labeled_dataset\close-up_text\0163_cut_002.jpg,0163_cut_002.jpg,163,close-up_text,close-up,1,close-up_text
C:\Temp\shot-classification\labeled_dataset\close-up_text\0163_cut_004.jpg,0163_cut_004.jpg,163,close-up_text,close-up,1,close-up_text
C:\Temp\shot-classification\labeled_dataset\close-up_text\0163_cut_005.jpg,0163_cut_005.jpg,163,close-up_text,close-up,1,close-up_text
C:\Temp\shot-classification\labeled_dataset\medium_text\0164_cut_001.jpg,0164_cut_001.jpg,164,medium_text,medium,1,medium_text
C:\Temp\shot-classification\labeled_dataset\medium_text\0164_cut_002.jpg,0164_cut_002.jpg,164,medium_text,medium,1,medium_text
C:\Temp\shot-classification\labeled_dataset\close-up_text\0165_cut_001.jpg,0165_cut_001.jpg,165,close-up_text,close-up,1,close-up_text
C:\Temp\shot-classification\labeled_dataset\close-up_text\0165_cut_002.jpg,0165_cut_002.jpg,165,close-up_text,close-up,1,close-up_text
C:\Temp\shot-classification\labeled_dataset\close-up_text\0165_cut_003.jpg,0165_cut_003.jpg,165,close-up_text,close-up,1,close-up_text
C:\Temp\shot-classification\labeled_dataset\close-up_text\0165_cut_004.jpg,0165_cut_004.jpg,165,close-up_text,close-up,1,close-up_text
C:\Temp\shot-classification\labeled_dataset\close-up_text\0165_cut_005.jpg,0165_cut_005.jpg,165,close-up_text,close-up,1,close-up_text
C:\Temp\shot-classification\labeled_dataset\close-up_text\0165_cut_006.jpg,0165_cut_006.jpg,165,close-up_text,close-up,1,close-up_text
C:\Temp\shot-classification\labeled_dataset\close-up_text\0165_cut_007.jpg,0165_cut_007.jpg,165,close-up_text,close-up,1,close-up_text
C:\Temp\shot-classification\labeled_dataset\close-up_text\0165_cut_008.jpg,0165_cut_008.jpg,165,close-up_text,close-up,1,close-up_text
C:\Temp\shot-classification\labeled_dataset\close-up_text\0165_cut_009.jpg,0165_cut_009.jpg,165,close-up_text,close-up,1,close-up_text
C:\Temp\shot-classification\labeled_dataset\close-up_text\0165_cut_010.jpg,0165_cut_010.jpg,165,close-up_text,close-up,1,close-up_text
C:\Temp\shot-classification\labeled_dataset\close-up_notext\0166_cut_001.jpg,0166_cut_001.jpg,166,close-up_notext,close-up,0,close-up_notext
C:\Temp\shot-classification\labeled_dataset\close-up_notext\0166_cut_003.jpg,0166_cut_003.jpg,166,close-up_notext,close-up,0,close-up_notext
C:\Temp\shot-classification\labeled_dataset\close-up_notext\0166_cut_005.jpg,0166_cut_005.jpg,166,close-up_notext,close-up,0,close-up_notext
C:\Temp\shot-classification\labeled_dataset\close-up_text\0166_cut_002.jpg,0166_cut_002.jpg,166,close-up_text,close-up,1,close-up_text
C:\Temp\shot-classification\labeled_dataset\close-up_text\0166_cut_004.jpg,0166_cut_004.jpg,166,close-up_text,close-up,1,close-up_text
C:\Temp\shot-classification\labeled_dataset\close-up_notext\0167_cut_001.jpg,0167_cut_001.jpg,167,close-up_notext,close-up,0,close-up_notext
C:\Temp\shot-classification\labeled_dataset\close-up_text\0167_cut_002.jpg,0167_cut_002.jpg,167,close-up_text,close-up,1,close-up_text
C:\Temp\shot-classification\labeled_dataset\close-up_text\0167_cut_003.jpg,0167_cut_003.jpg,167,close-up_text,close-up,1,close-up_text
C:\Temp\shot-classification\labeled_dataset\close-up_text\0167_cut_004.jpg,0167_cut_004.jpg,167,close-up_text,close-up,1,close-up_text
C:\Temp\shot-classification\labeled_dataset\close-up_text\0167_cut_005.jpg,0167_cut_005.jpg,167,close-up_text,close-up,1,close-up_text
C:\Temp\shot-classification\labeled_dataset\close-up_text\0167_cut_006.jpg,0167_cut_006.jpg,167,close-up_text,close-up,1,close-up_text
C:\Temp\shot-classification\labeled_dataset\close-up_text\0168_cut_001.jpg,0168_cut_001.jpg,168,close-up_text,close-up,1,close-up_text
C:\Temp\shot-classification\labeled_dataset\close-up_text\0168_cut_002.jpg,0168_cut_002.jpg,168,close-up_text,close-up,1,close-up_text
C:\Temp\shot-classification\labeled_dataset\close-up_text\0168_cut_003.jpg,0168_cut_003.jpg,168,close-up_text,close-up,1,close-up_text
C:\Temp\shot-classification\labeled_dataset\close-up_notext\0169_cut_003.jpg,0169_cut_003.jpg,169,close-up_notext,close-up,0,close-up_notext
C:\Temp\shot-classification\labeled_dataset\close-up_notext\0169_cut_005.jpg,0169_cut_005.jpg,169,close-up_notext,close-up,0,close-up_notext
C:\Temp\shot-classification\labeled_dataset\close-up_text\0169_cut_001.jpg,0169_cut_001.jpg,169,close-up_text,close-up,1,close-up_text
C:\Temp\shot-classification\labeled_dataset\close-up_text\0169_cut_002.jpg,0169_cut_002.jpg,169,close-up_text,close-up,1,close-up_text
C:\Temp\shot-classification\labeled_dataset\close-up_text\0169_cut_004.jpg,0169_cut_004.jpg,169,close-up_text,close-up,1,close-up_text
C:\Temp\shot-classification\labeled_dataset\medium_text\0170_cut_001.jpg,0170_cut_001.jpg,170,medium_text,medium,1,medium_text
C:\Temp\shot-classification\labeled_dataset\medium_text\0170_cut_002.jpg,0170_cut_002.jpg,170,medium_text,medium,1,medium_text
C:\Temp\shot-classification\labeled_dataset\medium_text\0170_cut_004.jpg,0170_cut_004.jpg,170,medium_text,medium,1,medium_text
C:\Temp\shot-classification\labeled_dataset\medium_text\0170_cut_006.jpg,0170_cut_006.jpg,170,medium_text,medium,1,medium_text
C:\Temp\shot-classification\labeled_dataset\object_text\0170_cut_005.jpg,0170_cut_005.jpg,170,object_text,object,1,object_text
C:\Temp\shot-classification\labeled_dataset\close-up_notext\0171_cut_002.jpg,0171_cut_002.jpg,171,close-up_notext,close-up,0,close-up_notext
C:\Temp\shot-classification\labeled_dataset\close-up_text\0171_cut_003.jpg,0171_cut_003.jpg,171,close-up_text,close-up,1,close-up_text
C:\Temp\shot-classification\labeled_dataset\close-up_text\0171_cut_004.jpg,0171_cut_004.jpg,171,close-up_text,close-up,1,close-up_text
C:\Temp\shot-classification\labeled_dataset\medium_notext\0171_cut_001.jpg,0171_cut_001.jpg,171,medium_notext,medium,0,medium_notext
C:\Temp\shot-classification\labeled_dataset\medium_notext\0171_cut_005.jpg,0171_cut_005.jpg,171,medium_notext,medium,0,medium_notext
C:\Temp\shot-classification\labeled_dataset\medium_notext\0171_cut_007.jpg,0171_cut_007.jpg,171,medium_notext,medium,0,medium_notext
C:\Temp\shot-classification\labeled_dataset\close-up_notext\0172_cut_001.jpg,0172_cut_001.jpg,172,close-up_notext,close-up,0,close-up_notext
C:\Temp\shot-classification\labeled_dataset\close-up_notext\0172_cut_002.jpg,0172_cut_002.jpg,172,close-up_notext,close-up,0,close-up_notext
C:\Temp\shot-classification\labeled_dataset\close-up_notext\0172_cut_004.jpg,0172_cut_004.jpg,172,close-up_notext,close-up,0,close-up_notext
C:\Temp\shot-classification\labeled_dataset\close-up_notext\0172_cut_006.jpg,0172_cut_006.jpg,172,close-up_notext,close-up,0,close-up_notext
C:\Temp\shot-classification\labeled_dataset\close-up_notext\0172_cut_009.jpg,0172_cut_009.jpg,172,close-up_notext,close-up,0,close-up_notext
C:\Temp\shot-classification\labeled_dataset\close-up_notext\0172_cut_011.jpg,0172_cut_011.jpg,172,close-up_notext,close-up,0,close-up_notext
C:\Temp\shot-classification\labeled_dataset\close-up_notext\0172_cut_012.jpg,0172_cut_012.jpg,172,close-up_notext,close-up,0,close-up_notext
C:\Temp\shot-classification\labeled_dataset\close-up_notext\0172_cut_013.jpg,0172_cut_013.jpg,172,close-up_notext,close-up,0,close-up_notext
C:\Temp\shot-classification\labeled_dataset\close-up_notext\0172_cut_015.jpg,0172_cut_015.jpg,172,close-up_notext,close-up,0,close-up_notext
C:\Temp\shot-classification\labeled_dataset\close-up_notext\0172_cut_019.jpg,0172_cut_019.jpg,172,close-up_notext,close-up,0,close-up_notext
C:\Temp\shot-classification\labeled_dataset\close-up_notext\0172_cut_024.jpg,0172_cut_024.jpg,172,close-up_notext,close-up,0,close-up_notext
C:\Temp\shot-classification\labeled_dataset\close-up_text\0172_cut_003.jpg,0172_cut_003.jpg,172,close-up_text,close-up,1,close-up_text
C:\Temp\shot-classification\labeled_dataset\close-up_text\0172_cut_005.jpg,0172_cut_005.jpg,172,close-up_text,close-up,1,close-up_text
C:\Temp\shot-classification\labeled_dataset\close-up_text\0172_cut_007.jpg,0172_cut_007.jpg,172,close-up_text,close-up,1,close-up_text
C:\Temp\shot-classification\labeled_dataset\close-up_text\0172_cut_008.jpg,0172_cut_008.jpg,172,close-up_text,close-up,1,close-up_text
C:\Temp\shot-classification\labeled_dataset\close-up_text\0172_cut_010.jpg,0172_cut_010.jpg,172,close-up_text,close-up,1,close-up_text
C:\Temp\shot-classification\labeled_dataset\close-up_text\0172_cut_014.jpg,0172_cut_014.jpg,172,close-up_text,close-up,1,close-up_text
C:\Temp\shot-classification\labeled_dataset\close-up_text\0172_cut_016.jpg,0172_cut_016.jpg,172,close-up_text,close-up,1,close-up_text
C:\Temp\shot-classification\labeled_dataset\close-up_text\0172_cut_017.jpg,0172_cut_017.jpg,172,close-up_text,close-up,1,close-up_text
C:\Temp\shot-classification\labeled_dataset\close-up_text\0172_cut_018.jpg,0172_cut_018.jpg,172,close-up_text,close-up,1,close-up_text
C:\Temp\shot-classification\labeled_dataset\close-up_text\0172_cut_020.jpg,0172_cut_020.jpg,172,close-up_text,close-up,1,close-up_text
C:\Temp\shot-classification\labeled_dataset\close-up_text\0172_cut_021.jpg,0172_cut_021.jpg,172,close-up_text,close-up,1,close-up_text
C:\Temp\shot-classification\labeled_dataset\close-up_text\0172_cut_022.jpg,0172_cut_022.jpg,172,close-up_text,close-up,1,close-up_text
C:\Temp\shot-classification\labeled_dataset\close-up_text\0172_cut_023.jpg,0172_cut_023.jpg,172,close-up_text,close-up,1,close-up_text
C:\Temp\shot-classification\labeled_dataset\close-up_text\0172_cut_025.jpg,0172_cut_025.jpg,172,close-up_text,close-up,1,close-up_text
C:\Temp\shot-classification\labeled_dataset\close-up_notext\0173_cut_004.jpg,0173_cut_004.jpg,173,close-up_notext,close-up,0,close-up_notext
C:\Temp\shot-classification\labeled_dataset\close-up_text\0173_cut_002.jpg,0173_cut_002.jpg,173,close-up_text,close-up,1,close-up_text
C:\Temp\shot-classification\labeled_dataset\medium_text\0173_cut_001.jpg,0173_cut_001.jpg,173,medium_text,medium,1,medium_text
C:\Temp\shot-classification\labeled_dataset\medium_text\0173_cut_003.jpg,0173_cut_003.jpg,173,medium_text,medium,1,medium_text
C:\Temp\shot-classification\labeled_dataset\medium_text\0173_cut_005.jpg,0173_cut_005.jpg,173,medium_text,medium,1,medium_text
C:\Temp\shot-classification\labeled_dataset\medium_text\0173_cut_006.jpg,0173_cut_006.jpg,173,medium_text,medium,1,medium_text
C:\Temp\shot-classification\labeled_dataset\medium_text\0173_cut_007.jpg,0173_cut_007.jpg,173,medium_text,medium,1,medium_text
C:\Temp\shot-classification\labeled_dataset\medium_text\0173_cut_008.jpg,0173_cut_008.jpg,173,medium_text,medium,1,medium_text
C:\Temp\shot-classification\labeled_dataset\medium_text\0173_cut_009.jpg,0173_cut_009.jpg,173,medium_text,medium,1,medium_text
C:\Temp\shot-classification\labeled_dataset\close-up_text\0174_cut_013.jpg,0174_cut_013.jpg,174,close-up_text,close-up,1,close-up_text
C:\Temp\shot-classification\labeled_dataset\close-up_text\0174_cut_014.jpg,0174_cut_014.jpg,174,close-up_text,close-up,1,close-up_text
C:\Temp\shot-classification\labeled_dataset\close-up_text\0174_cut_015.jpg,0174_cut_015.jpg,174,close-up_text,close-up,1,close-up_text
C:\Temp\shot-classification\labeled_dataset\medium_text\0174_cut_001.jpg,0174_cut_001.jpg,174,medium_text,medium,1,medium_text
C:\Temp\shot-classification\labeled_dataset\medium_text\0174_cut_002.jpg,0174_cut_002.jpg,174,medium_text,medium,1,medium_text
C:\Temp\shot-classification\labeled_dataset\medium_text\0174_cut_004.jpg,0174_cut_004.jpg,174,medium_text,medium,1,medium_text
C:\Temp\shot-classification\labeled_dataset\medium_text\0174_cut_005.jpg,0174_cut_005.jpg,174,medium_text,medium,1,medium_text
C:\Temp\shot-classification\labeled_dataset\medium_text\0174_cut_006.jpg,0174_cut_006.jpg,174,medium_text,medium,1,medium_text
C:\Temp\shot-classification\labeled_dataset\medium_text\0174_cut_007.jpg,0174_cut_007.jpg,174,medium_text,medium,1,medium_text
C:\Temp\shot-classification\labeled_dataset\medium_text\0174_cut_008.jpg,0174_cut_008.jpg,174,medium_text,medium,1,medium_text
C:\Temp\shot-classification\labeled_dataset\medium_text\0174_cut_009.jpg,0174_cut_009.jpg,174,medium_text,medium,1,medium_text
C:\Temp\shot-classification\labeled_dataset\medium_text\0174_cut_010.jpg,0174_cut_010.jpg,174,medium_text,medium,1,medium_text
C:\Temp\shot-classification\labeled_dataset\medium_text\0174_cut_011.jpg,0174_cut_011.jpg,174,medium_text,medium,1,medium_text
C:\Temp\shot-classification\labeled_dataset\medium_text\0174_cut_012.jpg,0174_cut_012.jpg,174,medium_text,medium,1,medium_text
C:\Temp\shot-classification\labeled_dataset\medium_text\0174_cut_016.jpg,0174_cut_016.jpg,174,medium_text,medium,1,medium_text
C:\Temp\shot-classification\labeled_dataset\medium_text\0174_cut_017.jpg,0174_cut_017.jpg,174,medium_text,medium,1,medium_text
C:\Temp\shot-classification\labeled_dataset\object_text\0174_cut_003.jpg,0174_cut_003.jpg,174,object_text,object,1,object_text
C:\Temp\shot-classification\labeled_dataset\close-up_notext\0175_cut_001.jpg,0175_cut_001.jpg,175,close-up_notext,close-up,0,close-up_notext
C:\Temp\shot-classification\labeled_dataset\close-up_notext\0175_cut_012.jpg,0175_cut_012.jpg,175,close-up_notext,close-up,0,close-up_notext
C:\Temp\shot-classification\labeled_dataset\close-up_text\0175_cut_002.jpg,0175_cut_002.jpg,175,close-up_text,close-up,1,close-up_text
C:\Temp\shot-classification\labeled_dataset\close-up_text\0175_cut_003.jpg,0175_cut_003.jpg,175,close-up_text,close-up,1,close-up_text
C:\Temp\shot-classification\labeled_dataset\close-up_text\0175_cut_004.jpg,0175_cut_004.jpg,175,close-up_text,close-up,1,close-up_text
C:\Temp\shot-classification\labeled_dataset\close-up_text\0175_cut_005.jpg,0175_cut_005.jpg,175,close-up_text,close-up,1,close-up_text
C:\Temp\shot-classification\labeled_dataset\close-up_text\0175_cut_006.jpg,0175_cut_006.jpg,175,close-up_text,close-up,1,close-up_text
C:\Temp\shot-classification\labeled_dataset\close-up_text\0175_cut_007.jpg,0175_cut_007.jpg,175,close-up_text,close-up,1,close-up_text
C:\Temp\shot-classification\labeled_dataset\close-up_text\0175_cut_008.jpg,0175_cut_008.jpg,175,close-up_text,close-up,1,close-up_text
C:\Temp\shot-classification\labeled_dataset\close-up_text\0175_cut_009.jpg,0175_cut_009.jpg,175,close-up_text,close-up,1,close-up_text
C:\Temp\shot-classification\labeled_dataset\close-up_text\0175_cut_010.jpg,0175_cut_010.jpg,175,close-up_text,close-up,1,close-up_text
C:\Temp\shot-classification\labeled_dataset\close-up_text\0175_cut_011.jpg,0175_cut_011.jpg,175,close-up_text,close-up,1,close-up_text
C:\Temp\shot-classification\labeled_dataset\close-up_text\0176_cut_001.jpg,0176_cut_001.jpg,176,close-up_text,close-up,1,close-up_text
C:\Temp\shot-classification\labeled_dataset\close-up_text\0176_cut_008.jpg,0176_cut_008.jpg,176,close-up_text,close-up,1,close-up_text
C:\Temp\shot-classification\labeled_dataset\close-up_text\0176_cut_010.jpg,0176_cut_010.jpg,176,close-up_text,close-up,1,close-up_text
C:\Temp\shot-classification\labeled_dataset\close-up_text\0176_cut_012.jpg,0176_cut_012.jpg,176,close-up_text,close-up,1,close-up_text
C:\Temp\shot-classification\labeled_dataset\medium_text\0176_cut_004.jpg,0176_cut_004.jpg,176,medium_text,medium,1,medium_text
C:\Temp\shot-classification\labeled_dataset\medium_text\0176_cut_006.jpg,0176_cut_006.jpg,176,medium_text,medium,1,medium_text
C:\Temp\shot-classification\labeled_dataset\medium_text\0176_cut_013.jpg,0176_cut_013.jpg,176,medium_text,medium,1,medium_text
C:\Temp\shot-classification\labeled_dataset\medium_text\0176_cut_016.jpg,0176_cut_016.jpg,176,medium_text,medium,1,medium_text
C:\Temp\shot-classification\labeled_dataset\space_text\0176_cut_005.jpg,0176_cut_005.jpg,176,space_text,space,1,space_text
C:\Temp\shot-classification\labeled_dataset\close-up_notext\0177_cut_001.jpg,0177_cut_001.jpg,177,close-up_notext,close-up,0,close-up_notext
C:\Temp\shot-classification\labeled_dataset\close-up_notext\0177_cut_002.jpg,0177_cut_002.jpg,177,close-up_notext,close-up,0,close-up_notext
C:\Temp\shot-classification\labeled_dataset\close-up_notext\0177_cut_003.jpg,0177_cut_003.jpg,177,close-up_notext,close-up,0,close-up_notext
C:\Temp\shot-classification\labeled_dataset\close-up_notext\0177_cut_004.jpg,0177_cut_004.jpg,177,close-up_notext,close-up,0,close-up_notext
C:\Temp\shot-classification\labeled_dataset\close-up_notext\0178_cut_001.jpg,0178_cut_001.jpg,178,close-up_notext,close-up,0,close-up_notext
C:\Temp\shot-classification\labeled_dataset\close-up_text\0178_cut_003.jpg,0178_cut_003.jpg,178,close-up_text,close-up,1,close-up_text
C:\Temp\shot-classification\labeled_dataset\close-up_text\0178_cut_004.jpg,0178_cut_004.jpg,178,close-up_text,close-up,1,close-up_text
C:\Temp\shot-classification\labeled_dataset\close-up_text\0178_cut_005.jpg,0178_cut_005.jpg,178,close-up_text,close-up,1,close-up_text
C:\Temp\shot-classification\labeled_dataset\close-up_text\0178_cut_007.jpg,0178_cut_007.jpg,178,close-up_text,close-up,1,close-up_text
C:\Temp\shot-classification\labeled_dataset\close-up_text\0178_cut_008.jpg,0178_cut_008.jpg,178,close-up_text,close-up,1,close-up_text
C:\Temp\shot-classification\labeled_dataset\close-up_text\0178_cut_009.jpg,0178_cut_009.jpg,178,close-up_text,close-up,1,close-up_text
C:\Temp\shot-classification\labeled_dataset\close-up_text\0178_cut_010.jpg,0178_cut_010.jpg,178,close-up_text,close-up,1,close-up_text
C:\Temp\shot-classification\labeled_dataset\close-up_text\0178_cut_011.jpg,0178_cut_011.jpg,178,close-up_text,close-up,1,close-up_text
C:\Temp\shot-classification\labeled_dataset\close-up_text\0178_cut_012.jpg,0178_cut_012.jpg,178,close-up_text,close-up,1,close-up_text
C:\Temp\shot-classification\labeled_dataset\close-up_text\0178_cut_013.jpg,0178_cut_013.jpg,178,close-up_text,close-up,1,close-up_text
C:\Temp\shot-classification\labeled_dataset\close-up_text\0178_cut_014.jpg,0178_cut_014.jpg,178,close-up_text,close-up,1,close-up_text
C:\Temp\shot-classification\labeled_dataset\close-up_text\0178_cut_015.jpg,0178_cut_015.jpg,178,close-up_text,close-up,1,close-up_text
C:\Temp\shot-classification\labeled_dataset\close-up_text\0178_cut_016.jpg,0178_cut_016.jpg,178,close-up_text,close-up,1,close-up_text
C:\Temp\shot-classification\labeled_dataset\close-up_text\0178_cut_017.jpg,0178_cut_017.jpg,178,close-up_text,close-up,1,close-up_text
C:\Temp\shot-classification\labeled_dataset\close-up_text\0178_cut_018.jpg,0178_cut_018.jpg,178,close-up_text,close-up,1,close-up_text
C:\Temp\shot-classification\labeled_dataset\medium_notext\0178_cut_006.jpg,0178_cut_006.jpg,178,medium_notext,medium,0,medium_notext
C:\Temp\shot-classification\labeled_dataset\medium_text\0178_cut_002.jpg,0178_cut_002.jpg,178,medium_text,medium,1,medium_text
C:\Temp\shot-classification\labeled_dataset\medium_text\0178_cut_019.jpg,0178_cut_019.jpg,178,medium_text,medium,1,medium_text
C:\Temp\shot-classification\labeled_dataset\close-up_text\0179_cut_001.jpg,0179_cut_001.jpg,179,close-up_text,close-up,1,close-up_text
C:\Temp\shot-classification\labeled_dataset\close-up_text\0180_cut_001.jpg,0180_cut_001.jpg,180,close-up_text,close-up,1,close-up_text
C:\Temp\shot-classification\labeled_dataset\close-up_text\0180_cut_002.jpg,0180_cut_002.jpg,180,close-up_text,close-up,1,close-up_text
C:\Temp\shot-classification\labeled_dataset\close-up_text\0180_cut_010.jpg,0180_cut_010.jpg,180,close-up_text,close-up,1,close-up_text
C:\Temp\shot-classification\labeled_dataset\medium_text\0180_cut_003.jpg,0180_cut_003.jpg,180,medium_text,medium,1,medium_text
C:\Temp\shot-classification\labeled_dataset\medium_text\0180_cut_004.jpg,0180_cut_004.jpg,180,medium_text,medium,1,medium_text
C:\Temp\shot-classification\labeled_dataset\medium_text\0180_cut_005.jpg,0180_cut_005.jpg,180,medium_text,medium,1,medium_text
C:\Temp\shot-classification\labeled_dataset\medium_text\0180_cut_006.jpg,0180_cut_006.jpg,180,medium_text,medium,1,medium_text
C:\Temp\shot-classification\labeled_dataset\medium_text\0180_cut_007.jpg,0180_cut_007.jpg,180,medium_text,medium,1,medium_text
C:\Temp\shot-classification\labeled_dataset\medium_text\0180_cut_008.jpg,0180_cut_008.jpg,180,medium_text,medium,1,medium_text
C:\Temp\shot-classification\labeled_dataset\medium_text\0180_cut_009.jpg,0180_cut_009.jpg,180,medium_text,medium,1,medium_text
C:\Temp\shot-classification\labeled_dataset\medium_text\0180_cut_011.jpg,0180_cut_011.jpg,180,medium_text,medium,1,medium_text
C:\Temp\shot-classification\labeled_dataset\medium_text\0180_cut_012.jpg,0180_cut_012.jpg,180,medium_text,medium,1,medium_text
C:\Temp\shot-classification\labeled_dataset\medium_text\0180_cut_013.jpg,0180_cut_013.jpg,180,medium_text,medium,1,medium_text
C:\Temp\shot-classification\labeled_dataset\close-up_text\0181_cut_001.jpg,0181_cut_001.jpg,181,close-up_text,close-up,1,close-up_text
C:\Temp\shot-classification\labeled_dataset\close-up_text\0181_cut_002.jpg,0181_cut_002.jpg,181,close-up_text,close-up,1,close-up_text
C:\Temp\shot-classification\labeled_dataset\close-up_text\0181_cut_007.jpg,0181_cut_007.jpg,181,close-up_text,close-up,1,close-up_text
C:\Temp\shot-classification\labeled_dataset\medium_text\0181_cut_005.jpg,0181_cut_005.jpg,181,medium_text,medium,1,medium_text
C:\Temp\shot-classification\labeled_dataset\object_text\0181_cut_006.jpg,0181_cut_006.jpg,181,object_text,object,1,object_text
C:\Temp\shot-classification\labeled_dataset\wide_text\0181_cut_003.jpg,0181_cut_003.jpg,181,wide_text,wide,1,wide_text
C:\Temp\shot-classification\labeled_dataset\wide_text\0181_cut_004.jpg,0181_cut_004.jpg,181,wide_text,wide,1,wide_text
C:\Temp\shot-classification\labeled_dataset\close-up_notext\0182_cut_005.jpg,0182_cut_005.jpg,182,close-up_notext,close-up,0,close-up_notext
C:\Temp\shot-classification\labeled_dataset\close-up_text\0182_cut_001.jpg,0182_cut_001.jpg,182,close-up_text,close-up,1,close-up_text
C:\Temp\shot-classification\labeled_dataset\close-up_text\0182_cut_007.jpg,0182_cut_007.jpg,182,close-up_text,close-up,1,close-up_text
C:\Temp\shot-classification\labeled_dataset\close-up_notext\0183_cut_002.jpg,0183_cut_002.jpg,183,close-up_notext,close-up,0,close-up_notext
C:\Temp\shot-classification\labeled_dataset\medium_notext\0183_cut_001.jpg,0183_cut_001.jpg,183,medium_notext,medium,0,medium_notext
C:\Temp\shot-classification\labeled_dataset\close-up_text\0184_cut_001.jpg,0184_cut_001.jpg,184,close-up_text,close-up,1,close-up_text
C:\Temp\shot-classification\labeled_dataset\close-up_text\0184_cut_002.jpg,0184_cut_002.jpg,184,close-up_text,close-up,1,close-up_text
C:\Temp\shot-classification\labeled_dataset\medium_text\0184_cut_003.jpg,0184_cut_003.jpg,184,medium_text,medium,1,medium_text
C:\Temp\shot-classification\labeled_dataset\medium_text\0184_cut_004.jpg,0184_cut_004.jpg,184,medium_text,medium,1,medium_text
C:\Temp\shot-classification\labeled_dataset\close-up_notext\0185_cut_001.jpg,0185_cut_001.jpg,185,close-up_notext,close-up,0,close-up_notext
C:\Temp\shot-classification\labeled_dataset\close-up_notext\0185_cut_002.jpg,0185_cut_002.jpg,185,close-up_notext,close-up,0,close-up_notext
C:\Temp\shot-classification\labeled_dataset\close-up_notext\0185_cut_003.jpg,0185_cut_003.jpg,185,close-up_notext,close-up,0,close-up_notext
C:\Temp\shot-classification\labeled_dataset\close-up_notext\0185_cut_004.jpg,0185_cut_004.jpg,185,close-up_notext,close-up,0,close-up_notext
C:\Temp\shot-classification\labeled_dataset\close-up_notext\0185_cut_005.jpg,0185_cut_005.jpg,185,close-up_notext,close-up,0,close-up_notext
C:\Temp\shot-classification\labeled_dataset\close-up_text\0186_cut_001.jpg,0186_cut_001.jpg,186,close-up_text,close-up,1,close-up_text
C:\Temp\shot-classification\labeled_dataset\close-up_text\0186_cut_003.jpg,0186_cut_003.jpg,186,close-up_text,close-up,1,close-up_text
C:\Temp\shot-classification\labeled_dataset\close-up_text\0186_cut_004.jpg,0186_cut_004.jpg,186,close-up_text,close-up,1,close-up_text
C:\Temp\shot-classification\labeled_dataset\close-up_text\0186_cut_005.jpg,0186_cut_005.jpg,186,close-up_text,close-up,1,close-up_text
C:\Temp\shot-classification\labeled_dataset\close-up_text\0186_cut_006.jpg,0186_cut_006.jpg,186,close-up_text,close-up,1,close-up_text
C:\Temp\shot-classification\labeled_dataset\close-up_text\0186_cut_007.jpg,0186_cut_007.jpg,186,close-up_text,close-up,1,close-up_text
C:\Temp\shot-classification\labeled_dataset\medium_text\0187_cut_001.jpg,0187_cut_001.jpg,187,medium_text,medium,1,medium_text
C:\Temp\shot-classification\labeled_dataset\medium_text\0187_cut_003.jpg,0187_cut_003.jpg,187,medium_text,medium,1,medium_text
C:\Temp\shot-classification\labeled_dataset\medium_text\0187_cut_005.jpg,0187_cut_005.jpg,187,medium_text,medium,1,medium_text
C:\Temp\shot-classification\labeled_dataset\object_text\0187_cut_002.jpg,0187_cut_002.jpg,187,object_text,object,1,object_text
C:\Temp\shot-classification\labeled_dataset\object_text\0187_cut_004.jpg,0187_cut_004.jpg,187,object_text,object,1,object_text
C:\Temp\shot-classification\labeled_dataset\medium_text\0188_cut_001.jpg,0188_cut_001.jpg,188,medium_text,medium,1,medium_text
C:\Temp\shot-classification\labeled_dataset\medium_text\0188_cut_003.jpg,0188_cut_003.jpg,188,medium_text,medium,1,medium_text
C:\Temp\shot-classification\labeled_dataset\medium_text\0188_cut_004.jpg,0188_cut_004.jpg,188,medium_text,medium,1,medium_text
C:\Temp\shot-classification\labeled_dataset\medium_text\0188_cut_006.jpg,0188_cut_006.jpg,188,medium_text,medium,1,medium_text
C:\Temp\shot-classification\labeled_dataset\object_text\0188_cut_002.jpg,0188_cut_002.jpg,188,object_text,object,1,object_text
C:\Temp\shot-classification\labeled_dataset\object_text\0188_cut_005.jpg,0188_cut_005.jpg,188,object_text,object,1,object_text
C:\Temp\shot-classification\labeled_dataset\close-up_text\0189_cut_002.jpg,0189_cut_002.jpg,189,close-up_text,close-up,1,close-up_text
C:\Temp\shot-classification\labeled_dataset\close-up_text\0189_cut_003.jpg,0189_cut_003.jpg,189,close-up_text,close-up,1,close-up_text
C:\Temp\shot-classification\labeled_dataset\close-up_text\0189_cut_004.jpg,0189_cut_004.jpg,189,close-up_text,close-up,1,close-up_text
C:\Temp\shot-classification\labeled_dataset\close-up_text\0189_cut_006.jpg,0189_cut_006.jpg,189,close-up_text,close-up,1,close-up_text
C:\Temp\shot-classification\labeled_dataset\close-up_text\0190_cut_004.jpg,0190_cut_004.jpg,190,close-up_text,close-up,1,close-up_text
C:\Temp\shot-classification\labeled_dataset\medium_text\0190_cut_001.jpg,0190_cut_001.jpg,190,medium_text,medium,1,medium_text
C:\Temp\shot-classification\labeled_dataset\medium_text\0190_cut_005.jpg,0190_cut_005.jpg,190,medium_text,medium,1,medium_text
C:\Temp\shot-classification\labeled_dataset\medium_text\0190_cut_007.jpg,0190_cut_007.jpg,190,medium_text,medium,1,medium_text
C:\Temp\shot-classification\labeled_dataset\medium_text\0190_cut_009.jpg,0190_cut_009.jpg,190,medium_text,medium,1,medium_text
C:\Temp\shot-classification\labeled_dataset\medium_text\0190_cut_010.jpg,0190_cut_010.jpg,190,medium_text,medium,1,medium_text
C:\Temp\shot-classification\labeled_dataset\medium_text\0190_cut_012.jpg,0190_cut_012.jpg,190,medium_text,medium,1,medium_text
C:\Temp\shot-classification\labeled_dataset\wide_text\0190_cut_002.jpg,0190_cut_002.jpg,190,wide_text,wide,1,wide_text
C:\Temp\shot-classification\labeled_dataset\wide_text\0190_cut_003.jpg,0190_cut_003.jpg,190,wide_text,wide,1,wide_text
C:\Temp\shot-classification\labeled_dataset\wide_text\0190_cut_006.jpg,0190_cut_006.jpg,190,wide_text,wide,1,wide_text
C:\Temp\shot-classification\labeled_dataset\wide_text\0190_cut_008.jpg,0190_cut_008.jpg,190,wide_text,wide,1,wide_text
C:\Temp\shot-classification\labeled_dataset\wide_text\0190_cut_011.jpg,0190_cut_011.jpg,190,wide_text,wide,1,wide_text
C:\Temp\shot-classification\labeled_dataset\wide_text\0190_cut_013.jpg,0190_cut_013.jpg,190,wide_text,wide,1,wide_text
C:\Temp\shot-classification\labeled_dataset\medium_text\0191_cut_001.jpg,0191_cut_001.jpg,191,medium_text,medium,1,medium_text
C:\Temp\shot-classification\labeled_dataset\medium_text\0191_cut_002.jpg,0191_cut_002.jpg,191,medium_text,medium,1,medium_text
C:\Temp\shot-classification\labeled_dataset\medium_text\0191_cut_003.jpg,0191_cut_003.jpg,191,medium_text,medium,1,medium_text
C:\Temp\shot-classification\labeled_dataset\medium_text\0191_cut_004.jpg,0191_cut_004.jpg,191,medium_text,medium,1,medium_text
C:\Temp\shot-classification\labeled_dataset\medium_text\0191_cut_005.jpg,0191_cut_005.jpg,191,medium_text,medium,1,medium_text
C:\Temp\shot-classification\labeled_dataset\close-up_text\0192_cut_003.jpg,0192_cut_003.jpg,192,close-up_text,close-up,1,close-up_text
C:\Temp\shot-classification\labeled_dataset\close-up_text\0192_cut_010.jpg,0192_cut_010.jpg,192,close-up_text,close-up,1,close-up_text
C:\Temp\shot-classification\labeled_dataset\close-up_text\0192_cut_012.jpg,0192_cut_012.jpg,192,close-up_text,close-up,1,close-up_text
C:\Temp\shot-classification\labeled_dataset\object_text\0192_cut_001.jpg,0192_cut_001.jpg,192,object_text,object,1,object_text
C:\Temp\shot-classification\labeled_dataset\object_text\0192_cut_002.jpg,0192_cut_002.jpg,192,object_text,object,1,object_text
C:\Temp\shot-classification\labeled_dataset\object_text\0192_cut_004.jpg,0192_cut_004.jpg,192,object_text,object,1,object_text
C:\Temp\shot-classification\labeled_dataset\object_text\0192_cut_005.jpg,0192_cut_005.jpg,192,object_text,object,1,object_text
C:\Temp\shot-classification\labeled_dataset\object_text\0192_cut_006.jpg,0192_cut_006.jpg,192,object_text,object,1,object_text
C:\Temp\shot-classification\labeled_dataset\object_text\0192_cut_007.jpg,0192_cut_007.jpg,192,object_text,object,1,object_text
C:\Temp\shot-classification\labeled_dataset\object_text\0192_cut_008.jpg,0192_cut_008.jpg,192,object_text,object,1,object_text
C:\Temp\shot-classification\labeled_dataset\object_text\0192_cut_009.jpg,0192_cut_009.jpg,192,object_text,object,1,object_text
C:\Temp\shot-classification\labeled_dataset\object_text\0192_cut_011.jpg,0192_cut_011.jpg,192,object_text,object,1,object_text
C:\Temp\shot-classification\labeled_dataset\close-up_text\0194_cut_004.jpg,0194_cut_004.jpg,194,close-up_text,close-up,1,close-up_text
C:\Temp\shot-classification\labeled_dataset\close-up_text\0194_cut_005.jpg,0194_cut_005.jpg,194,close-up_text,close-up,1,close-up_text
C:\Temp\shot-classification\labeled_dataset\medium_text\0194_cut_001.jpg,0194_cut_001.jpg,194,medium_text,medium,1,medium_text
C:\Temp\shot-classification\labeled_dataset\medium_text\0194_cut_002.jpg,0194_cut_002.jpg,194,medium_text,medium,1,medium_text
C:\Temp\shot-classification\labeled_dataset\close-up_text\0195_cut_001.jpg,0195_cut_001.jpg,195,close-up_text,close-up,1,close-up_text
C:\Temp\shot-classification\labeled_dataset\close-up_text\0195_cut_002.jpg,0195_cut_002.jpg,195,close-up_text,close-up,1,close-up_text
C:\Temp\shot-classification\labeled_dataset\close-up_text\0195_cut_003.jpg,0195_cut_003.jpg,195,close-up_text,close-up,1,close-up_text
C:\Temp\shot-classification\labeled_dataset\close-up_text\0195_cut_004.jpg,0195_cut_004.jpg,195,close-up_text,close-up,1,close-up_text
C:\Temp\shot-classification\labeled_dataset\close-up_text\0195_cut_005.jpg,0195_cut_005.jpg,195,close-up_text,close-up,1,close-up_text
C:\Temp\shot-classification\labeled_dataset\close-up_text\0195_cut_006.jpg,0195_cut_006.jpg,195,close-up_text,close-up,1,close-up_text
C:\Temp\shot-classification\labeled_dataset\close-up_text\0195_cut_007.jpg,0195_cut_007.jpg,195,close-up_text,close-up,1,close-up_text
C:\Temp\shot-classification\labeled_dataset\close-up_text\0195_cut_008.jpg,0195_cut_008.jpg,195,close-up_text,close-up,1,close-up_text
C:\Temp\shot-classification\labeled_dataset\close-up_text\0195_cut_009.jpg,0195_cut_009.jpg,195,close-up_text,close-up,1,close-up_text
C:\Temp\shot-classification\labeled_dataset\close-up_text\0195_cut_010.jpg,0195_cut_010.jpg,195,close-up_text,close-up,1,close-up_text
C:\Temp\shot-classification\labeled_dataset\close-up_text\0195_cut_011.jpg,0195_cut_011.jpg,195,close-up_text,close-up,1,close-up_text
C:\Temp\shot-classification\labeled_dataset\close-up_text\0195_cut_012.jpg,0195_cut_012.jpg,195,close-up_text,close-up,1,close-up_text
C:\Temp\shot-classification\labeled_dataset\close-up_text\0196_cut_001(1).jpg,0196_cut_001(1).jpg,196,close-up_text,close-up,1,close-up_text
C:\Temp\shot-classification\labeled_dataset\close-up_text\0196_cut_001.jpg,0196_cut_001.jpg,196,close-up_text,close-up,1,close-up_text
C:\Temp\shot-classification\labeled_dataset\close-up_text\0196_cut_002(1).jpg,0196_cut_002(1).jpg,196,close-up_text,close-up,1,close-up_text
C:\Temp\shot-classification\labeled_dataset\close-up_text\0196_cut_002.jpg,0196_cut_002.jpg,196,close-up_text,close-up,1,close-up_text
C:\Temp\shot-classification\labeled_dataset\close-up_text\0196_cut_003(1).jpg,0196_cut_003(1).jpg,196,close-up_text,close-up,1,close-up_text
C:\Temp\shot-classification\labeled_dataset\close-up_text\0196_cut_003.jpg,0196_cut_003.jpg,196,close-up_text,close-up,1,close-up_text
C:\Temp\shot-classification\labeled_dataset\close-up_text\0196_cut_004(1).jpg,0196_cut_004(1).jpg,196,close-up_text,close-up,1,close-up_text
C:\Temp\shot-classification\labeled_dataset\close-up_text\0196_cut_004.jpg,0196_cut_004.jpg,196,close-up_text,close-up,1,close-up_text
C:\Temp\shot-classification\labeled_dataset\close-up_text\0196_cut_005(1).jpg,0196_cut_005(1).jpg,196,close-up_text,close-up,1,close-up_text
C:\Temp\shot-classification\labeled_dataset\close-up_text\0196_cut_005.jpg,0196_cut_005.jpg,196,close-up_text,close-up,1,close-up_text
C:\Temp\shot-classification\labeled_dataset\close-up_text\0196_cut_006(1).jpg,0196_cut_006(1).jpg,196,close-up_text,close-up,1,close-up_text
C:\Temp\shot-classification\labeled_dataset\close-up_text\0196_cut_006.jpg,0196_cut_006.jpg,196,close-up_text,close-up,1,close-up_text
C:\Temp\shot-classification\labeled_dataset\close-up_text\0196_cut_007(1).jpg,0196_cut_007(1).jpg,196,close-up_text,close-up,1,close-up_text
C:\Temp\shot-classification\labeled_dataset\close-up_text\0196_cut_007.jpg,0196_cut_007.jpg,196,close-up_text,close-up,1,close-up_text
C:\Temp\shot-classification\labeled_dataset\close-up_text\0196_cut_008(1).jpg,0196_cut_008(1).jpg,196,close-up_text,close-up,1,close-up_text
C:\Temp\shot-classification\labeled_dataset\close-up_text\0196_cut_008.jpg,0196_cut_008.jpg,196,close-up_text,close-up,1,close-up_text
C:\Temp\shot-classification\labeled_dataset\close-up_text\0196_cut_009(1).jpg,0196_cut_009(1).jpg,196,close-up_text,close-up,1,close-up_text
C:\Temp\shot-classification\labeled_dataset\close-up_text\0196_cut_009.jpg,0196_cut_009.jpg,196,close-up_text,close-up,1,close-up_text
C:\Temp\shot-classification\labeled_dataset\close-up_text\0196_cut_010(1).jpg,0196_cut_010(1).jpg,196,close-up_text,close-up,1,close-up_text
C:\Temp\shot-classification\labeled_dataset\close-up_text\0196_cut_010.jpg,0196_cut_010.jpg,196,close-up_text,close-up,1,close-up_text
C:\Temp\shot-classification\labeled_dataset\close-up_text\0196_cut_011(1).jpg,0196_cut_011(1).jpg,196,close-up_text,close-up,1,close-up_text
C:\Temp\shot-classification\labeled_dataset\close-up_text\0196_cut_011.jpg,0196_cut_011.jpg,196,close-up_text,close-up,1,close-up_text
C:\Temp\shot-classification\labeled_dataset\close-up_text\0196_cut_012(1).jpg,0196_cut_012(1).jpg,196,close-up_text,close-up,1,close-up_text
C:\Temp\shot-classification\labeled_dataset\close-up_text\0196_cut_012.jpg,0196_cut_012.jpg,196,close-up_text,close-up,1,close-up_text
C:\Temp\shot-classification\labeled_dataset\close-up_text\0196_cut_013(1).jpg,0196_cut_013(1).jpg,196,close-up_text,close-up,1,close-up_text
C:\Temp\shot-classification\labeled_dataset\close-up_text\0196_cut_013.jpg,0196_cut_013.jpg,196,close-up_text,close-up,1,close-up_text
C:\Temp\shot-classification\labeled_dataset\close-up_text\0196_cut_014(1).jpg,0196_cut_014(1).jpg,196,close-up_text,close-up,1,close-up_text
C:\Temp\shot-classification\labeled_dataset\close-up_text\0196_cut_014.jpg,0196_cut_014.jpg,196,close-up_text,close-up,1,close-up_text
C:\Temp\shot-classification\labeled_dataset\close-up_text\0196_cut_015(1).jpg,0196_cut_015(1).jpg,196,close-up_text,close-up,1,close-up_text
C:\Temp\shot-classification\labeled_dataset\close-up_text\0196_cut_015.jpg,0196_cut_015.jpg,196,close-up_text,close-up,1,close-up_text
C:\Temp\shot-classification\labeled_dataset\close-up_text\0196_cut_016(1).jpg,0196_cut_016(1).jpg,196,close-up_text,close-up,1,close-up_text
C:\Temp\shot-classification\labeled_dataset\close-up_text\0196_cut_016.jpg,0196_cut_016.jpg,196,close-up_text,close-up,1,close-up_text
C:\Temp\shot-classification\labeled_dataset\close-up_text\0196_cut_017(1).jpg,0196_cut_017(1).jpg,196,close-up_text,close-up,1,close-up_text
C:\Temp\shot-classification\labeled_dataset\close-up_text\0196_cut_017.jpg,0196_cut_017.jpg,196,close-up_text,close-up,1,close-up_text
C:\Temp\shot-classification\labeled_dataset\close-up_text\0196_cut_018(1).jpg,0196_cut_018(1).jpg,196,close-up_text,close-up,1,close-up_text
C:\Temp\shot-classification\labeled_dataset\close-up_text\0196_cut_018.jpg,0196_cut_018.jpg,196,close-up_text,close-up,1,close-up_text
C:\Temp\shot-classification\labeled_dataset\close-up_text\0196_cut_019(1).jpg,0196_cut_019(1).jpg,196,close-up_text,close-up,1,close-up_text
C:\Temp\shot-classification\labeled_dataset\close-up_text\0196_cut_019.jpg,0196_cut_019.jpg,196,close-up_text,close-up,1,close-up_text
C:\Temp\shot-classification\labeled_dataset\close-up_text\0196_cut_020(1).jpg,0196_cut_020(1).jpg,196,close-up_text,close-up,1,close-up_text
C:\Temp\shot-classification\labeled_dataset\close-up_text\0196_cut_020.jpg,0196_cut_020.jpg,196,close-up_text,close-up,1,close-up_text
C:\Temp\shot-classification\labeled_dataset\close-up_text\0196_cut_021(1).jpg,0196_cut_021(1).jpg,196,close-up_text,close-up,1,close-up_text
C:\Temp\shot-classification\labeled_dataset\close-up_text\0196_cut_021.jpg,0196_cut_021.jpg,196,close-up_text,close-up,1,close-up_text
C:\Temp\shot-classification\labeled_dataset\close-up_text\0196_cut_022(1).jpg,0196_cut_022(1).jpg,196,close-up_text,close-up,1,close-up_text
C:\Temp\shot-classification\labeled_dataset\close-up_text\0196_cut_022.jpg,0196_cut_022.jpg,196,close-up_text,close-up,1,close-up_text
C:\Temp\shot-classification\labeled_dataset\close-up_text\0196_cut_023(1).jpg,0196_cut_023(1).jpg,196,close-up_text,close-up,1,close-up_text
C:\Temp\shot-classification\labeled_dataset\close-up_text\0196_cut_023.jpg,0196_cut_023.jpg,196,close-up_text,close-up,1,close-up_text
C:\Temp\shot-classification\labeled_dataset\close-up_text\0196_cut_025(1).jpg,0196_cut_025(1).jpg,196,close-up_text,close-up,1,close-up_text
C:\Temp\shot-classification\labeled_dataset\close-up_text\0196_cut_025.jpg,0196_cut_025.jpg,196,close-up_text,close-up,1,close-up_text
C:\Temp\shot-classification\labeled_dataset\close-up_text\0196_cut_026(1).jpg,0196_cut_026(1).jpg,196,close-up_text,close-up,1,close-up_text
C:\Temp\shot-classification\labeled_dataset\close-up_text\0196_cut_026.jpg,0196_cut_026.jpg,196,close-up_text,close-up,1,close-up_text
C:\Temp\shot-classification\labeled_dataset\close-up_text\0196_cut_027(1).jpg,0196_cut_027(1).jpg,196,close-up_text,close-up,1,close-up_text
C:\Temp\shot-classification\labeled_dataset\close-up_text\0196_cut_027.jpg,0196_cut_027.jpg,196,close-up_text,close-up,1,close-up_text
C:\Temp\shot-classification\labeled_dataset\close-up_text\0196_cut_028(1).jpg,0196_cut_028(1).jpg,196,close-up_text,close-up,1,close-up_text
C:\Temp\shot-classification\labeled_dataset\close-up_text\0196_cut_028.jpg,0196_cut_028.jpg,196,close-up_text,close-up,1,close-up_text
C:\Temp\shot-classification\labeled_dataset\close-up_text\0196_cut_029(1).jpg,0196_cut_029(1).jpg,196,close-up_text,close-up,1,close-up_text
C:\Temp\shot-classification\labeled_dataset\close-up_text\0196_cut_029.jpg,0196_cut_029.jpg,196,close-up_text,close-up,1,close-up_text
C:\Temp\shot-classification\labeled_dataset\close-up_text\0196_cut_030(1).jpg,0196_cut_030(1).jpg,196,close-up_text,close-up,1,close-up_text
C:\Temp\shot-classification\labeled_dataset\close-up_text\0196_cut_030.jpg,0196_cut_030.jpg,196,close-up_text,close-up,1,close-up_text
C:\Temp\shot-classification\labeled_dataset\close-up_text\0196_cut_031(1).jpg,0196_cut_031(1).jpg,196,close-up_text,close-up,1,close-up_text
C:\Temp\shot-classification\labeled_dataset\close-up_text\0196_cut_031.jpg,0196_cut_031.jpg,196,close-up_text,close-up,1,close-up_text
C:\Temp\shot-classification\labeled_dataset\medium_text\0196_cut_024(1).jpg,0196_cut_024(1).jpg,196,medium_text,medium,1,medium_text
C:\Temp\shot-classification\labeled_dataset\medium_text\0196_cut_024.jpg,0196_cut_024.jpg,196,medium_text,medium,1,medium_text
C:\Temp\shot-classification\labeled_dataset\object_text\0196_cut_032.jpg의 사본.jpg,0196_cut_032.jpg의 사본.jpg,196,object_text,object,1,object_text
C:\Temp\shot-classification\labeled_dataset\object_text\0196_cut_033.jpg의 사본.jpg,0196_cut_033.jpg의 사본.jpg,196,object_text,object,1,object_text
C:\Temp\shot-classification\labeled_dataset\close-up_notext\0197_cut_014.jpg,0197_cut_014.jpg,197,close-up_notext,close-up,0,close-up_notext
C:\Temp\shot-classification\labeled_dataset\close-up_text\0197_cut_001.jpg,0197_cut_001.jpg,197,close-up_text,close-up,1,close-up_text
C:\Temp\shot-classification\labeled_dataset\close-up_text\0197_cut_002.jpg,0197_cut_002.jpg,197,close-up_text,close-up,1,close-up_text
C:\Temp\shot-classification\labeled_dataset\close-up_text\0197_cut_003.jpg,0197_cut_003.jpg,197,close-up_text,close-up,1,close-up_text
C:\Temp\shot-classification\labeled_dataset\close-up_text\0197_cut_004.jpg,0197_cut_004.jpg,197,close-up_text,close-up,1,close-up_text
C:\Temp\shot-classification\labeled_dataset\close-up_text\0197_cut_005.jpg,0197_cut_005.jpg,197,close-up_text,close-up,1,close-up_text
C:\Temp\shot-classification\labeled_dataset\close-up_text\0197_cut_006.jpg,0197_cut_006.jpg,197,close-up_text,close-up,1,close-up_text
C:\Temp\shot-classification\labeled_dataset\close-up_text\0197_cut_007.jpg,0197_cut_007.jpg,197,close-up_text,close-up,1,close-up_text
C:\Temp\shot-classification\labeled_dataset\close-up_text\0197_cut_008.jpg,0197_cut_008.jpg,197,close-up_text,close-up,1,close-up_text
C:\Temp\shot-classification\labeled_dataset\close-up_text\0197_cut_009.jpg,0197_cut_009.jpg,197,close-up_text,close-up,1,close-up_text
C:\Temp\shot-classification\labeled_dataset\close-up_text\0197_cut_010.jpg,0197_cut_010.jpg,197,close-up_text,close-up,1,close-up_text
C:\Temp\shot-classification\labeled_dataset\close-up_text\0197_cut_011.jpg,0197_cut_011.jpg,197,close-up_text,close-up,1,close-up_text
C:\Temp\shot-classification\labeled_dataset\close-up_text\0197_cut_012.jpg,0197_cut_012.jpg,197,close-up_text,close-up,1,close-up_text
C:\Temp\shot-classification\labeled_dataset\close-up_text\0197_cut_013.jpg,0197_cut_013.jpg,197,close-up_text,close-up,1,close-up_text
C:\Temp\shot-classification\labeled_dataset\close-up_text\0197_cut_015.jpg,0197_cut_015.jpg,197,close-up_text,close-up,1,close-up_text
C:\Temp\shot-classification\labeled_dataset\close-up_text\0197_cut_016.jpg,0197_cut_016.jpg,197,close-up_text,close-up,1,close-up_text
C:\Temp\shot-classification\labeled_dataset\close-up_text\0197_cut_017.jpg,0197_cut_017.jpg,197,close-up_text,close-up,1,close-up_text
C:\Temp\shot-classification\labeled_dataset\close-up_text\0197_cut_018.jpg,0197_cut_018.jpg,197,close-up_text,close-up,1,close-up_text
C:\Temp\shot-classification\labeled_dataset\close-up_text\0197_cut_019.jpg,0197_cut_019.jpg,197,close-up_text,close-up,1,close-up_text
C:\Temp\shot-classification\labeled_dataset\close-up_text\0197_cut_020.jpg,0197_cut_020.jpg,197,close-up_text,close-up,1,close-up_text
C:\Temp\shot-classification\labeled_dataset\close-up_text\0197_cut_021.jpg,0197_cut_021.jpg,197,close-up_text,close-up,1,close-up_text
C:\Temp\shot-classification\labeled_dataset\close-up_text\0197_cut_022.jpg,0197_cut_022.jpg,197,close-up_text,close-up,1,close-up_text
C:\Temp\shot-classification\labeled_dataset\close-up_text\0197_cut_023.jpg,0197_cut_023.jpg,197,close-up_text,close-up,1,close-up_text
C:\Temp\shot-classification\labeled_dataset\close-up_text\0197_cut_024.jpg,0197_cut_024.jpg,197,close-up_text,close-up,1,close-up_text
C:\Temp\shot-classification\labeled_dataset\close-up_text\0197_cut_025.jpg,0197_cut_025.jpg,197,close-up_text,close-up,1,close-up_text
C:\Temp\shot-classification\labeled_dataset\close-up_text\0197_cut_026.jpg,0197_cut_026.jpg,197,close-up_text,close-up,1,close-up_text
C:\Temp\shot-classification\labeled_dataset\close-up_text\0197_cut_027.jpg,0197_cut_027.jpg,197,close-up_text,close-up,1,close-up_text
C:\Temp\shot-classification\labeled_dataset\close-up_text\0197_cut_028.jpg,0197_cut_028.jpg,197,close-up_text,close-up,1,close-up_text
C:\Temp\shot-classification\labeled_dataset\close-up_text\0197_cut_029.jpg,0197_cut_029.jpg,197,close-up_text,close-up,1,close-up_text
C:\Temp\shot-classification\labeled_dataset\close-up_text\0198_cut_001.jpg,0198_cut_001.jpg,198,close-up_text,close-up,1,close-up_text
C:\Temp\shot-classification\labeled_dataset\close-up_text\0198_cut_003.jpg,0198_cut_003.jpg,198,close-up_text,close-up,1,close-up_text
C:\Temp\shot-classification\labeled_dataset\close-up_text\0198_cut_004.jpg,0198_cut_004.jpg,198,close-up_text,close-up,1,close-up_text
C:\Temp\shot-classification\labeled_dataset\close-up_text\0198_cut_007.jpg,0198_cut_007.jpg,198,close-up_text,close-up,1,close-up_text
C:\Temp\shot-classification\labeled_dataset\close-up_text\0198_cut_008.jpg,0198_cut_008.jpg,198,close-up_text,close-up,1,close-up_text
C:\Temp\shot-classification\labeled_dataset\close-up_text\0198_cut_009.jpg,0198_cut_009.jpg,198,close-up_text,close-up,1,close-up_text
C:\Temp\shot-classification\labeled_dataset\close-up_text\0198_cut_010.jpg,0198_cut_010.jpg,198,close-up_text,close-up,1,close-up_text
C:\Temp\shot-classification\labeled_dataset\close-up_text\0198_cut_011.jpg,0198_cut_011.jpg,198,close-up_text,close-up,1,close-up_text
C:\Temp\shot-classification\labeled_dataset\object_text\0198_cut_002.jpg,0198_cut_002.jpg,198,object_text,object,1,object_text
C:\Temp\shot-classification\labeled_dataset\object_text\0198_cut_005.jpg,0198_cut_005.jpg,198,object_text,object,1,object_text
C:\Temp\shot-classification\labeled_dataset\close-up_text\0199_cut_001.jpg,0199_cut_001.jpg,199,close-up_text,close-up,1,close-up_text
C:\Temp\shot-classification\labeled_dataset\medium_text\0199_cut_002.jpg,0199_cut_002.jpg,199,medium_text,medium,1,medium_text
C:\Temp\shot-classification\labeled_dataset\medium_text\0199_cut_003.jpg,0199_cut_003.jpg,199,medium_text,medium,1,medium_text
C:\Temp\shot-classification\labeled_dataset\close-up_text\0200_cut_001.jpg,0200_cut_001.jpg,200,close-up_text,close-up,1,close-up_text
C:\Temp\shot-classification\labeled_dataset\close-up_text\0201_cut_001.jpg,0201_cut_001.jpg,201,close-up_text,close-up,1,close-up_text
C:\Temp\shot-classification\labeled_dataset\close-up_text\0201_cut_002.jpg,0201_cut_002.jpg,201,close-up_text,close-up,1,close-up_text
C:\Temp\shot-classification\labeled_dataset\close-up_text\0201_cut_003.jpg,0201_cut_003.jpg,201,close-up_text,close-up,1,close-up_text
C:\Temp\shot-classification\labeled_dataset\close-up_text\0201_cut_005.jpg,0201_cut_005.jpg,201,close-up_text,close-up,1,close-up_text
C:\Temp\shot-classification\labeled_dataset\close-up_text\0201_cut_009.jpg,0201_cut_009.jpg,201,close-up_text,close-up,1,close-up_text
C:\Temp\shot-classification\labeled_dataset\medium_text\0201_cut_004.jpg,0201_cut_004.jpg,201,medium_text,medium,1,medium_text
C:\Temp\shot-classification\labeled_dataset\medium_text\0201_cut_006.jpg,0201_cut_006.jpg,201,medium_text,medium,1,medium_text
C:\Temp\shot-classification\labeled_dataset\medium_text\0201_cut_007.jpg,0201_cut_007.jpg,201,medium_text,medium,1,medium_text
C:\Temp\shot-classification\labeled_dataset\medium_text\0201_cut_008.jpg,0201_cut_008.jpg,201,medium_text,medium,1,medium_text
C:\Temp\shot-classification\labeled_dataset\medium_text\0201_cut_010.jpg,0201_cut_010.jpg,201,medium_text,medium,1,medium_text
C:\Temp\shot-classification\labeled_dataset\medium_text\0201_cut_011.jpg,0201_cut_011.jpg,201,medium_text,medium,1,medium_text
C:\Temp\shot-classification\labeled_dataset\medium_text\0201_cut_012.jpg,0201_cut_012.jpg,201,medium_text,medium,1,medium_text
C:\Temp\shot-classification\labeled_dataset\close-up_text\0202_cut_001.jpg,0202_cut_001.jpg,202,close-up_text,close-up,1,close-up_text
C:\Temp\shot-classification\labeled_dataset\close-up_text\0202_cut_002.jpg,0202_cut_002.jpg,202,close-up_text,close-up,1,close-up_text
C:\Temp\shot-classification\labeled_dataset\close-up_text\0202_cut_003.jpg,0202_cut_003.jpg,202,close-up_text,close-up,1,close-up_text
C:\Temp\shot-classification\labeled_dataset\close-up_text\0202_cut_004.jpg,0202_cut_004.jpg,202,close-up_text,close-up,1,close-up_text
C:\Temp\shot-classification\labeled_dataset\close-up_text\0202_cut_005.jpg,0202_cut_005.jpg,202,close-up_text,close-up,1,close-up_text
C:\Temp\shot-classification\labeled_dataset\close-up_text\0202_cut_006.jpg,0202_cut_006.jpg,202,close-up_text,close-up,1,close-up_text
C:\Temp\shot-classification\labeled_dataset\close-up_text\0202_cut_007.jpg,0202_cut_007.jpg,202,close-up_text,close-up,1,close-up_text
C:\Temp\shot-classification\labeled_dataset\close-up_text\0202_cut_009.jpg,0202_cut_009.jpg,202,close-up_text,close-up,1,close-up_text
C:\Temp\shot-classification\labeled_dataset\close-up_text\0202_cut_010.jpg,0202_cut_010.jpg,202,close-up_text,close-up,1,close-up_text
C:\Temp\shot-classification\labeled_dataset\close-up_text\0202_cut_011.jpg,0202_cut_011.jpg,202,close-up_text,close-up,1,close-up_text
C:\Temp\shot-classification\labeled_dataset\close-up_text\0202_cut_012.jpg,0202_cut_012.jpg,202,close-up_text,close-up,1,close-up_text
C:\Temp\shot-classification\labeled_dataset\medium_text\0203_cut_001.jpg,0203_cut_001.jpg,203,medium_text,medium,1,medium_text
C:\Temp\shot-classification\labeled_dataset\medium_text\0203_cut_002.jpg,0203_cut_002.jpg,203,medium_text,medium,1,medium_text
C:\Temp\shot-classification\labeled_dataset\close-up_text\0205_cut_001.jpg,0205_cut_001.jpg,205,close-up_text,close-up,1,close-up_text
C:\Temp\shot-classification\labeled_dataset\close-up_text\0205_cut_002.jpg,0205_cut_002.jpg,205,close-up_text,close-up,1,close-up_text
C:\Temp\shot-classification\labeled_dataset\close-up_notext\0206_cut_004.jpg,0206_cut_004.jpg,206,close-up_notext,close-up,0,close-up_notext
C:\Temp\shot-classification\labeled_dataset\close-up_notext\0206_cut_005.jpg,0206_cut_005.jpg,206,close-up_notext,close-up,0,close-up_notext
C:\Temp\shot-classification\labeled_dataset\close-up_notext\0206_cut_006.jpg,0206_cut_006.jpg,206,close-up_notext,close-up,0,close-up_notext
C:\Temp\shot-classification\labeled_dataset\close-up_notext\0206_cut_009.jpg,0206_cut_009.jpg,206,close-up_notext,close-up,0,close-up_notext
C:\Temp\shot-classification\labeled_dataset\close-up_notext\0206_cut_010.jpg,0206_cut_010.jpg,206,close-up_notext,close-up,0,close-up_notext
C:\Temp\shot-classification\labeled_dataset\close-up_notext\0206_cut_011.jpg,0206_cut_011.jpg,206,close-up_notext,close-up,0,close-up_notext
C:\Temp\shot-classification\labeled_dataset\close-up_notext\0206_cut_013.jpg,0206_cut_013.jpg,206,close-up_notext,close-up,0,close-up_notext
C:\Temp\shot-classification\labeled_dataset\close-up_notext\0206_cut_014.jpg,0206_cut_014.jpg,206,close-up_notext,close-up,0,close-up_notext
C:\Temp\shot-classification\labeled_dataset\close-up_notext\0206_cut_015.jpg,0206_cut_015.jpg,206,close-up_notext,close-up,0,close-up_notext
C:\Temp\shot-classification\labeled_dataset\close-up_notext\0206_cut_020.jpg,0206_cut_020.jpg,206,close-up_notext,close-up,0,close-up_notext
C:\Temp\shot-classification\labeled_dataset\close-up_notext\0206_cut_021.jpg,0206_cut_021.jpg,206,close-up_notext,close-up,0,close-up_notext
C:\Temp\shot-classification\labeled_dataset\close-up_notext\0206_cut_023.jpg,0206_cut_023.jpg,206,close-up_notext,close-up,0,close-up_notext
C:\Temp\shot-classification\labeled_dataset\close-up_notext\0206_cut_025.jpg,0206_cut_025.jpg,206,close-up_notext,close-up,0,close-up_notext
C:\Temp\shot-classification\labeled_dataset\close-up_notext\0206_cut_026.jpg,0206_cut_026.jpg,206,close-up_notext,close-up,0,close-up_notext
C:\Temp\shot-classification\labeled_dataset\close-up_notext\0206_cut_027.jpg,0206_cut_027.jpg,206,close-up_notext,close-up,0,close-up_notext
C:\Temp\shot-classification\labeled_dataset\close-up_notext\0206_cut_028.jpg,0206_cut_028.jpg,206,close-up_notext,close-up,0,close-up_notext
C:\Temp\shot-classification\labeled_dataset\close-up_notext\0206_cut_030.jpg,0206_cut_030.jpg,206,close-up_notext,close-up,0,close-up_notext
C:\Temp\shot-classification\labeled_dataset\close-up_text\0206_cut_002.jpg,0206_cut_002.jpg,206,close-up_text,close-up,1,close-up_text
C:\Temp\shot-classification\labeled_dataset\close-up_text\0206_cut_003.jpg,0206_cut_003.jpg,206,close-up_text,close-up,1,close-up_text
C:\Temp\shot-classification\labeled_dataset\close-up_text\0206_cut_008.jpg,0206_cut_008.jpg,206,close-up_text,close-up,1,close-up_text
C:\Temp\shot-classification\labeled_dataset\close-up_text\0206_cut_012.jpg,0206_cut_012.jpg,206,close-up_text,close-up,1,close-up_text
C:\Temp\shot-classification\labeled_dataset\close-up_text\0206_cut_019.jpg,0206_cut_019.jpg,206,close-up_text,close-up,1,close-up_text
C:\Temp\shot-classification\labeled_dataset\close-up_text\0206_cut_024.jpg,0206_cut_024.jpg,206,close-up_text,close-up,1,close-up_text
C:\Temp\shot-classification\labeled_dataset\medium_notext\0206_cut_001.jpg,0206_cut_001.jpg,206,medium_notext,medium,0,medium_notext
C:\Temp\shot-classification\labeled_dataset\medium_notext\0206_cut_007.jpg,0206_cut_007.jpg,206,medium_notext,medium,0,medium_notext
C:\Temp\shot-classification\labeled_dataset\medium_notext\0206_cut_016.jpg,0206_cut_016.jpg,206,medium_notext,medium,0,medium_notext
C:\Temp\shot-classification\labeled_dataset\medium_notext\0206_cut_017.jpg,0206_cut_017.jpg,206,medium_notext,medium,0,medium_notext
C:\Temp\shot-classification\labeled_dataset\medium_notext\0206_cut_018.jpg,0206_cut_018.jpg,206,medium_notext,medium,0,medium_notext
C:\Temp\shot-classification\labeled_dataset\medium_notext\0206_cut_022.jpg,0206_cut_022.jpg,206,medium_notext,medium,0,medium_notext
C:\Temp\shot-classification\labeled_dataset\medium_notext\0206_cut_029.jpg,0206_cut_029.jpg,206,medium_notext,medium,0,medium_notext
C:\Temp\shot-classification\labeled_dataset\close-up_text\0207_cut_001.jpg,0207_cut_001.jpg,207,close-up_text,close-up,1,close-up_text
C:\Temp\shot-classification\labeled_dataset\close-up_text\0207_cut_002.jpg,0207_cut_002.jpg,207,close-up_text,close-up,1,close-up_text
C:\Temp\shot-classification\labeled_dataset\close-up_text\0207_cut_003.jpg,0207_cut_003.jpg,207,close-up_text,close-up,1,close-up_text
C:\Temp\shot-classification\labeled_dataset\close-up_text\0207_cut_004.jpg,0207_cut_004.jpg,207,close-up_text,close-up,1,close-up_text
C:\Temp\shot-classification\labeled_dataset\close-up_text\0207_cut_005.jpg,0207_cut_005.jpg,207,close-up_text,close-up,1,close-up_text
C:\Temp\shot-classification\labeled_dataset\close-up_text\0207_cut_009.jpg,0207_cut_009.jpg,207,close-up_text,close-up,1,close-up_text
C:\Temp\shot-classification\labeled_dataset\close-up_text\0207_cut_010.jpg,0207_cut_010.jpg,207,close-up_text,close-up,1,close-up_text
C:\Temp\shot-classification\labeled_dataset\close-up_text\0207_cut_011.jpg,0207_cut_011.jpg,207,close-up_text,close-up,1,close-up_text
C:\Temp\shot-classification\labeled_dataset\medium_text\0207_cut_006.jpg,0207_cut_006.jpg,207,medium_text,medium,1,medium_text
C:\Temp\shot-classification\labeled_dataset\medium_text\0207_cut_007.jpg,0207_cut_007.jpg,207,medium_text,medium,1,medium_text
C:\Temp\shot-classification\labeled_dataset\medium_text\0207_cut_008.jpg,0207_cut_008.jpg,207,medium_text,medium,1,medium_text
C:\Temp\shot-classification\labeled_dataset\medium_text\0207_cut_012.jpg,0207_cut_012.jpg,207,medium_text,medium,1,medium_text
C:\Temp\shot-classification\labeled_dataset\medium_text\0207_cut_013.jpg,0207_cut_013.jpg,207,medium_text,medium,1,medium_text
C:\Temp\shot-classification\labeled_dataset\medium_text\0208_cut_001.jpg,0208_cut_001.jpg,208,medium_text,medium,1,medium_text
C:\Temp\shot-classification\labeled_dataset\medium_text\0208_cut_002.jpg,0208_cut_002.jpg,208,medium_text,medium,1,medium_text
C:\Temp\shot-classification\labeled_dataset\close-up_notext\0209_cut_011.jpg,0209_cut_011.jpg,209,close-up_notext,close-up,0,close-up_notext
C:\Temp\shot-classification\labeled_dataset\close-up_text\0209_cut_004.jpg,0209_cut_004.jpg,209,close-up_text,close-up,1,close-up_text
C:\Temp\shot-classification\labeled_dataset\close-up_text\0209_cut_005.jpg,0209_cut_005.jpg,209,close-up_text,close-up,1,close-up_text
C:\Temp\shot-classification\labeled_dataset\close-up_text\0209_cut_006.jpg,0209_cut_006.jpg,209,close-up_text,close-up,1,close-up_text
C:\Temp\shot-classification\labeled_dataset\close-up_text\0209_cut_012.jpg,0209_cut_012.jpg,209,close-up_text,close-up,1,close-up_text
C:\Temp\shot-classification\labeled_dataset\close-up_text\0209_cut_013.jpg,0209_cut_013.jpg,209,close-up_text,close-up,1,close-up_text
C:\Temp\shot-classification\labeled_dataset\close-up_text\0209_cut_014.jpg,0209_cut_014.jpg,209,close-up_text,close-up,1,close-up_text
C:\Temp\shot-classification\labeled_dataset\close-up_text\0209_cut_015.jpg,0209_cut_015.jpg,209,close-up_text,close-up,1,close-up_text
C:\Temp\shot-classification\labeled_dataset\close-up_text\0209_cut_018.jpg,0209_cut_018.jpg,209,close-up_text,close-up,1,close-up_text
C:\Temp\shot-classification\labeled_dataset\medium_notext\0209_cut_001.jpg,0209_cut_001.jpg,209,medium_notext,medium,0,medium_notext
C:\Temp\shot-classification\labeled_dataset\medium_text\0209_cut_002.jpg,0209_cut_002.jpg,209,medium_text,medium,1,medium_text
C:\Temp\shot-classification\labeled_dataset\medium_text\0209_cut_003.jpg,0209_cut_003.jpg,209,medium_text,medium,1,medium_text
C:\Temp\shot-classification\labeled_dataset\medium_text\0209_cut_007.jpg,0209_cut_007.jpg,209,medium_text,medium,1,medium_text
C:\Temp\shot-classification\labeled_dataset\medium_text\0209_cut_008.jpg,0209_cut_008.jpg,209,medium_text,medium,1,medium_text
C:\Temp\shot-classification\labeled_dataset\medium_text\0209_cut_009.jpg,0209_cut_009.jpg,209,medium_text,medium,1,medium_text
C:\Temp\shot-classification\labeled_dataset\medium_text\0209_cut_010.jpg,0209_cut_010.jpg,209,medium_text,medium,1,medium_text
C:\Temp\shot-classification\labeled_dataset\object_text\0209_cut_016.jpg,0209_cut_016.jpg,209,object_text,object,1,object_text
C:\Temp\shot-classification\labeled_dataset\close-up_text\0210_cut_001.jpg,0210_cut_001.jpg,210,close-up_text,close-up,1,close-up_text
C:\Temp\shot-classification\labeled_dataset\close-up_text\0210_cut_002.jpg,0210_cut_002.jpg,210,close-up_text,close-up,1,close-up_text
C:\Temp\shot-classification\labeled_dataset\close-up_text\0210_cut_003.jpg,0210_cut_003.jpg,210,close-up_text,close-up,1,close-up_text
C:\Temp\shot-classification\labeled_dataset\close-up_text\0210_cut_006.jpg,0210_cut_006.jpg,210,close-up_text,close-up,1,close-up_text
C:\Temp\shot-classification\labeled_dataset\close-up_text\0210_cut_008.jpg,0210_cut_008.jpg,210,close-up_text,close-up,1,close-up_text
C:\Temp\shot-classification\labeled_dataset\close-up_text\0210_cut_009.jpg,0210_cut_009.jpg,210,close-up_text,close-up,1,close-up_text
C:\Temp\shot-classification\labeled_dataset\close-up_text\0210_cut_010.jpg,0210_cut_010.jpg,210,close-up_text,close-up,1,close-up_text
C:\Temp\shot-classification\labeled_dataset\close-up_text\0210_cut_011.jpg,0210_cut_011.jpg,210,close-up_text,close-up,1,close-up_text
C:\Temp\shot-classification\labeled_dataset\close-up_text\0210_cut_012.jpg,0210_cut_012.jpg,210,close-up_text,close-up,1,close-up_text
C:\Temp\shot-classification\labeled_dataset\close-up_text\0210_cut_013.jpg,0210_cut_013.jpg,210,close-up_text,close-up,1,close-up_text
C:\Temp\shot-classification\labeled_dataset\close-up_text\0210_cut_015.jpg,0210_cut_015.jpg,210,close-up_text,close-up,1,close-up_text
C:\Temp\shot-classification\labeled_dataset\close-up_text\0210_cut_016.jpg,0210_cut_016.jpg,210,close-up_text,close-up,1,close-up_text
C:\Temp\shot-classification\labeled_dataset\close-up_text\0210_cut_017.jpg,0210_cut_017.jpg,210,close-up_text,close-up,1,close-up_text
C:\Temp\shot-classification\labeled_dataset\close-up_text\0210_cut_018.jpg,0210_cut_018.jpg,210,close-up_text,close-up,1,close-up_text
C:\Temp\shot-classification\labeled_dataset\close-up_text\0210_cut_019.jpg,0210_cut_019.jpg,210,close-up_text,close-up,1,close-up_text
C:\Temp\shot-classification\labeled_dataset\close-up_text\0210_cut_020.jpg,0210_cut_020.jpg,210,close-up_text,close-up,1,close-up_text
C:\Temp\shot-classification\labeled_dataset\close-up_text\0210_cut_021.jpg,0210_cut_021.jpg,210,close-up_text,close-up,1,close-up_text
C:\Temp\shot-classification\labeled_dataset\close-up_text\0210_cut_022.jpg,0210_cut_022.jpg,210,close-up_text,close-up,1,close-up_text
C:\Temp\shot-classification\labeled_dataset\object_text\0210_cut_004.jpg,0210_cut_004.jpg,210,object_text,object,1,object_text
C:\Temp\shot-classification\labeled_dataset\object_text\0210_cut_007.jpg,0210_cut_007.jpg,210,object_text,object,1,object_text
C:\Temp\shot-classification\labeled_dataset\object_text\0210_cut_014.jpg,0210_cut_014.jpg,210,object_text,object,1,object_text
C:\Temp\shot-classification\labeled_dataset\close-up_text\0211_cut_001.jpg,0211_cut_001.jpg,211,close-up_text,close-up,1,close-up_text
C:\Temp\shot-classification\labeled_dataset\close-up_text\0211_cut_003.jpg,0211_cut_003.jpg,211,close-up_text,close-up,1,close-up_text
C:\Temp\shot-classification\labeled_dataset\close-up_text\0211_cut_007.jpg,0211_cut_007.jpg,211,close-up_text,close-up,1,close-up_text
C:\Temp\shot-classification\labeled_dataset\close-up_text\0211_cut_008.jpg,0211_cut_008.jpg,211,close-up_text,close-up,1,close-up_text
C:\Temp\shot-classification\labeled_dataset\medium_text\0211_cut_002.jpg,0211_cut_002.jpg,211,medium_text,medium,1,medium_text
C:\Temp\shot-classification\labeled_dataset\medium_text\0211_cut_006.jpg,0211_cut_006.jpg,211,medium_text,medium,1,medium_text
C:\Temp\shot-classification\labeled_dataset\medium_text\0211_cut_009.jpg,0211_cut_009.jpg,211,medium_text,medium,1,medium_text
C:\Temp\shot-classification\labeled_dataset\object_text\0211_cut_004.jpg,0211_cut_004.jpg,211,object_text,object,1,object_text
C:\Temp\shot-classification\labeled_dataset\object_text\0211_cut_005.jpg,0211_cut_005.jpg,211,object_text,object,1,object_text
C:\Temp\shot-classification\labeled_dataset\close-up_text\0212_cut_001.jpg,0212_cut_001.jpg,212,close-up_text,close-up,1,close-up_text
C:\Temp\shot-classification\labeled_dataset\close-up_text\0212_cut_005.jpg,0212_cut_005.jpg,212,close-up_text,close-up,1,close-up_text
C:\Temp\shot-classification\labeled_dataset\close-up_text\0212_cut_006.jpg,0212_cut_006.jpg,212,close-up_text,close-up,1,close-up_text
C:\Temp\shot-classification\labeled_dataset\close-up_text\0212_cut_007.jpg,0212_cut_007.jpg,212,close-up_text,close-up,1,close-up_text
C:\Temp\shot-classification\labeled_dataset\close-up_text\0212_cut_008.jpg,0212_cut_008.jpg,212,close-up_text,close-up,1,close-up_text
C:\Temp\shot-classification\labeled_dataset\close-up_text\0212_cut_010.jpg,0212_cut_010.jpg,212,close-up_text,close-up,1,close-up_text
C:\Temp\shot-classification\labeled_dataset\close-up_text\0212_cut_011.jpg,0212_cut_011.jpg,212,close-up_text,close-up,1,close-up_text
C:\Temp\shot-classification\labeled_dataset\close-up_text\0212_cut_012.jpg,0212_cut_012.jpg,212,close-up_text,close-up,1,close-up_text
C:\Temp\shot-classification\labeled_dataset\close-up_text\0212_cut_013.jpg,0212_cut_013.jpg,212,close-up_text,close-up,1,close-up_text
C:\Temp\shot-classification\labeled_dataset\close-up_text\0212_cut_014.jpg,0212_cut_014.jpg,212,close-up_text,close-up,1,close-up_text
C:\Temp\shot-classification\labeled_dataset\medium_text\0212_cut_003.jpg,0212_cut_003.jpg,212,medium_text,medium,1,medium_text
C:\Temp\shot-classification\labeled_dataset\object_text\0212_cut_002.jpg,0212_cut_002.jpg,212,object_text,object,1,object_text
C:\Temp\shot-classification\labeled_dataset\object_text\0212_cut_004.jpg,0212_cut_004.jpg,212,object_text,object,1,object_text
C:\Temp\shot-classification\labeled_dataset\object_text\0212_cut_009.jpg,0212_cut_009.jpg,212,object_text,object,1,object_text
C:\Temp\shot-classification\labeled_dataset\close-up_notext\0213_cut_004.jpg,0213_cut_004.jpg,213,close-up_notext,close-up,0,close-up_notext
C:\Temp\shot-classification\labeled_dataset\close-up_notext\0213_cut_005.jpg,0213_cut_005.jpg,213,close-up_notext,close-up,0,close-up_notext
C:\Temp\shot-classification\labeled_dataset\close-up_text\0213_cut_001.jpg,0213_cut_001.jpg,213,close-up_text,close-up,1,close-up_text
C:\Temp\shot-classification\labeled_dataset\close-up_text\0213_cut_002.jpg,0213_cut_002.jpg,213,close-up_text,close-up,1,close-up_text
C:\Temp\shot-classification\labeled_dataset\close-up_text\0213_cut_003.jpg,0213_cut_003.jpg,213,close-up_text,close-up,1,close-up_text
C:\Temp\shot-classification\labeled_dataset\close-up_text\0213_cut_006.jpg,0213_cut_006.jpg,213,close-up_text,close-up,1,close-up_text
C:\Temp\shot-classification\labeled_dataset\close-up_text\0213_cut_007.jpg,0213_cut_007.jpg,213,close-up_text,close-up,1,close-up_text
C:\Temp\shot-classification\labeled_dataset\close-up_text\0213_cut_008.jpg,0213_cut_008.jpg,213,close-up_text,close-up,1,close-up_text
C:\Temp\shot-classification\labeled_dataset\close-up_text\0214_cut_001.jpg,0214_cut_001.jpg,214,close-up_text,close-up,1,close-up_text
C:\Temp\shot-classification\labeled_dataset\close-up_text\0214_cut_003.jpg,0214_cut_003.jpg,214,close-up_text,close-up,1,close-up_text
C:\Temp\shot-classification\labeled_dataset\close-up_text\0214_cut_004.jpg,0214_cut_004.jpg,214,close-up_text,close-up,1,close-up_text
C:\Temp\shot-classification\labeled_dataset\close-up_text\0214_cut_005.jpg,0214_cut_005.jpg,214,close-up_text,close-up,1,close-up_text
C:\Temp\shot-classification\labeled_dataset\close-up_text\0214_cut_007.jpg,0214_cut_007.jpg,214,close-up_text,close-up,1,close-up_text
C:\Temp\shot-classification\labeled_dataset\close-up_text\0214_cut_008.jpg,0214_cut_008.jpg,214,close-up_text,close-up,1,close-up_text
C:\Temp\shot-classification\labeled_dataset\close-up_text\0214_cut_009.jpg,0214_cut_009.jpg,214,close-up_text,close-up,1,close-up_text
C:\Temp\shot-classification\labeled_dataset\close-up_text\0214_cut_010.jpg,0214_cut_010.jpg,214,close-up_text,close-up,1,close-up_text
C:\Temp\shot-classification\labeled_dataset\close-up_text\0214_cut_011.jpg,0214_cut_011.jpg,214,close-up_text,close-up,1,close-up_text
C:\Temp\shot-classification\labeled_dataset\close-up_text\0214_cut_012.jpg,0214_cut_012.jpg,214,close-up_text,close-up,1,close-up_text
C:\Temp\shot-classification\labeled_dataset\close-up_text\0214_cut_014.jpg,0214_cut_014.jpg,214,close-up_text,close-up,1,close-up_text
C:\Temp\shot-classification\labeled_dataset\close-up_text\0214_cut_016.jpg,0214_cut_016.jpg,214,close-up_text,close-up,1,close-up_text
C:\Temp\shot-classification\labeled_dataset\close-up_text\0214_cut_018.jpg,0214_cut_018.jpg,214,close-up_text,close-up,1,close-up_text
C:\Temp\shot-classification\labeled_dataset\close-up_text\0214_cut_019.jpg,0214_cut_019.jpg,214,close-up_text,close-up,1,close-up_text
C:\Temp\shot-classification\labeled_dataset\close-up_text\0214_cut_020.jpg,0214_cut_020.jpg,214,close-up_text,close-up,1,close-up_text
C:\Temp\shot-classification\labeled_dataset\close-up_text\0214_cut_021.jpg,0214_cut_021.jpg,214,close-up_text,close-up,1,close-up_text
C:\Temp\shot-classification\labeled_dataset\close-up_text\0214_cut_022.jpg,0214_cut_022.jpg,214,close-up_text,close-up,1,close-up_text
C:\Temp\shot-classification\labeled_dataset\close-up_text\0214_cut_023.jpg,0214_cut_023.jpg,214,close-up_text,close-up,1,close-up_text
C:\Temp\shot-classification\labeled_dataset\close-up_text\0214_cut_024.jpg,0214_cut_024.jpg,214,close-up_text,close-up,1,close-up_text
C:\Temp\shot-classification\labeled_dataset\close-up_text\0214_cut_025.jpg,0214_cut_025.jpg,214,close-up_text,close-up,1,close-up_text
C:\Temp\shot-classification\labeled_dataset\close-up_text\0214_cut_026.jpg,0214_cut_026.jpg,214,close-up_text,close-up,1,close-up_text
C:\Temp\shot-classification\labeled_dataset\close-up_text\0214_cut_027.jpg,0214_cut_027.jpg,214,close-up_text,close-up,1,close-up_text
C:\Temp\shot-classification\labeled_dataset\close-up_text\0214_cut_028.jpg,0214_cut_028.jpg,214,close-up_text,close-up,1,close-up_text
C:\Temp\shot-classification\labeled_dataset\close-up_text\0214_cut_029.jpg,0214_cut_029.jpg,214,close-up_text,close-up,1,close-up_text
C:\Temp\shot-classification\labeled_dataset\close-up_text\0214_cut_030.jpg,0214_cut_030.jpg,214,close-up_text,close-up,1,close-up_text
C:\Temp\shot-classification\labeled_dataset\close-up_text\0214_cut_031.jpg,0214_cut_031.jpg,214,close-up_text,close-up,1,close-up_text
C:\Temp\shot-classification\labeled_dataset\close-up_text\0214_cut_032.jpg,0214_cut_032.jpg,214,close-up_text,close-up,1,close-up_text
C:\Temp\shot-classification\labeled_dataset\close-up_text\0214_cut_033.jpg,0214_cut_033.jpg,214,close-up_text,close-up,1,close-up_text
C:\Temp\shot-classification\labeled_dataset\close-up_text\0214_cut_034.jpg,0214_cut_034.jpg,214,close-up_text,close-up,1,close-up_text
C:\Temp\shot-classification\labeled_dataset\close-up_text\0214_cut_035.jpg,0214_cut_035.jpg,214,close-up_text,close-up,1,close-up_text
C:\Temp\shot-classification\labeled_dataset\medium_text\0214_cut_002.jpg,0214_cut_002.jpg,214,medium_text,medium,1,medium_text
C:\Temp\shot-classification\labeled_dataset\medium_text\0214_cut_017.jpg,0214_cut_017.jpg,214,medium_text,medium,1,medium_text
C:\Temp\shot-classification\labeled_dataset\object_text\0214_cut_006.jpg,0214_cut_006.jpg,214,object_text,object,1,object_text
C:\Temp\shot-classification\labeled_dataset\object_text\0214_cut_015.jpg,0214_cut_015.jpg,214,object_text,object,1,object_text
C:\Temp\shot-classification\labeled_dataset\close-up_text\0215_cut_001.jpg,0215_cut_001.jpg,215,close-up_text,close-up,1,close-up_text
C:\Temp\shot-classification\labeled_dataset\close-up_text\0215_cut_002.jpg,0215_cut_002.jpg,215,close-up_text,close-up,1,close-up_text
C:\Temp\shot-classification\labeled_dataset\close-up_text\0215_cut_003.jpg,0215_cut_003.jpg,215,close-up_text,close-up,1,close-up_text
C:\Temp\shot-classification\labeled_dataset\close-up_text\0215_cut_004.jpg,0215_cut_004.jpg,215,close-up_text,close-up,1,close-up_text
C:\Temp\shot-classification\labeled_dataset\close-up_text\0215_cut_006.jpg,0215_cut_006.jpg,215,close-up_text,close-up,1,close-up_text
C:\Temp\shot-classification\labeled_dataset\close-up_text\0215_cut_008.jpg,0215_cut_008.jpg,215,close-up_text,close-up,1,close-up_text
C:\Temp\shot-classification\labeled_dataset\close-up_text\0215_cut_012.jpg,0215_cut_012.jpg,215,close-up_text,close-up,1,close-up_text
C:\Temp\shot-classification\labeled_dataset\close-up_text\0215_cut_013.jpg,0215_cut_013.jpg,215,close-up_text,close-up,1,close-up_text
C:\Temp\shot-classification\labeled_dataset\close-up_text\0215_cut_018.jpg,0215_cut_018.jpg,215,close-up_text,close-up,1,close-up_text
C:\Temp\shot-classification\labeled_dataset\close-up_text\0215_cut_020.jpg,0215_cut_020.jpg,215,close-up_text,close-up,1,close-up_text
C:\Temp\shot-classification\labeled_dataset\close-up_text\0215_cut_021.jpg,0215_cut_021.jpg,215,close-up_text,close-up,1,close-up_text
C:\Temp\shot-classification\labeled_dataset\close-up_text\0215_cut_023.jpg,0215_cut_023.jpg,215,close-up_text,close-up,1,close-up_text
C:\Temp\shot-classification\labeled_dataset\object_text\0215_cut_005.jpg,0215_cut_005.jpg,215,object_text,object,1,object_text
C:\Temp\shot-classification\labeled_dataset\object_text\0215_cut_007.jpg,0215_cut_007.jpg,215,object_text,object,1,object_text
C:\Temp\shot-classification\labeled_dataset\object_text\0215_cut_009.jpg,0215_cut_009.jpg,215,object_text,object,1,object_text
C:\Temp\shot-classification\labeled_dataset\object_text\0215_cut_010.jpg,0215_cut_010.jpg,215,object_text,object,1,object_text
C:\Temp\shot-classification\labeled_dataset\object_text\0215_cut_011.jpg,0215_cut_011.jpg,215,object_text,object,1,object_text
C:\Temp\shot-classification\labeled_dataset\object_text\0215_cut_014.jpg,0215_cut_014.jpg,215,object_text,object,1,object_text
C:\Temp\shot-classification\labeled_dataset\object_text\0215_cut_015.jpg,0215_cut_015.jpg,215,object_text,object,1,object_text
C:\Temp\shot-classification\labeled_dataset\object_text\0215_cut_016.jpg,0215_cut_016.jpg,215,object_text,object,1,object_text
C:\Temp\shot-classification\labeled_dataset\object_text\0215_cut_017.jpg,0215_cut_017.jpg,215,object_text,object,1,object_text
C:\Temp\shot-classification\labeled_dataset\object_text\0215_cut_019.jpg,0215_cut_019.jpg,215,object_text,object,1,object_text
C:\Temp\shot-classification\labeled_dataset\object_text\0215_cut_022.jpg,0215_cut_022.jpg,215,object_text,object,1,object_text
C:\Temp\shot-classification\labeled_dataset\close-up_text\0216_cut_001.jpg,0216_cut_001.jpg,216,close-up_text,close-up,1,close-up_text
C:\Temp\shot-classification\labeled_dataset\close-up_text\0216_cut_002.jpg,0216_cut_002.jpg,216,close-up_text,close-up,1,close-up_text
C:\Temp\shot-classification\labeled_dataset\close-up_text\0216_cut_003.jpg,0216_cut_003.jpg,216,close-up_text,close-up,1,close-up_text
C:\Temp\shot-classification\labeled_dataset\close-up_text\0216_cut_004.jpg,0216_cut_004.jpg,216,close-up_text,close-up,1,close-up_text
C:\Temp\shot-classification\labeled_dataset\close-up_text\0216_cut_005.jpg,0216_cut_005.jpg,216,close-up_text,close-up,1,close-up_text
C:\Temp\shot-classification\labeled_dataset\close-up_text\0216_cut_006.jpg,0216_cut_006.jpg,216,close-up_text,close-up,1,close-up_text
C:\Temp\shot-classification\labeled_dataset\close-up_text\0216_cut_007.jpg,0216_cut_007.jpg,216,close-up_text,close-up,1,close-up_text
C:\Temp\shot-classification\labeled_dataset\medium_text\0216_cut_008.jpg,0216_cut_008.jpg,216,medium_text,medium,1,medium_text
C:\Temp\shot-classification\labeled_dataset\object_text\0216_cut_009.jpg,0216_cut_009.jpg,216,object_text,object,1,object_text
C:\Temp\shot-classification\labeled_dataset\close-up_text\0217_cut_001.jpg,0217_cut_001.jpg,217,close-up_text,close-up,1,close-up_text
C:\Temp\shot-classification\labeled_dataset\close-up_text\0217_cut_002.jpg,0217_cut_002.jpg,217,close-up_text,close-up,1,close-up_text
C:\Temp\shot-classification\labeled_dataset\close-up_text\0218_cut_005.jpg,0218_cut_005.jpg,218,close-up_text,close-up,1,close-up_text
C:\Temp\shot-classification\labeled_dataset\close-up_text\0218_cut_006.jpg,0218_cut_006.jpg,218,close-up_text,close-up,1,close-up_text
C:\Temp\shot-classification\labeled_dataset\close-up_text\0218_cut_007.jpg,0218_cut_007.jpg,218,close-up_text,close-up,1,close-up_text
C:\Temp\shot-classification\labeled_dataset\object_text\0218_cut_001.jpg,0218_cut_001.jpg,218,object_text,object,1,object_text
C:\Temp\shot-classification\labeled_dataset\object_text\0218_cut_004.jpg,0218_cut_004.jpg,218,object_text,object,1,object_text
C:\Temp\shot-classification\labeled_dataset\space_text\0218_cut_002.jpg,0218_cut_002.jpg,218,space_text,space,1,space_text
C:\Temp\shot-classification\labeled_dataset\space_text\0218_cut_003.jpg,0218_cut_003.jpg,218,space_text,space,1,space_text
C:\Temp\shot-classification\labeled_dataset\space_text\0218_cut_011.jpg,0218_cut_011.jpg,218,space_text,space,1,space_text
C:\Temp\shot-classification\labeled_dataset\medium_text\0219_cut_001.jpg,0219_cut_001.jpg,219,medium_text,medium,1,medium_text
C:\Temp\shot-classification\labeled_dataset\medium_text\0219_cut_002.jpg,0219_cut_002.jpg,219,medium_text,medium,1,medium_text
C:\Temp\shot-classification\labeled_dataset\medium_text\0219_cut_003.jpg,0219_cut_003.jpg,219,medium_text,medium,1,medium_text
C:\Temp\shot-classification\labeled_dataset\medium_text\0219_cut_004.jpg,0219_cut_004.jpg,219,medium_text,medium,1,medium_text
C:\Temp\shot-classification\labeled_dataset\medium_text\0219_cut_005.jpg,0219_cut_005.jpg,219,medium_text,medium,1,medium_text
C:\Temp\shot-classification\labeled_dataset\close-up_text\0220_cut_001.jpg,0220_cut_001.jpg,220,close-up_text,close-up,1,close-up_text
C:\Temp\shot-classification\labeled_dataset\close-up_text\0220_cut_004.jpg,0220_cut_004.jpg,220,close-up_text,close-up,1,close-up_text
C:\Temp\shot-classification\labeled_dataset\close-up_text\0220_cut_005.jpg,0220_cut_005.jpg,220,close-up_text,close-up,1,close-up_text
C:\Temp\shot-classification\labeled_dataset\close-up_text\0220_cut_006.jpg,0220_cut_006.jpg,220,close-up_text,close-up,1,close-up_text
C:\Temp\shot-classification\labeled_dataset\close-up_text\0220_cut_007.jpg,0220_cut_007.jpg,220,close-up_text,close-up,1,close-up_text
C:\Temp\shot-classification\labeled_dataset\close-up_text\0220_cut_008.jpg,0220_cut_008.jpg,220,close-up_text,close-up,1,close-up_text
C:\Temp\shot-classification\labeled_dataset\close-up_text\0220_cut_009.jpg,0220_cut_009.jpg,220,close-up_text,close-up,1,close-up_text
C:\Temp\shot-classification\labeled_dataset\close-up_text\0220_cut_010.jpg,0220_cut_010.jpg,220,close-up_text,close-up,1,close-up_text
C:\Temp\shot-classification\labeled_dataset\medium_text\0220_cut_002.jpg,0220_cut_002.jpg,220,medium_text,medium,1,medium_text
C:\Temp\shot-classification\labeled_dataset\medium_text\0220_cut_003.jpg,0220_cut_003.jpg,220,medium_text,medium,1,medium_text
C:\Temp\shot-classification\labeled_dataset\medium_text\0220_cut_011.jpg,0220_cut_011.jpg,220,medium_text,medium,1,medium_text
C:\Temp\shot-classification\labeled_dataset\close-up_text\0221_cut_001.jpg,0221_cut_001.jpg,221,close-up_text,close-up,1,close-up_text
C:\Temp\shot-classification\labeled_dataset\medium_text\0221_cut_002.jpg,0221_cut_002.jpg,221,medium_text,medium,1,medium_text
C:\Temp\shot-classification\labeled_dataset\medium_text\0221_cut_003.jpg,0221_cut_003.jpg,221,medium_text,medium,1,medium_text
C:\Temp\shot-classification\labeled_dataset\medium_text\0221_cut_004.jpg,0221_cut_004.jpg,221,medium_text,medium,1,medium_text
C:\Temp\shot-classification\labeled_dataset\medium_text\0221_cut_006.jpg,0221_cut_006.jpg,221,medium_text,medium,1,medium_text
C:\Temp\shot-classification\labeled_dataset\object_text\0221_cut_005.jpg,0221_cut_005.jpg,221,object_text,object,1,object_text
