filepath,filename,video_id,original_class,shot_type,has_text,joint_label,split,embedding_index
C:\Temp\deep\labeled_dataset\close-up_notext\0013_cut_006.jpg,0013_cut_006.jpg,13,close-up_notext,close-up,0,close-up_notext,train,0
C:\Temp\deep\labeled_dataset\close-up_notext\0013_cut_012.jpg,0013_cut_012.jpg,13,close-up_notext,close-up,0,close-up_notext,train,1
C:\Temp\deep\labeled_dataset\close-up_notext\0013_cut_017.jpg,0013_cut_017.jpg,13,close-up_notext,close-up,0,close-up_notext,train,2
C:\Temp\deep\labeled_dataset\close-up_notext\0015_cut_001.jpg,0015_cut_001.jpg,15,close-up_notext,close-up,0,close-up_notext,train,3
C:\Temp\deep\labeled_dataset\close-up_notext\0024_cut_012.jpg,0024_cut_012.jpg,24,close-up_notext,close-up,0,close-up_notext,train,4
C:\Temp\deep\labeled_dataset\close-up_notext\0024_cut_016.jpg,0024_cut_016.jpg,24,close-up_notext,close-up,0,close-up_notext,train,5
C:\Temp\deep\labeled_dataset\close-up_notext\0024_cut_019.jpg,0024_cut_019.jpg,24,close-up_notext,close-up,0,close-up_notext,train,6
C:\Temp\deep\labeled_dataset\close-up_notext\0024_cut_026.jpg,0024_cut_026.jpg,24,close-up_notext,close-up,0,close-up_notext,train,7
C:\Temp\deep\labeled_dataset\close-up_notext\0036_cut_001.jpg,0036_cut_001.jpg,36,close-up_notext,close-up,0,close-up_notext,train,8
C:\Temp\deep\labeled_dataset\close-up_notext\0036_cut_008.jpg,0036_cut_008.jpg,36,close-up_notext,close-up,0,close-up_notext,train,9
C:\Temp\deep\labeled_dataset\close-up_notext\0036_cut_009.jpg,0036_cut_009.jpg,36,close-up_notext,close-up,0,close-up_notext,train,10
C:\Temp\deep\labeled_dataset\close-up_notext\0037_cut_002.jpg,0037_cut_002.jpg,37,close-up_notext,close-up,0,close-up_notext,test,11
C:\Temp\deep\labeled_dataset\close-up_notext\0044_cut_011.jpg,0044_cut_011.jpg,44,close-up_notext,close-up,0,close-up_notext,train,12
C:\Temp\deep\labeled_dataset\close-up_notext\0044_cut_018.jpg,0044_cut_018.jpg,44,close-up_notext,close-up,0,close-up_notext,train,13
C:\Temp\deep\labeled_dataset\close-up_notext\0048_cut_027.jpg,0048_cut_027.jpg,48,close-up_notext,close-up,0,close-up_notext,test,14
C:\Temp\deep\labeled_dataset\close-up_notext\0081_cut_002.jpg,0081_cut_002.jpg,81,close-up_notext,close-up,0,close-up_notext,train,15
C:\Temp\deep\labeled_dataset\close-up_notext\0081_cut_003.jpg,0081_cut_003.jpg,81,close-up_notext,close-up,0,close-up_notext,train,16
C:\Temp\deep\labeled_dataset\close-up_notext\0081_cut_004.jpg,0081_cut_004.jpg,81,close-up_notext,close-up,0,close-up_notext,train,17
C:\Temp\deep\labeled_dataset\close-up_notext\0084_cut_004.jpg,0084_cut_004.jpg,84,close-up_notext,close-up,0,close-up_notext,train,18
C:\Temp\deep\labeled_dataset\close-up_notext\0085_cut_003.jpg,0085_cut_003.jpg,85,close-up_notext,close-up,0,close-up_notext,train,19
C:\Temp\deep\labeled_dataset\close-up_notext\0085_cut_007.jpg,0085_cut_007.jpg,85,close-up_notext,close-up,0,close-up_notext,train,20
C:\Temp\deep\labeled_dataset\close-up_notext\0085_cut_008.jpg,0085_cut_008.jpg,85,close-up_notext,close-up,0,close-up_notext,train,21
C:\Temp\deep\labeled_dataset\close-up_notext\0089_cut_001.jpg,0089_cut_001.jpg,89,close-up_notext,close-up,0,close-up_notext,val,22
C:\Temp\deep\labeled_dataset\close-up_notext\0098_cut_003.jpg,0098_cut_003.jpg,98,close-up_notext,close-up,0,close-up_notext,train,23
C:\Temp\deep\labeled_dataset\close-up_notext\0098_cut_004.jpg,0098_cut_004.jpg,98,close-up_notext,close-up,0,close-up_notext,train,24
C:\Temp\deep\labeled_dataset\close-up_notext\0114_cut_001.jpg,0114_cut_001.jpg,114,close-up_notext,close-up,0,close-up_notext,test,25
C:\Temp\deep\labeled_dataset\close-up_notext\0114_cut_015.jpg,0114_cut_015.jpg,114,close-up_notext,close-up,0,close-up_notext,test,26
C:\Temp\deep\labeled_dataset\close-up_notext\0123_cut_001.jpg,0123_cut_001.jpg,123,close-up_notext,close-up,0,close-up_notext,train,27
C:\Temp\deep\labeled_dataset\close-up_notext\0127_cut_001.jpg,0127_cut_001.jpg,127,close-up_notext,close-up,0,close-up_notext,train,28
C:\Temp\deep\labeled_dataset\close-up_text\0002_cut_002.jpg,0002_cut_002.jpg,2,close-up_text,close-up,1,close-up_text,train,29
C:\Temp\deep\labeled_dataset\close-up_text\0002_cut_003.jpg,0002_cut_003.jpg,2,close-up_text,close-up,1,close-up_text,train,30
C:\Temp\deep\labeled_dataset\close-up_text\0002_cut_004.jpg,0002_cut_004.jpg,2,close-up_text,close-up,1,close-up_text,train,31
C:\Temp\deep\labeled_dataset\close-up_text\0002_cut_005.jpg,0002_cut_005.jpg,2,close-up_text,close-up,1,close-up_text,train,32
C:\Temp\deep\labeled_dataset\close-up_text\0002_cut_006.jpg,0002_cut_006.jpg,2,close-up_text,close-up,1,close-up_text,train,33
C:\Temp\deep\labeled_dataset\close-up_text\0002_cut_007.jpg,0002_cut_007.jpg,2,close-up_text,close-up,1,close-up_text,train,34
C:\Temp\deep\labeled_dataset\close-up_text\0002_cut_008.jpg,0002_cut_008.jpg,2,close-up_text,close-up,1,close-up_text,train,35
C:\Temp\deep\labeled_dataset\close-up_text\0002_cut_009.jpg,0002_cut_009.jpg,2,close-up_text,close-up,1,close-up_text,train,36
C:\Temp\deep\labeled_dataset\close-up_text\0002_cut_010.jpg,0002_cut_010.jpg,2,close-up_text,close-up,1,close-up_text,train,37
C:\Temp\deep\labeled_dataset\close-up_text\0002_cut_011.jpg,0002_cut_011.jpg,2,close-up_text,close-up,1,close-up_text,train,38
C:\Temp\deep\labeled_dataset\close-up_text\0002_cut_012.jpg,0002_cut_012.jpg,2,close-up_text,close-up,1,close-up_text,train,39
C:\Temp\deep\labeled_dataset\close-up_text\0002_cut_013.jpg,0002_cut_013.jpg,2,close-up_text,close-up,1,close-up_text,train,40
C:\Temp\deep\labeled_dataset\close-up_text\0002_cut_014.jpg,0002_cut_014.jpg,2,close-up_text,close-up,1,close-up_text,train,41
C:\Temp\deep\labeled_dataset\close-up_text\0004_cut_006.jpg,0004_cut_006.jpg,4,close-up_text,close-up,1,close-up_text,val,42
C:\Temp\deep\labeled_dataset\close-up_text\0004_cut_009.jpg,0004_cut_009.jpg,4,close-up_text,close-up,1,close-up_text,val,43
C:\Temp\deep\labeled_dataset\close-up_text\0004_cut_010.jpg,0004_cut_010.jpg,4,close-up_text,close-up,1,close-up_text,val,44
C:\Temp\deep\labeled_dataset\close-up_text\0009_cut_006.jpg,0009_cut_006.jpg,9,close-up_text,close-up,1,close-up_text,train,45
C:\Temp\deep\labeled_dataset\close-up_text\0011_cut_002.jpg,0011_cut_002.jpg,11,close-up_text,close-up,1,close-up_text,train,46
C:\Temp\deep\labeled_dataset\close-up_text\0011_cut_015.jpg,0011_cut_015.jpg,11,close-up_text,close-up,1,close-up_text,train,47
C:\Temp\deep\labeled_dataset\close-up_text\0011_cut_016.jpg,0011_cut_016.jpg,11,close-up_text,close-up,1,close-up_text,train,48
C:\Temp\deep\labeled_dataset\close-up_text\0013_cut_002.jpg,0013_cut_002.jpg,13,close-up_text,close-up,1,close-up_text,train,49
C:\Temp\deep\labeled_dataset\close-up_text\0015_cut_004.jpg,0015_cut_004.jpg,15,close-up_text,close-up,1,close-up_text,train,50
C:\Temp\deep\labeled_dataset\close-up_text\0015_cut_005.jpg,0015_cut_005.jpg,15,close-up_text,close-up,1,close-up_text,train,51
C:\Temp\deep\labeled_dataset\close-up_text\0015_cut_006.jpg,0015_cut_006.jpg,15,close-up_text,close-up,1,close-up_text,train,52
C:\Temp\deep\labeled_dataset\close-up_text\0015_cut_007.jpg,0015_cut_007.jpg,15,close-up_text,close-up,1,close-up_text,train,53
C:\Temp\deep\labeled_dataset\close-up_text\0015_cut_009.jpg,0015_cut_009.jpg,15,close-up_text,close-up,1,close-up_text,train,54
C:\Temp\deep\labeled_dataset\close-up_text\0015_cut_010.jpg,0015_cut_010.jpg,15,close-up_text,close-up,1,close-up_text,train,55
C:\Temp\deep\labeled_dataset\close-up_text\0015_cut_011.jpg,0015_cut_011.jpg,15,close-up_text,close-up,1,close-up_text,train,56
C:\Temp\deep\labeled_dataset\close-up_text\0015_cut_012.jpg,0015_cut_012.jpg,15,close-up_text,close-up,1,close-up_text,train,57
C:\Temp\deep\labeled_dataset\close-up_text\0015_cut_013.jpg,0015_cut_013.jpg,15,close-up_text,close-up,1,close-up_text,train,58
C:\Temp\deep\labeled_dataset\close-up_text\0015_cut_014.jpg,0015_cut_014.jpg,15,close-up_text,close-up,1,close-up_text,train,59
C:\Temp\deep\labeled_dataset\close-up_text\0015_cut_015.jpg,0015_cut_015.jpg,15,close-up_text,close-up,1,close-up_text,train,60
C:\Temp\deep\labeled_dataset\close-up_text\0017_cut_005.jpg,0017_cut_005.jpg,17,close-up_text,close-up,1,close-up_text,train,61
C:\Temp\deep\labeled_dataset\close-up_text\0019_cut_002.jpg,0019_cut_002.jpg,19,close-up_text,close-up,1,close-up_text,test,62
C:\Temp\deep\labeled_dataset\close-up_text\0021_cut_001.jpg,0021_cut_001.jpg,21,close-up_text,close-up,1,close-up_text,val,63
C:\Temp\deep\labeled_dataset\close-up_text\0024_cut_010.jpg,0024_cut_010.jpg,24,close-up_text,close-up,1,close-up_text,train,64
C:\Temp\deep\labeled_dataset\close-up_text\0024_cut_011.jpg,0024_cut_011.jpg,24,close-up_text,close-up,1,close-up_text,train,65
C:\Temp\deep\labeled_dataset\close-up_text\0024_cut_024.jpg,0024_cut_024.jpg,24,close-up_text,close-up,1,close-up_text,train,66
C:\Temp\deep\labeled_dataset\close-up_text\0024_cut_027.jpg,0024_cut_027.jpg,24,close-up_text,close-up,1,close-up_text,train,67
C:\Temp\deep\labeled_dataset\close-up_text\0024_cut_029.jpg,0024_cut_029.jpg,24,close-up_text,close-up,1,close-up_text,train,68
C:\Temp\deep\labeled_dataset\close-up_text\0024_cut_030.jpg,0024_cut_030.jpg,24,close-up_text,close-up,1,close-up_text,train,69
C:\Temp\deep\labeled_dataset\close-up_text\0024_cut_031.jpg,0024_cut_031.jpg,24,close-up_text,close-up,1,close-up_text,train,70
C:\Temp\deep\labeled_dataset\close-up_text\0024_cut_033.jpg,0024_cut_033.jpg,24,close-up_text,close-up,1,close-up_text,train,71
C:\Temp\deep\labeled_dataset\close-up_text\0025_cut_011.jpg,0025_cut_011.jpg,25,close-up_text,close-up,1,close-up_text,test,72
C:\Temp\deep\labeled_dataset\close-up_text\0029_cut_009.jpg,0029_cut_009.jpg,29,close-up_text,close-up,1,close-up_text,train,73
C:\Temp\deep\labeled_dataset\close-up_text\0029_cut_010.jpg,0029_cut_010.jpg,29,close-up_text,close-up,1,close-up_text,train,74
C:\Temp\deep\labeled_dataset\close-up_text\0029_cut_022.jpg,0029_cut_022.jpg,29,close-up_text,close-up,1,close-up_text,train,75
C:\Temp\deep\labeled_dataset\close-up_text\0030_cut_003.jpg,0030_cut_003.jpg,30,close-up_text,close-up,1,close-up_text,val,76
C:\Temp\deep\labeled_dataset\close-up_text\0030_cut_013.jpg,0030_cut_013.jpg,30,close-up_text,close-up,1,close-up_text,val,77
C:\Temp\deep\labeled_dataset\close-up_text\0030_cut_015.jpg,0030_cut_015.jpg,30,close-up_text,close-up,1,close-up_text,val,78
C:\Temp\deep\labeled_dataset\close-up_text\0030_cut_025.jpg,0030_cut_025.jpg,30,close-up_text,close-up,1,close-up_text,val,79
C:\Temp\deep\labeled_dataset\close-up_text\0040_cut_005.jpg,0040_cut_005.jpg,40,close-up_text,close-up,1,close-up_text,train,80
C:\Temp\deep\labeled_dataset\close-up_text\0040_cut_018.jpg,0040_cut_018.jpg,40,close-up_text,close-up,1,close-up_text,train,81
C:\Temp\deep\labeled_dataset\close-up_text\0041_cut_002.jpg,0041_cut_002.jpg,41,close-up_text,close-up,1,close-up_text,train,82
C:\Temp\deep\labeled_dataset\close-up_text\0045_cut_004.jpg,0045_cut_004.jpg,45,close-up_text,close-up,1,close-up_text,train,83
C:\Temp\deep\labeled_dataset\close-up_text\0047_cut_004.jpg,0047_cut_004.jpg,47,close-up_text,close-up,1,close-up_text,train,84
C:\Temp\deep\labeled_dataset\close-up_text\0048_cut_017.jpg,0048_cut_017.jpg,48,close-up_text,close-up,1,close-up_text,test,85
C:\Temp\deep\labeled_dataset\close-up_text\0048_cut_019.jpg,0048_cut_019.jpg,48,close-up_text,close-up,1,close-up_text,test,86
C:\Temp\deep\labeled_dataset\close-up_text\0048_cut_021.jpg,0048_cut_021.jpg,48,close-up_text,close-up,1,close-up_text,test,87
C:\Temp\deep\labeled_dataset\close-up_text\0048_cut_022.jpg,0048_cut_022.jpg,48,close-up_text,close-up,1,close-up_text,test,88
C:\Temp\deep\labeled_dataset\close-up_text\0048_cut_030.jpg,0048_cut_030.jpg,48,close-up_text,close-up,1,close-up_text,test,89
C:\Temp\deep\labeled_dataset\close-up_text\0048_cut_031.jpg,0048_cut_031.jpg,48,close-up_text,close-up,1,close-up_text,test,90
C:\Temp\deep\labeled_dataset\close-up_text\0048_cut_032.jpg,0048_cut_032.jpg,48,close-up_text,close-up,1,close-up_text,test,91
C:\Temp\deep\labeled_dataset\close-up_text\0048_cut_033.jpg,0048_cut_033.jpg,48,close-up_text,close-up,1,close-up_text,test,92
C:\Temp\deep\labeled_dataset\close-up_text\0048_cut_035.jpg,0048_cut_035.jpg,48,close-up_text,close-up,1,close-up_text,test,93
C:\Temp\deep\labeled_dataset\close-up_text\0048_cut_037.jpg,0048_cut_037.jpg,48,close-up_text,close-up,1,close-up_text,test,94
C:\Temp\deep\labeled_dataset\close-up_text\0048_cut_039.jpg,0048_cut_039.jpg,48,close-up_text,close-up,1,close-up_text,test,95
C:\Temp\deep\labeled_dataset\close-up_text\0056_cut_001.jpg,0056_cut_001.jpg,56,close-up_text,close-up,1,close-up_text,train,96
C:\Temp\deep\labeled_dataset\close-up_text\0056_cut_018.jpg,0056_cut_018.jpg,56,close-up_text,close-up,1,close-up_text,train,97
C:\Temp\deep\labeled_dataset\close-up_text\0057_cut_002.jpg,0057_cut_002.jpg,57,close-up_text,close-up,1,close-up_text,train,98
C:\Temp\deep\labeled_dataset\close-up_text\0063_cut_002.jpg,0063_cut_002.jpg,63,close-up_text,close-up,1,close-up_text,train,99
C:\Temp\deep\labeled_dataset\close-up_text\0063_cut_003.jpg,0063_cut_003.jpg,63,close-up_text,close-up,1,close-up_text,train,100
C:\Temp\deep\labeled_dataset\close-up_text\0063_cut_004.jpg,0063_cut_004.jpg,63,close-up_text,close-up,1,close-up_text,train,101
C:\Temp\deep\labeled_dataset\close-up_text\0066_cut_003.jpg,0066_cut_003.jpg,66,close-up_text,close-up,1,close-up_text,val,102
C:\Temp\deep\labeled_dataset\close-up_text\0066_cut_004.jpg,0066_cut_004.jpg,66,close-up_text,close-up,1,close-up_text,val,103
C:\Temp\deep\labeled_dataset\close-up_text\0066_cut_005.jpg,0066_cut_005.jpg,66,close-up_text,close-up,1,close-up_text,val,104
C:\Temp\deep\labeled_dataset\close-up_text\0077_cut_008.jpg,0077_cut_008.jpg,77,close-up_text,close-up,1,close-up_text,test,105
C:\Temp\deep\labeled_dataset\close-up_text\0084_cut_001.jpg,0084_cut_001.jpg,84,close-up_text,close-up,1,close-up_text,train,106
C:\Temp\deep\labeled_dataset\close-up_text\0085_cut_001.jpg,0085_cut_001.jpg,85,close-up_text,close-up,1,close-up_text,train,107
C:\Temp\deep\labeled_dataset\close-up_text\0085_cut_002.jpg,0085_cut_002.jpg,85,close-up_text,close-up,1,close-up_text,train,108
C:\Temp\deep\labeled_dataset\close-up_text\0085_cut_004.jpg,0085_cut_004.jpg,85,close-up_text,close-up,1,close-up_text,train,109
C:\Temp\deep\labeled_dataset\close-up_text\0085_cut_005.jpg,0085_cut_005.jpg,85,close-up_text,close-up,1,close-up_text,train,110
C:\Temp\deep\labeled_dataset\close-up_text\0085_cut_006.jpg,0085_cut_006.jpg,85,close-up_text,close-up,1,close-up_text,train,111
C:\Temp\deep\labeled_dataset\close-up_text\0085_cut_009.jpg,0085_cut_009.jpg,85,close-up_text,close-up,1,close-up_text,train,112
C:\Temp\deep\labeled_dataset\close-up_text\0085_cut_010.jpg,0085_cut_010.jpg,85,close-up_text,close-up,1,close-up_text,train,113
C:\Temp\deep\labeled_dataset\close-up_text\0087_cut_012.jpg,0087_cut_012.jpg,87,close-up_text,close-up,1,close-up_text,test,114
C:\Temp\deep\labeled_dataset\close-up_text\0089_cut_003.jpg,0089_cut_003.jpg,89,close-up_text,close-up,1,close-up_text,val,115
C:\Temp\deep\labeled_dataset\close-up_text\0091_cut_004.jpg,0091_cut_004.jpg,91,close-up_text,close-up,1,close-up_text,val,116
C:\Temp\deep\labeled_dataset\close-up_text\0093_cut_002.jpg,0093_cut_002.jpg,93,close-up_text,close-up,1,close-up_text,val,117
C:\Temp\deep\labeled_dataset\close-up_text\0093_cut_012.jpg,0093_cut_012.jpg,93,close-up_text,close-up,1,close-up_text,val,118
C:\Temp\deep\labeled_dataset\close-up_text\0093_cut_018.jpg,0093_cut_018.jpg,93,close-up_text,close-up,1,close-up_text,val,119
C:\Temp\deep\labeled_dataset\close-up_text\0096_cut_006.jpg,0096_cut_006.jpg,96,close-up_text,close-up,1,close-up_text,train,120
C:\Temp\deep\labeled_dataset\close-up_text\0097_cut_001.jpg,0097_cut_001.jpg,97,close-up_text,close-up,1,close-up_text,train,121
C:\Temp\deep\labeled_dataset\close-up_text\0097_cut_003.jpg,0097_cut_003.jpg,97,close-up_text,close-up,1,close-up_text,train,122
C:\Temp\deep\labeled_dataset\close-up_text\0097_cut_005.jpg,0097_cut_005.jpg,97,close-up_text,close-up,1,close-up_text,train,123
C:\Temp\deep\labeled_dataset\close-up_text\0097_cut_007.jpg,0097_cut_007.jpg,97,close-up_text,close-up,1,close-up_text,train,124
C:\Temp\deep\labeled_dataset\close-up_text\0102_cut_002.jpg,0102_cut_002.jpg,102,close-up_text,close-up,1,close-up_text,test,125
C:\Temp\deep\labeled_dataset\close-up_text\0102_cut_008.jpg,0102_cut_008.jpg,102,close-up_text,close-up,1,close-up_text,test,126
C:\Temp\deep\labeled_dataset\close-up_text\0102_cut_013.jpg,0102_cut_013.jpg,102,close-up_text,close-up,1,close-up_text,test,127
C:\Temp\deep\labeled_dataset\close-up_text\0102_cut_014.jpg,0102_cut_014.jpg,102,close-up_text,close-up,1,close-up_text,test,128
C:\Temp\deep\labeled_dataset\close-up_text\0105_cut_003.jpg,0105_cut_003.jpg,105,close-up_text,close-up,1,close-up_text,train,129
C:\Temp\deep\labeled_dataset\close-up_text\0114_cut_004.jpg,0114_cut_004.jpg,114,close-up_text,close-up,1,close-up_text,test,130
C:\Temp\deep\labeled_dataset\close-up_text\0114_cut_005.jpg,0114_cut_005.jpg,114,close-up_text,close-up,1,close-up_text,test,131
C:\Temp\deep\labeled_dataset\close-up_text\0114_cut_006.jpg,0114_cut_006.jpg,114,close-up_text,close-up,1,close-up_text,test,132
C:\Temp\deep\labeled_dataset\close-up_text\0114_cut_010.jpg,0114_cut_010.jpg,114,close-up_text,close-up,1,close-up_text,test,133
C:\Temp\deep\labeled_dataset\close-up_text\0114_cut_011.jpg,0114_cut_011.jpg,114,close-up_text,close-up,1,close-up_text,test,134
C:\Temp\deep\labeled_dataset\close-up_text\0114_cut_013.jpg,0114_cut_013.jpg,114,close-up_text,close-up,1,close-up_text,test,135
C:\Temp\deep\labeled_dataset\close-up_text\0114_cut_014.jpg,0114_cut_014.jpg,114,close-up_text,close-up,1,close-up_text,test,136
C:\Temp\deep\labeled_dataset\close-up_text\0119_cut_001.jpg,0119_cut_001.jpg,119,close-up_text,close-up,1,close-up_text,train,137
C:\Temp\deep\labeled_dataset\close-up_text\0119_cut_002.jpg,0119_cut_002.jpg,119,close-up_text,close-up,1,close-up_text,train,138
C:\Temp\deep\labeled_dataset\close-up_text\0119_cut_003.jpg,0119_cut_003.jpg,119,close-up_text,close-up,1,close-up_text,train,139
C:\Temp\deep\labeled_dataset\close-up_text\0119_cut_004.jpg,0119_cut_004.jpg,119,close-up_text,close-up,1,close-up_text,train,140
C:\Temp\deep\labeled_dataset\close-up_text\0119_cut_005.jpg,0119_cut_005.jpg,119,close-up_text,close-up,1,close-up_text,train,141
C:\Temp\deep\labeled_dataset\close-up_text\0119_cut_011.jpg,0119_cut_011.jpg,119,close-up_text,close-up,1,close-up_text,train,142
C:\Temp\deep\labeled_dataset\close-up_text\0119_cut_014.jpg,0119_cut_014.jpg,119,close-up_text,close-up,1,close-up_text,train,143
C:\Temp\deep\labeled_dataset\close-up_text\0120_cut_002.jpg,0120_cut_002.jpg,120,close-up_text,close-up,1,close-up_text,train,144
C:\Temp\deep\labeled_dataset\close-up_text\0122_cut_001.jpg,0122_cut_001.jpg,122,close-up_text,close-up,1,close-up_text,train,145
C:\Temp\deep\labeled_dataset\close-up_text\0129_cut_007.jpg,0129_cut_007.jpg,129,close-up_text,close-up,1,close-up_text,train,146
C:\Temp\deep\labeled_dataset\medium_notext\0010_cut_002.jpg,0010_cut_002.jpg,10,medium_notext,medium,0,medium_notext,val,147
C:\Temp\deep\labeled_dataset\medium_notext\0013_cut_009.jpg,0013_cut_009.jpg,13,medium_notext,medium,0,medium_notext,train,148
C:\Temp\deep\labeled_dataset\medium_notext\0013_cut_014.jpg,0013_cut_014.jpg,13,medium_notext,medium,0,medium_notext,train,149
C:\Temp\deep\labeled_dataset\medium_notext\0013_cut_021.jpg,0013_cut_021.jpg,13,medium_notext,medium,0,medium_notext,train,150
C:\Temp\deep\labeled_dataset\medium_notext\0024_cut_017.jpg,0024_cut_017.jpg,24,medium_notext,medium,0,medium_notext,train,151
C:\Temp\deep\labeled_dataset\medium_notext\0024_cut_018.jpg,0024_cut_018.jpg,24,medium_notext,medium,0,medium_notext,train,152
C:\Temp\deep\labeled_dataset\medium_notext\0024_cut_020.jpg,0024_cut_020.jpg,24,medium_notext,medium,0,medium_notext,train,153
C:\Temp\deep\labeled_dataset\medium_notext\0024_cut_025.jpg,0024_cut_025.jpg,24,medium_notext,medium,0,medium_notext,train,154
C:\Temp\deep\labeled_dataset\medium_notext\0025_cut_005.jpg,0025_cut_005.jpg,25,medium_notext,medium,0,medium_notext,test,155
C:\Temp\deep\labeled_dataset\medium_notext\0025_cut_006.jpg,0025_cut_006.jpg,25,medium_notext,medium,0,medium_notext,test,156
C:\Temp\deep\labeled_dataset\medium_notext\0025_cut_007.jpg,0025_cut_007.jpg,25,medium_notext,medium,0,medium_notext,test,157
C:\Temp\deep\labeled_dataset\medium_notext\0028_cut_004.jpg,0028_cut_004.jpg,28,medium_notext,medium,0,medium_notext,train,158
C:\Temp\deep\labeled_dataset\medium_notext\0028_cut_006.jpg,0028_cut_006.jpg,28,medium_notext,medium,0,medium_notext,train,159
C:\Temp\deep\labeled_dataset\medium_notext\0028_cut_007.jpg,0028_cut_007.jpg,28,medium_notext,medium,0,medium_notext,train,160
C:\Temp\deep\labeled_dataset\medium_notext\0028_cut_010.jpg,0028_cut_010.jpg,28,medium_notext,medium,0,medium_notext,train,161
C:\Temp\deep\labeled_dataset\medium_notext\0029_cut_001.jpg,0029_cut_001.jpg,29,medium_notext,medium,0,medium_notext,train,162
C:\Temp\deep\labeled_dataset\medium_notext\0030_cut_011.jpg,0030_cut_011.jpg,30,medium_notext,medium,0,medium_notext,val,163
C:\Temp\deep\labeled_dataset\medium_notext\0030_cut_022.jpg,0030_cut_022.jpg,30,medium_notext,medium,0,medium_notext,val,164
C:\Temp\deep\labeled_dataset\medium_notext\0032_cut_005.jpg,0032_cut_005.jpg,32,medium_notext,medium,0,medium_notext,train,165
C:\Temp\deep\labeled_dataset\medium_notext\0034_cut_006.jpg,0034_cut_006.jpg,34,medium_notext,medium,0,medium_notext,val,166
C:\Temp\deep\labeled_dataset\medium_notext\0034_cut_009.jpg,0034_cut_009.jpg,34,medium_notext,medium,0,medium_notext,val,167
C:\Temp\deep\labeled_dataset\medium_notext\0036_cut_005.jpg,0036_cut_005.jpg,36,medium_notext,medium,0,medium_notext,train,168
C:\Temp\deep\labeled_dataset\medium_notext\0036_cut_006.jpg,0036_cut_006.jpg,36,medium_notext,medium,0,medium_notext,train,169
C:\Temp\deep\labeled_dataset\medium_notext\0038_cut_006.jpg,0038_cut_006.jpg,38,medium_notext,medium,0,medium_notext,train,170
C:\Temp\deep\labeled_dataset\medium_notext\0043_cut_005.jpg,0043_cut_005.jpg,43,medium_notext,medium,0,medium_notext,train,171
C:\Temp\deep\labeled_dataset\medium_notext\0043_cut_007.jpg,0043_cut_007.jpg,43,medium_notext,medium,0,medium_notext,train,172
C:\Temp\deep\labeled_dataset\medium_notext\0044_cut_003.jpg,0044_cut_003.jpg,44,medium_notext,medium,0,medium_notext,train,173
C:\Temp\deep\labeled_dataset\medium_notext\0044_cut_005.jpg,0044_cut_005.jpg,44,medium_notext,medium,0,medium_notext,train,174
C:\Temp\deep\labeled_dataset\medium_notext\0044_cut_019.jpg,0044_cut_019.jpg,44,medium_notext,medium,0,medium_notext,train,175
C:\Temp\deep\labeled_dataset\medium_notext\0047_cut_003.jpg,0047_cut_003.jpg,47,medium_notext,medium,0,medium_notext,train,176
C:\Temp\deep\labeled_dataset\medium_notext\0048_cut_001.jpg,0048_cut_001.jpg,48,medium_notext,medium,0,medium_notext,test,177
C:\Temp\deep\labeled_dataset\medium_notext\0050_cut_004.jpg,0050_cut_004.jpg,50,medium_notext,medium,0,medium_notext,train,178
C:\Temp\deep\labeled_dataset\medium_notext\0050_cut_005.jpg,0050_cut_005.jpg,50,medium_notext,medium,0,medium_notext,train,179
C:\Temp\deep\labeled_dataset\medium_notext\0051_cut_001.jpg,0051_cut_001.jpg,51,medium_notext,medium,0,medium_notext,val,180
C:\Temp\deep\labeled_dataset\medium_notext\0051_cut_002.jpg,0051_cut_002.jpg,51,medium_notext,medium,0,medium_notext,val,181
C:\Temp\deep\labeled_dataset\medium_notext\0051_cut_003.jpg,0051_cut_003.jpg,51,medium_notext,medium,0,medium_notext,val,182
C:\Temp\deep\labeled_dataset\medium_notext\0051_cut_004.jpg,0051_cut_004.jpg,51,medium_notext,medium,0,medium_notext,val,183
C:\Temp\deep\labeled_dataset\medium_notext\0051_cut_005.jpg,0051_cut_005.jpg,51,medium_notext,medium,0,medium_notext,val,184
C:\Temp\deep\labeled_dataset\medium_notext\0051_cut_006.jpg,0051_cut_006.jpg,51,medium_notext,medium,0,medium_notext,val,185
C:\Temp\deep\labeled_dataset\medium_notext\0051_cut_007.jpg,0051_cut_007.jpg,51,medium_notext,medium,0,medium_notext,val,186
C:\Temp\deep\labeled_dataset\medium_notext\0051_cut_008.jpg,0051_cut_008.jpg,51,medium_notext,medium,0,medium_notext,val,187
C:\Temp\deep\labeled_dataset\medium_notext\0051_cut_009.jpg,0051_cut_009.jpg,51,medium_notext,medium,0,medium_notext,val,188
C:\Temp\deep\labeled_dataset\medium_notext\0051_cut_010.jpg,0051_cut_010.jpg,51,medium_notext,medium,0,medium_notext,val,189
C:\Temp\deep\labeled_dataset\medium_notext\0052_cut_001.jpg,0052_cut_001.jpg,52,medium_notext,medium,0,medium_notext,val,190
C:\Temp\deep\labeled_dataset\medium_notext\0054_cut_002.jpg,0054_cut_002.jpg,54,medium_notext,medium,0,medium_notext,train,191
C:\Temp\deep\labeled_dataset\medium_notext\0054_cut_003.jpg,0054_cut_003.jpg,54,medium_notext,medium,0,medium_notext,train,192
C:\Temp\deep\labeled_dataset\medium_notext\0054_cut_005.jpg,0054_cut_005.jpg,54,medium_notext,medium,0,medium_notext,train,193
C:\Temp\deep\labeled_dataset\medium_notext\0054_cut_010.jpg,0054_cut_010.jpg,54,medium_notext,medium,0,medium_notext,train,194
C:\Temp\deep\labeled_dataset\medium_notext\0084_cut_002.jpg,0084_cut_002.jpg,84,medium_notext,medium,0,medium_notext,train,195
C:\Temp\deep\labeled_dataset\medium_notext\0084_cut_003.jpg,0084_cut_003.jpg,84,medium_notext,medium,0,medium_notext,train,196
C:\Temp\deep\labeled_dataset\medium_notext\0084_cut_007.jpg,0084_cut_007.jpg,84,medium_notext,medium,0,medium_notext,train,197
C:\Temp\deep\labeled_dataset\medium_notext\0084_cut_008.jpg,0084_cut_008.jpg,84,medium_notext,medium,0,medium_notext,train,198
C:\Temp\deep\labeled_dataset\medium_notext\0087_cut_001.jpg,0087_cut_001.jpg,87,medium_notext,medium,0,medium_notext,test,199
C:\Temp\deep\labeled_dataset\medium_notext\0089_cut_007.jpg,0089_cut_007.jpg,89,medium_notext,medium,0,medium_notext,val,200
C:\Temp\deep\labeled_dataset\medium_notext\0089_cut_011.jpg,0089_cut_011.jpg,89,medium_notext,medium,0,medium_notext,val,201
C:\Temp\deep\labeled_dataset\medium_notext\0093_cut_001.jpg,0093_cut_001.jpg,93,medium_notext,medium,0,medium_notext,val,202
C:\Temp\deep\labeled_dataset\medium_notext\0093_cut_019.jpg,0093_cut_019.jpg,93,medium_notext,medium,0,medium_notext,val,203
C:\Temp\deep\labeled_dataset\medium_notext\0098_cut_002.jpg,0098_cut_002.jpg,98,medium_notext,medium,0,medium_notext,train,204
C:\Temp\deep\labeled_dataset\medium_notext\0105_cut_001.jpg,0105_cut_001.jpg,105,medium_notext,medium,0,medium_notext,train,205
C:\Temp\deep\labeled_dataset\medium_notext\0106_cut_008.jpg,0106_cut_008.jpg,106,medium_notext,medium,0,medium_notext,val,206
C:\Temp\deep\labeled_dataset\medium_notext\0108_cut_014.jpg,0108_cut_014.jpg,108,medium_notext,medium,0,medium_notext,train,207
C:\Temp\deep\labeled_dataset\medium_notext\0109_cut_010.jpg,0109_cut_010.jpg,109,medium_notext,medium,0,medium_notext,train,208
C:\Temp\deep\labeled_dataset\medium_notext\0109_cut_012.jpg,0109_cut_012.jpg,109,medium_notext,medium,0,medium_notext,train,209
C:\Temp\deep\labeled_dataset\medium_notext\0109_cut_016.jpg,0109_cut_016.jpg,109,medium_notext,medium,0,medium_notext,train,210
C:\Temp\deep\labeled_dataset\medium_notext\0114_cut_002.jpg,0114_cut_002.jpg,114,medium_notext,medium,0,medium_notext,test,211
C:\Temp\deep\labeled_dataset\medium_notext\0117_cut_001.jpg,0117_cut_001.jpg,117,medium_notext,medium,0,medium_notext,val,212
C:\Temp\deep\labeled_dataset\medium_notext\0117_cut_003.jpg,0117_cut_003.jpg,117,medium_notext,medium,0,medium_notext,val,213
C:\Temp\deep\labeled_dataset\medium_notext\0119_cut_012.jpg,0119_cut_012.jpg,119,medium_notext,medium,0,medium_notext,train,214
C:\Temp\deep\labeled_dataset\medium_notext\0119_cut_013.jpg,0119_cut_013.jpg,119,medium_notext,medium,0,medium_notext,train,215
C:\Temp\deep\labeled_dataset\medium_notext\0122_cut_003.jpg,0122_cut_003.jpg,122,medium_notext,medium,0,medium_notext,train,216
C:\Temp\deep\labeled_dataset\medium_notext\0123_cut_002.jpg,0123_cut_002.jpg,123,medium_notext,medium,0,medium_notext,train,217
C:\Temp\deep\labeled_dataset\medium_notext\0123_cut_003.jpg,0123_cut_003.jpg,123,medium_notext,medium,0,medium_notext,train,218
C:\Temp\deep\labeled_dataset\medium_notext\0123_cut_009.jpg,0123_cut_009.jpg,123,medium_notext,medium,0,medium_notext,train,219
C:\Temp\deep\labeled_dataset\medium_notext\0127_cut_002.jpg,0127_cut_002.jpg,127,medium_notext,medium,0,medium_notext,train,220
C:\Temp\deep\labeled_dataset\medium_text\0001_cut_001.jpg,0001_cut_001.jpg,1,medium_text,medium,1,medium_text,test,221
C:\Temp\deep\labeled_dataset\medium_text\0001_cut_002.jpg,0001_cut_002.jpg,1,medium_text,medium,1,medium_text,test,222
C:\Temp\deep\labeled_dataset\medium_text\0001_cut_004.jpg,0001_cut_004.jpg,1,medium_text,medium,1,medium_text,test,223
C:\Temp\deep\labeled_dataset\medium_text\0003_cut_002.jpg,0003_cut_002.jpg,3,medium_text,medium,1,medium_text,test,224
C:\Temp\deep\labeled_dataset\medium_text\0003_cut_004.jpg,0003_cut_004.jpg,3,medium_text,medium,1,medium_text,test,225
C:\Temp\deep\labeled_dataset\medium_text\0003_cut_005.jpg,0003_cut_005.jpg,3,medium_text,medium,1,medium_text,test,226
C:\Temp\deep\labeled_dataset\medium_text\0003_cut_006.jpg,0003_cut_006.jpg,3,medium_text,medium,1,medium_text,test,227
C:\Temp\deep\labeled_dataset\medium_text\0003_cut_008.jpg,0003_cut_008.jpg,3,medium_text,medium,1,medium_text,test,228
C:\Temp\deep\labeled_dataset\medium_text\0003_cut_009.jpg,0003_cut_009.jpg,3,medium_text,medium,1,medium_text,test,229
C:\Temp\deep\labeled_dataset\medium_text\0003_cut_011.jpg,0003_cut_011.jpg,3,medium_text,medium,1,medium_text,test,230
C:\Temp\deep\labeled_dataset\medium_text\0003_cut_013.jpg,0003_cut_013.jpg,3,medium_text,medium,1,medium_text,test,231
C:\Temp\deep\labeled_dataset\medium_text\0005_cut_013.jpg,0005_cut_013.jpg,5,medium_text,medium,1,medium_text,train,232
C:\Temp\deep\labeled_dataset\medium_text\0006_cut_001.jpg,0006_cut_001.jpg,6,medium_text,medium,1,medium_text,train,233
C:\Temp\deep\labeled_dataset\medium_text\0006_cut_002.jpg,0006_cut_002.jpg,6,medium_text,medium,1,medium_text,train,234
C:\Temp\deep\labeled_dataset\medium_text\0006_cut_003.jpg,0006_cut_003.jpg,6,medium_text,medium,1,medium_text,train,235
C:\Temp\deep\labeled_dataset\medium_text\0006_cut_004.jpg,0006_cut_004.jpg,6,medium_text,medium,1,medium_text,train,236
C:\Temp\deep\labeled_dataset\medium_text\0006_cut_005.jpg,0006_cut_005.jpg,6,medium_text,medium,1,medium_text,train,237
C:\Temp\deep\labeled_dataset\medium_text\0007_cut_001.jpg,0007_cut_001.jpg,7,medium_text,medium,1,medium_text,test,238
C:\Temp\deep\labeled_dataset\medium_text\0010_cut_001.jpg,0010_cut_001.jpg,10,medium_text,medium,1,medium_text,val,239
C:\Temp\deep\labeled_dataset\medium_text\0010_cut_003.jpg,0010_cut_003.jpg,10,medium_text,medium,1,medium_text,val,240
C:\Temp\deep\labeled_dataset\medium_text\0010_cut_008.jpg,0010_cut_008.jpg,10,medium_text,medium,1,medium_text,val,241
C:\Temp\deep\labeled_dataset\medium_text\0010_cut_011.jpg,0010_cut_011.jpg,10,medium_text,medium,1,medium_text,val,242
C:\Temp\deep\labeled_dataset\medium_text\0010_cut_012.jpg,0010_cut_012.jpg,10,medium_text,medium,1,medium_text,val,243
C:\Temp\deep\labeled_dataset\medium_text\0010_cut_013.jpg,0010_cut_013.jpg,10,medium_text,medium,1,medium_text,val,244
C:\Temp\deep\labeled_dataset\medium_text\0010_cut_016.jpg,0010_cut_016.jpg,10,medium_text,medium,1,medium_text,val,245
C:\Temp\deep\labeled_dataset\medium_text\0010_cut_021.jpg,0010_cut_021.jpg,10,medium_text,medium,1,medium_text,val,246
C:\Temp\deep\labeled_dataset\medium_text\0011_cut_001.jpg,0011_cut_001.jpg,11,medium_text,medium,1,medium_text,train,247
C:\Temp\deep\labeled_dataset\medium_text\0011_cut_003.jpg,0011_cut_003.jpg,11,medium_text,medium,1,medium_text,train,248
C:\Temp\deep\labeled_dataset\medium_text\0011_cut_005.jpg,0011_cut_005.jpg,11,medium_text,medium,1,medium_text,train,249
C:\Temp\deep\labeled_dataset\medium_text\0011_cut_009.jpg,0011_cut_009.jpg,11,medium_text,medium,1,medium_text,train,250
C:\Temp\deep\labeled_dataset\medium_text\0011_cut_010.jpg,0011_cut_010.jpg,11,medium_text,medium,1,medium_text,train,251
C:\Temp\deep\labeled_dataset\medium_text\0011_cut_012.jpg,0011_cut_012.jpg,11,medium_text,medium,1,medium_text,train,252
C:\Temp\deep\labeled_dataset\medium_text\0011_cut_013.jpg,0011_cut_013.jpg,11,medium_text,medium,1,medium_text,train,253
C:\Temp\deep\labeled_dataset\medium_text\0011_cut_014.jpg,0011_cut_014.jpg,11,medium_text,medium,1,medium_text,train,254
C:\Temp\deep\labeled_dataset\medium_text\0014_cut_006.jpg,0014_cut_006.jpg,14,medium_text,medium,1,medium_text,train,255
C:\Temp\deep\labeled_dataset\medium_text\0014_cut_007.jpg,0014_cut_007.jpg,14,medium_text,medium,1,medium_text,train,256
C:\Temp\deep\labeled_dataset\medium_text\0016_cut_001.jpg,0016_cut_001.jpg,16,medium_text,medium,1,medium_text,val,257
C:\Temp\deep\labeled_dataset\medium_text\0016_cut_003.jpg,0016_cut_003.jpg,16,medium_text,medium,1,medium_text,val,258
C:\Temp\deep\labeled_dataset\medium_text\0016_cut_009.jpg,0016_cut_009.jpg,16,medium_text,medium,1,medium_text,val,259
C:\Temp\deep\labeled_dataset\medium_text\0016_cut_010.jpg,0016_cut_010.jpg,16,medium_text,medium,1,medium_text,val,260
C:\Temp\deep\labeled_dataset\medium_text\0016_cut_011.jpg,0016_cut_011.jpg,16,medium_text,medium,1,medium_text,val,261
C:\Temp\deep\labeled_dataset\medium_text\0016_cut_013.jpg,0016_cut_013.jpg,16,medium_text,medium,1,medium_text,val,262
C:\Temp\deep\labeled_dataset\medium_text\0017_cut_003.jpg,0017_cut_003.jpg,17,medium_text,medium,1,medium_text,train,263
C:\Temp\deep\labeled_dataset\medium_text\0017_cut_004.jpg,0017_cut_004.jpg,17,medium_text,medium,1,medium_text,train,264
C:\Temp\deep\labeled_dataset\medium_text\0017_cut_006.jpg,0017_cut_006.jpg,17,medium_text,medium,1,medium_text,train,265
C:\Temp\deep\labeled_dataset\medium_text\0017_cut_007.jpg,0017_cut_007.jpg,17,medium_text,medium,1,medium_text,train,266
C:\Temp\deep\labeled_dataset\medium_text\0017_cut_010.jpg,0017_cut_010.jpg,17,medium_text,medium,1,medium_text,train,267
C:\Temp\deep\labeled_dataset\medium_text\0017_cut_012.jpg,0017_cut_012.jpg,17,medium_text,medium,1,medium_text,train,268
C:\Temp\deep\labeled_dataset\medium_text\0018_cut_004.jpg,0018_cut_004.jpg,18,medium_text,medium,1,medium_text,val,269
C:\Temp\deep\labeled_dataset\medium_text\0019_cut_001.jpg,0019_cut_001.jpg,19,medium_text,medium,1,medium_text,test,270
C:\Temp\deep\labeled_dataset\medium_text\0020_cut_002.jpg,0020_cut_002.jpg,20,medium_text,medium,1,medium_text,train,271
C:\Temp\deep\labeled_dataset\medium_text\0020_cut_003.jpg,0020_cut_003.jpg,20,medium_text,medium,1,medium_text,train,272
C:\Temp\deep\labeled_dataset\medium_text\0020_cut_004.jpg,0020_cut_004.jpg,20,medium_text,medium,1,medium_text,train,273
C:\Temp\deep\labeled_dataset\medium_text\0020_cut_005.jpg,0020_cut_005.jpg,20,medium_text,medium,1,medium_text,train,274
C:\Temp\deep\labeled_dataset\medium_text\0020_cut_006.jpg,0020_cut_006.jpg,20,medium_text,medium,1,medium_text,train,275
C:\Temp\deep\labeled_dataset\medium_text\0021_cut_004.jpg,0021_cut_004.jpg,21,medium_text,medium,1,medium_text,val,276
C:\Temp\deep\labeled_dataset\medium_text\0021_cut_005.jpg,0021_cut_005.jpg,21,medium_text,medium,1,medium_text,val,277
C:\Temp\deep\labeled_dataset\medium_text\0022_cut_005.jpg,0022_cut_005.jpg,22,medium_text,medium,1,medium_text,test,278
C:\Temp\deep\labeled_dataset\medium_text\0022_cut_006.jpg,0022_cut_006.jpg,22,medium_text,medium,1,medium_text,test,279
C:\Temp\deep\labeled_dataset\medium_text\0023_cut_001.jpg,0023_cut_001.jpg,23,medium_text,medium,1,medium_text,train,280
C:\Temp\deep\labeled_dataset\medium_text\0023_cut_002.jpg,0023_cut_002.jpg,23,medium_text,medium,1,medium_text,train,281
C:\Temp\deep\labeled_dataset\medium_text\0023_cut_004.jpg,0023_cut_004.jpg,23,medium_text,medium,1,medium_text,train,282
C:\Temp\deep\labeled_dataset\medium_text\0023_cut_005.jpg,0023_cut_005.jpg,23,medium_text,medium,1,medium_text,train,283
C:\Temp\deep\labeled_dataset\medium_text\0023_cut_006.jpg,0023_cut_006.jpg,23,medium_text,medium,1,medium_text,train,284
C:\Temp\deep\labeled_dataset\medium_text\0023_cut_007.jpg,0023_cut_007.jpg,23,medium_text,medium,1,medium_text,train,285
C:\Temp\deep\labeled_dataset\medium_text\0023_cut_008.jpg,0023_cut_008.jpg,23,medium_text,medium,1,medium_text,train,286
C:\Temp\deep\labeled_dataset\medium_text\0023_cut_009.jpg,0023_cut_009.jpg,23,medium_text,medium,1,medium_text,train,287
C:\Temp\deep\labeled_dataset\medium_text\0023_cut_010.jpg,0023_cut_010.jpg,23,medium_text,medium,1,medium_text,train,288
C:\Temp\deep\labeled_dataset\medium_text\0023_cut_011.jpg,0023_cut_011.jpg,23,medium_text,medium,1,medium_text,train,289
C:\Temp\deep\labeled_dataset\medium_text\0023_cut_012.jpg,0023_cut_012.jpg,23,medium_text,medium,1,medium_text,train,290
C:\Temp\deep\labeled_dataset\medium_text\0023_cut_013.jpg,0023_cut_013.jpg,23,medium_text,medium,1,medium_text,train,291
C:\Temp\deep\labeled_dataset\medium_text\0023_cut_014.jpg,0023_cut_014.jpg,23,medium_text,medium,1,medium_text,train,292
C:\Temp\deep\labeled_dataset\medium_text\0023_cut_015.jpg,0023_cut_015.jpg,23,medium_text,medium,1,medium_text,train,293
C:\Temp\deep\labeled_dataset\medium_text\0023_cut_016.jpg,0023_cut_016.jpg,23,medium_text,medium,1,medium_text,train,294
C:\Temp\deep\labeled_dataset\medium_text\0023_cut_017.jpg,0023_cut_017.jpg,23,medium_text,medium,1,medium_text,train,295
C:\Temp\deep\labeled_dataset\medium_text\0023_cut_018.jpg,0023_cut_018.jpg,23,medium_text,medium,1,medium_text,train,296
C:\Temp\deep\labeled_dataset\medium_text\0023_cut_019.jpg,0023_cut_019.jpg,23,medium_text,medium,1,medium_text,train,297
C:\Temp\deep\labeled_dataset\medium_text\0023_cut_020.jpg,0023_cut_020.jpg,23,medium_text,medium,1,medium_text,train,298
C:\Temp\deep\labeled_dataset\medium_text\0024_cut_002.jpg,0024_cut_002.jpg,24,medium_text,medium,1,medium_text,train,299
C:\Temp\deep\labeled_dataset\medium_text\0024_cut_003.jpg,0024_cut_003.jpg,24,medium_text,medium,1,medium_text,train,300
C:\Temp\deep\labeled_dataset\medium_text\0024_cut_004.jpg,0024_cut_004.jpg,24,medium_text,medium,1,medium_text,train,301
C:\Temp\deep\labeled_dataset\medium_text\0024_cut_008.jpg,0024_cut_008.jpg,24,medium_text,medium,1,medium_text,train,302
C:\Temp\deep\labeled_dataset\medium_text\0024_cut_009.jpg,0024_cut_009.jpg,24,medium_text,medium,1,medium_text,train,303
C:\Temp\deep\labeled_dataset\medium_text\0024_cut_013.jpg,0024_cut_013.jpg,24,medium_text,medium,1,medium_text,train,304
C:\Temp\deep\labeled_dataset\medium_text\0024_cut_014.jpg,0024_cut_014.jpg,24,medium_text,medium,1,medium_text,train,305
C:\Temp\deep\labeled_dataset\medium_text\0024_cut_021.jpg,0024_cut_021.jpg,24,medium_text,medium,1,medium_text,train,306
C:\Temp\deep\labeled_dataset\medium_text\0024_cut_022.jpg,0024_cut_022.jpg,24,medium_text,medium,1,medium_text,train,307
C:\Temp\deep\labeled_dataset\medium_text\0024_cut_023.jpg,0024_cut_023.jpg,24,medium_text,medium,1,medium_text,train,308
C:\Temp\deep\labeled_dataset\medium_text\0024_cut_028.jpg,0024_cut_028.jpg,24,medium_text,medium,1,medium_text,train,309
C:\Temp\deep\labeled_dataset\medium_text\0024_cut_032.jpg,0024_cut_032.jpg,24,medium_text,medium,1,medium_text,train,310
C:\Temp\deep\labeled_dataset\medium_text\0025_cut_001.jpg,0025_cut_001.jpg,25,medium_text,medium,1,medium_text,test,311
C:\Temp\deep\labeled_dataset\medium_text\0025_cut_003.jpg,0025_cut_003.jpg,25,medium_text,medium,1,medium_text,test,312
C:\Temp\deep\labeled_dataset\medium_text\0025_cut_004.jpg,0025_cut_004.jpg,25,medium_text,medium,1,medium_text,test,313
C:\Temp\deep\labeled_dataset\medium_text\0025_cut_008.jpg,0025_cut_008.jpg,25,medium_text,medium,1,medium_text,test,314
C:\Temp\deep\labeled_dataset\medium_text\0025_cut_009.jpg,0025_cut_009.jpg,25,medium_text,medium,1,medium_text,test,315
C:\Temp\deep\labeled_dataset\medium_text\0025_cut_010.jpg,0025_cut_010.jpg,25,medium_text,medium,1,medium_text,test,316
C:\Temp\deep\labeled_dataset\medium_text\0025_cut_012.jpg,0025_cut_012.jpg,25,medium_text,medium,1,medium_text,test,317
C:\Temp\deep\labeled_dataset\medium_text\0026_cut_001.jpg,0026_cut_001.jpg,26,medium_text,medium,1,medium_text,train,318
C:\Temp\deep\labeled_dataset\medium_text\0026_cut_003.jpg,0026_cut_003.jpg,26,medium_text,medium,1,medium_text,train,319
C:\Temp\deep\labeled_dataset\medium_text\0026_cut_004.jpg,0026_cut_004.jpg,26,medium_text,medium,1,medium_text,train,320
C:\Temp\deep\labeled_dataset\medium_text\0027_cut_001.jpg,0027_cut_001.jpg,27,medium_text,medium,1,medium_text,train,321
C:\Temp\deep\labeled_dataset\medium_text\0027_cut_002.jpg,0027_cut_002.jpg,27,medium_text,medium,1,medium_text,train,322
C:\Temp\deep\labeled_dataset\medium_text\0028_cut_001.jpg,0028_cut_001.jpg,28,medium_text,medium,1,medium_text,train,323
C:\Temp\deep\labeled_dataset\medium_text\0028_cut_002.jpg,0028_cut_002.jpg,28,medium_text,medium,1,medium_text,train,324
C:\Temp\deep\labeled_dataset\medium_text\0028_cut_003.jpg,0028_cut_003.jpg,28,medium_text,medium,1,medium_text,train,325
C:\Temp\deep\labeled_dataset\medium_text\0028_cut_005.jpg,0028_cut_005.jpg,28,medium_text,medium,1,medium_text,train,326
C:\Temp\deep\labeled_dataset\medium_text\0028_cut_008.jpg,0028_cut_008.jpg,28,medium_text,medium,1,medium_text,train,327
C:\Temp\deep\labeled_dataset\medium_text\0028_cut_009.jpg,0028_cut_009.jpg,28,medium_text,medium,1,medium_text,train,328
C:\Temp\deep\labeled_dataset\medium_text\0028_cut_011.jpg,0028_cut_011.jpg,28,medium_text,medium,1,medium_text,train,329
C:\Temp\deep\labeled_dataset\medium_text\0029_cut_005.jpg,0029_cut_005.jpg,29,medium_text,medium,1,medium_text,train,330
C:\Temp\deep\labeled_dataset\medium_text\0029_cut_007.jpg,0029_cut_007.jpg,29,medium_text,medium,1,medium_text,train,331
C:\Temp\deep\labeled_dataset\medium_text\0029_cut_012.jpg,0029_cut_012.jpg,29,medium_text,medium,1,medium_text,train,332
C:\Temp\deep\labeled_dataset\medium_text\0029_cut_019.jpg,0029_cut_019.jpg,29,medium_text,medium,1,medium_text,train,333
C:\Temp\deep\labeled_dataset\medium_text\0029_cut_029.jpg,0029_cut_029.jpg,29,medium_text,medium,1,medium_text,train,334
C:\Temp\deep\labeled_dataset\medium_text\0030_cut_001.jpg,0030_cut_001.jpg,30,medium_text,medium,1,medium_text,val,335
C:\Temp\deep\labeled_dataset\medium_text\0030_cut_002.jpg,0030_cut_002.jpg,30,medium_text,medium,1,medium_text,val,336
C:\Temp\deep\labeled_dataset\medium_text\0030_cut_004.jpg,0030_cut_004.jpg,30,medium_text,medium,1,medium_text,val,337
C:\Temp\deep\labeled_dataset\medium_text\0030_cut_005.jpg,0030_cut_005.jpg,30,medium_text,medium,1,medium_text,val,338
C:\Temp\deep\labeled_dataset\medium_text\0030_cut_006.jpg,0030_cut_006.jpg,30,medium_text,medium,1,medium_text,val,339
C:\Temp\deep\labeled_dataset\medium_text\0030_cut_007.jpg,0030_cut_007.jpg,30,medium_text,medium,1,medium_text,val,340
C:\Temp\deep\labeled_dataset\medium_text\0030_cut_009.jpg,0030_cut_009.jpg,30,medium_text,medium,1,medium_text,val,341
C:\Temp\deep\labeled_dataset\medium_text\0030_cut_023.jpg,0030_cut_023.jpg,30,medium_text,medium,1,medium_text,val,342
C:\Temp\deep\labeled_dataset\medium_text\0030_cut_024.jpg,0030_cut_024.jpg,30,medium_text,medium,1,medium_text,val,343
C:\Temp\deep\labeled_dataset\medium_text\0030_cut_026.jpg,0030_cut_026.jpg,30,medium_text,medium,1,medium_text,val,344
C:\Temp\deep\labeled_dataset\medium_text\0032_cut_002.jpg,0032_cut_002.jpg,32,medium_text,medium,1,medium_text,train,345
C:\Temp\deep\labeled_dataset\medium_text\0032_cut_003.jpg,0032_cut_003.jpg,32,medium_text,medium,1,medium_text,train,346
C:\Temp\deep\labeled_dataset\medium_text\0032_cut_004.jpg,0032_cut_004.jpg,32,medium_text,medium,1,medium_text,train,347
C:\Temp\deep\labeled_dataset\medium_text\0033_cut_001.jpg,0033_cut_001.jpg,33,medium_text,medium,1,medium_text,train,348
C:\Temp\deep\labeled_dataset\medium_text\0033_cut_002.jpg,0033_cut_002.jpg,33,medium_text,medium,1,medium_text,train,349
C:\Temp\deep\labeled_dataset\medium_text\0033_cut_003.jpg,0033_cut_003.jpg,33,medium_text,medium,1,medium_text,train,350
C:\Temp\deep\labeled_dataset\medium_text\0033_cut_004.jpg,0033_cut_004.jpg,33,medium_text,medium,1,medium_text,train,351
C:\Temp\deep\labeled_dataset\medium_text\0033_cut_005.jpg,0033_cut_005.jpg,33,medium_text,medium,1,medium_text,train,352
C:\Temp\deep\labeled_dataset\medium_text\0033_cut_006.jpg,0033_cut_006.jpg,33,medium_text,medium,1,medium_text,train,353
C:\Temp\deep\labeled_dataset\medium_text\0034_cut_002.jpg,0034_cut_002.jpg,34,medium_text,medium,1,medium_text,val,354
C:\Temp\deep\labeled_dataset\medium_text\0034_cut_003.jpg,0034_cut_003.jpg,34,medium_text,medium,1,medium_text,val,355
C:\Temp\deep\labeled_dataset\medium_text\0034_cut_007.jpg,0034_cut_007.jpg,34,medium_text,medium,1,medium_text,val,356
C:\Temp\deep\labeled_dataset\medium_text\0034_cut_008.jpg,0034_cut_008.jpg,34,medium_text,medium,1,medium_text,val,357
C:\Temp\deep\labeled_dataset\medium_text\0037_cut_003.jpg,0037_cut_003.jpg,37,medium_text,medium,1,medium_text,test,358
C:\Temp\deep\labeled_dataset\medium_text\0037_cut_004.jpg,0037_cut_004.jpg,37,medium_text,medium,1,medium_text,test,359
C:\Temp\deep\labeled_dataset\medium_text\0037_cut_005.jpg,0037_cut_005.jpg,37,medium_text,medium,1,medium_text,test,360
C:\Temp\deep\labeled_dataset\medium_text\0037_cut_006.jpg,0037_cut_006.jpg,37,medium_text,medium,1,medium_text,test,361
C:\Temp\deep\labeled_dataset\medium_text\0037_cut_008.jpg,0037_cut_008.jpg,37,medium_text,medium,1,medium_text,test,362
C:\Temp\deep\labeled_dataset\medium_text\0037_cut_009.jpg,0037_cut_009.jpg,37,medium_text,medium,1,medium_text,test,363
C:\Temp\deep\labeled_dataset\medium_text\0037_cut_011.jpg,0037_cut_011.jpg,37,medium_text,medium,1,medium_text,test,364
C:\Temp\deep\labeled_dataset\medium_text\0038_cut_001.jpg,0038_cut_001.jpg,38,medium_text,medium,1,medium_text,train,365
C:\Temp\deep\labeled_dataset\medium_text\0039_cut_002.jpg,0039_cut_002.jpg,39,medium_text,medium,1,medium_text,train,366
C:\Temp\deep\labeled_dataset\medium_text\0040_cut_001.jpg,0040_cut_001.jpg,40,medium_text,medium,1,medium_text,train,367
C:\Temp\deep\labeled_dataset\medium_text\0040_cut_004.jpg,0040_cut_004.jpg,40,medium_text,medium,1,medium_text,train,368
C:\Temp\deep\labeled_dataset\medium_text\0040_cut_008.jpg,0040_cut_008.jpg,40,medium_text,medium,1,medium_text,train,369
C:\Temp\deep\labeled_dataset\medium_text\0040_cut_009.jpg,0040_cut_009.jpg,40,medium_text,medium,1,medium_text,train,370
C:\Temp\deep\labeled_dataset\medium_text\0040_cut_013.jpg,0040_cut_013.jpg,40,medium_text,medium,1,medium_text,train,371
C:\Temp\deep\labeled_dataset\medium_text\0040_cut_017.jpg,0040_cut_017.jpg,40,medium_text,medium,1,medium_text,train,372
C:\Temp\deep\labeled_dataset\medium_text\0041_cut_001.jpg,0041_cut_001.jpg,41,medium_text,medium,1,medium_text,train,373
C:\Temp\deep\labeled_dataset\medium_text\0042_cut_001.jpg,0042_cut_001.jpg,42,medium_text,medium,1,medium_text,train,374
C:\Temp\deep\labeled_dataset\medium_text\0043_cut_001.jpg,0043_cut_001.jpg,43,medium_text,medium,1,medium_text,train,375
C:\Temp\deep\labeled_dataset\medium_text\0043_cut_002.jpg,0043_cut_002.jpg,43,medium_text,medium,1,medium_text,train,376
C:\Temp\deep\labeled_dataset\medium_text\0044_cut_001.jpg,0044_cut_001.jpg,44,medium_text,medium,1,medium_text,train,377
C:\Temp\deep\labeled_dataset\medium_text\0044_cut_004.jpg,0044_cut_004.jpg,44,medium_text,medium,1,medium_text,train,378
C:\Temp\deep\labeled_dataset\medium_text\0044_cut_006.jpg,0044_cut_006.jpg,44,medium_text,medium,1,medium_text,train,379
C:\Temp\deep\labeled_dataset\medium_text\0044_cut_007.jpg,0044_cut_007.jpg,44,medium_text,medium,1,medium_text,train,380
C:\Temp\deep\labeled_dataset\medium_text\0044_cut_008.jpg,0044_cut_008.jpg,44,medium_text,medium,1,medium_text,train,381
C:\Temp\deep\labeled_dataset\medium_text\0044_cut_009.jpg,0044_cut_009.jpg,44,medium_text,medium,1,medium_text,train,382
C:\Temp\deep\labeled_dataset\medium_text\0044_cut_010.jpg,0044_cut_010.jpg,44,medium_text,medium,1,medium_text,train,383
C:\Temp\deep\labeled_dataset\medium_text\0044_cut_012.jpg,0044_cut_012.jpg,44,medium_text,medium,1,medium_text,train,384
C:\Temp\deep\labeled_dataset\medium_text\0044_cut_013.jpg,0044_cut_013.jpg,44,medium_text,medium,1,medium_text,train,385
C:\Temp\deep\labeled_dataset\medium_text\0044_cut_014.jpg,0044_cut_014.jpg,44,medium_text,medium,1,medium_text,train,386
C:\Temp\deep\labeled_dataset\medium_text\0044_cut_016.jpg,0044_cut_016.jpg,44,medium_text,medium,1,medium_text,train,387
C:\Temp\deep\labeled_dataset\medium_text\0044_cut_017.jpg,0044_cut_017.jpg,44,medium_text,medium,1,medium_text,train,388
C:\Temp\deep\labeled_dataset\medium_text\0044_cut_020.jpg,0044_cut_020.jpg,44,medium_text,medium,1,medium_text,train,389
C:\Temp\deep\labeled_dataset\medium_text\0044_cut_022.jpg,0044_cut_022.jpg,44,medium_text,medium,1,medium_text,train,390
C:\Temp\deep\labeled_dataset\medium_text\0045_cut_002.jpg,0045_cut_002.jpg,45,medium_text,medium,1,medium_text,train,391
C:\Temp\deep\labeled_dataset\medium_text\0045_cut_003.jpg,0045_cut_003.jpg,45,medium_text,medium,1,medium_text,train,392
C:\Temp\deep\labeled_dataset\medium_text\0045_cut_005.jpg,0045_cut_005.jpg,45,medium_text,medium,1,medium_text,train,393
C:\Temp\deep\labeled_dataset\medium_text\0047_cut_005.jpg,0047_cut_005.jpg,47,medium_text,medium,1,medium_text,train,394
C:\Temp\deep\labeled_dataset\medium_text\0048_cut_002.jpg,0048_cut_002.jpg,48,medium_text,medium,1,medium_text,test,395
C:\Temp\deep\labeled_dataset\medium_text\0048_cut_008.jpg,0048_cut_008.jpg,48,medium_text,medium,1,medium_text,test,396
C:\Temp\deep\labeled_dataset\medium_text\0048_cut_013.jpg,0048_cut_013.jpg,48,medium_text,medium,1,medium_text,test,397
C:\Temp\deep\labeled_dataset\medium_text\0048_cut_014.jpg,0048_cut_014.jpg,48,medium_text,medium,1,medium_text,test,398
C:\Temp\deep\labeled_dataset\medium_text\0048_cut_015.jpg,0048_cut_015.jpg,48,medium_text,medium,1,medium_text,test,399
C:\Temp\deep\labeled_dataset\medium_text\0048_cut_016.jpg,0048_cut_016.jpg,48,medium_text,medium,1,medium_text,test,400
C:\Temp\deep\labeled_dataset\medium_text\0048_cut_018.jpg,0048_cut_018.jpg,48,medium_text,medium,1,medium_text,test,401
C:\Temp\deep\labeled_dataset\medium_text\0048_cut_020.jpg,0048_cut_020.jpg,48,medium_text,medium,1,medium_text,test,402
C:\Temp\deep\labeled_dataset\medium_text\0048_cut_023.jpg,0048_cut_023.jpg,48,medium_text,medium,1,medium_text,test,403
C:\Temp\deep\labeled_dataset\medium_text\0048_cut_025.jpg,0048_cut_025.jpg,48,medium_text,medium,1,medium_text,test,404
C:\Temp\deep\labeled_dataset\medium_text\0048_cut_026.jpg,0048_cut_026.jpg,48,medium_text,medium,1,medium_text,test,405
C:\Temp\deep\labeled_dataset\medium_text\0048_cut_028.jpg,0048_cut_028.jpg,48,medium_text,medium,1,medium_text,test,406
C:\Temp\deep\labeled_dataset\medium_text\0048_cut_029.jpg,0048_cut_029.jpg,48,medium_text,medium,1,medium_text,test,407
C:\Temp\deep\labeled_dataset\medium_text\0048_cut_034.jpg,0048_cut_034.jpg,48,medium_text,medium,1,medium_text,test,408
C:\Temp\deep\labeled_dataset\medium_text\0048_cut_036.jpg,0048_cut_036.jpg,48,medium_text,medium,1,medium_text,test,409
C:\Temp\deep\labeled_dataset\medium_text\0048_cut_038.jpg,0048_cut_038.jpg,48,medium_text,medium,1,medium_text,test,410
C:\Temp\deep\labeled_dataset\medium_text\0049_cut_001.jpg,0049_cut_001.jpg,49,medium_text,medium,1,medium_text,train,411
C:\Temp\deep\labeled_dataset\medium_text\0052_cut_008.jpg,0052_cut_008.jpg,52,medium_text,medium,1,medium_text,val,412
C:\Temp\deep\labeled_dataset\medium_text\0052_cut_009.jpg,0052_cut_009.jpg,52,medium_text,medium,1,medium_text,val,413
C:\Temp\deep\labeled_dataset\medium_text\0052_cut_010.jpg,0052_cut_010.jpg,52,medium_text,medium,1,medium_text,val,414
C:\Temp\deep\labeled_dataset\medium_text\0052_cut_014.jpg,0052_cut_014.jpg,52,medium_text,medium,1,medium_text,val,415
C:\Temp\deep\labeled_dataset\medium_text\0052_cut_015.jpg,0052_cut_015.jpg,52,medium_text,medium,1,medium_text,val,416
C:\Temp\deep\labeled_dataset\medium_text\0052_cut_016.jpg,0052_cut_016.jpg,52,medium_text,medium,1,medium_text,val,417
C:\Temp\deep\labeled_dataset\medium_text\0053_cut_001.jpg,0053_cut_001.jpg,53,medium_text,medium,1,medium_text,test,418
C:\Temp\deep\labeled_dataset\medium_text\0053_cut_002.jpg,0053_cut_002.jpg,53,medium_text,medium,1,medium_text,test,419
C:\Temp\deep\labeled_dataset\medium_text\0053_cut_003.jpg,0053_cut_003.jpg,53,medium_text,medium,1,medium_text,test,420
C:\Temp\deep\labeled_dataset\medium_text\0053_cut_004.jpg,0053_cut_004.jpg,53,medium_text,medium,1,medium_text,test,421
C:\Temp\deep\labeled_dataset\medium_text\0053_cut_005.jpg,0053_cut_005.jpg,53,medium_text,medium,1,medium_text,test,422
C:\Temp\deep\labeled_dataset\medium_text\0053_cut_006.jpg,0053_cut_006.jpg,53,medium_text,medium,1,medium_text,test,423
C:\Temp\deep\labeled_dataset\medium_text\0053_cut_007.jpg,0053_cut_007.jpg,53,medium_text,medium,1,medium_text,test,424
C:\Temp\deep\labeled_dataset\medium_text\0053_cut_008.jpg,0053_cut_008.jpg,53,medium_text,medium,1,medium_text,test,425
C:\Temp\deep\labeled_dataset\medium_text\0053_cut_009.jpg,0053_cut_009.jpg,53,medium_text,medium,1,medium_text,test,426
C:\Temp\deep\labeled_dataset\medium_text\0053_cut_010.jpg,0053_cut_010.jpg,53,medium_text,medium,1,medium_text,test,427
C:\Temp\deep\labeled_dataset\medium_text\0053_cut_011.jpg,0053_cut_011.jpg,53,medium_text,medium,1,medium_text,test,428
C:\Temp\deep\labeled_dataset\medium_text\0053_cut_012.jpg,0053_cut_012.jpg,53,medium_text,medium,1,medium_text,test,429
C:\Temp\deep\labeled_dataset\medium_text\0053_cut_013.jpg,0053_cut_013.jpg,53,medium_text,medium,1,medium_text,test,430
C:\Temp\deep\labeled_dataset\medium_text\0053_cut_014.jpg,0053_cut_014.jpg,53,medium_text,medium,1,medium_text,test,431
C:\Temp\deep\labeled_dataset\medium_text\0053_cut_015.jpg,0053_cut_015.jpg,53,medium_text,medium,1,medium_text,test,432
C:\Temp\deep\labeled_dataset\medium_text\0053_cut_016.jpg,0053_cut_016.jpg,53,medium_text,medium,1,medium_text,test,433
C:\Temp\deep\labeled_dataset\medium_text\0053_cut_018.jpg,0053_cut_018.jpg,53,medium_text,medium,1,medium_text,test,434
C:\Temp\deep\labeled_dataset\medium_text\0053_cut_019.jpg,0053_cut_019.jpg,53,medium_text,medium,1,medium_text,test,435
C:\Temp\deep\labeled_dataset\medium_text\0053_cut_020.jpg,0053_cut_020.jpg,53,medium_text,medium,1,medium_text,test,436
C:\Temp\deep\labeled_dataset\medium_text\0054_cut_008.jpg,0054_cut_008.jpg,54,medium_text,medium,1,medium_text,train,437
C:\Temp\deep\labeled_dataset\medium_text\0054_cut_012.jpg,0054_cut_012.jpg,54,medium_text,medium,1,medium_text,train,438
C:\Temp\deep\labeled_dataset\medium_text\0055_cut_001.jpg,0055_cut_001.jpg,55,medium_text,medium,1,medium_text,train,439
C:\Temp\deep\labeled_dataset\medium_text\0057_cut_001.jpg,0057_cut_001.jpg,57,medium_text,medium,1,medium_text,train,440
C:\Temp\deep\labeled_dataset\medium_text\0057_cut_003.jpg,0057_cut_003.jpg,57,medium_text,medium,1,medium_text,train,441
C:\Temp\deep\labeled_dataset\medium_text\0057_cut_004.jpg,0057_cut_004.jpg,57,medium_text,medium,1,medium_text,train,442
C:\Temp\deep\labeled_dataset\medium_text\0064_cut_001.jpg,0064_cut_001.jpg,64,medium_text,medium,1,medium_text,train,443
C:\Temp\deep\labeled_dataset\medium_text\0064_cut_002.jpg,0064_cut_002.jpg,64,medium_text,medium,1,medium_text,train,444
C:\Temp\deep\labeled_dataset\medium_text\0064_cut_003.jpg,0064_cut_003.jpg,64,medium_text,medium,1,medium_text,train,445
C:\Temp\deep\labeled_dataset\medium_text\0075_cut_002.jpg,0075_cut_002.jpg,75,medium_text,medium,1,medium_text,train,446
C:\Temp\deep\labeled_dataset\medium_text\0075_cut_004.jpg,0075_cut_004.jpg,75,medium_text,medium,1,medium_text,train,447
C:\Temp\deep\labeled_dataset\medium_text\0075_cut_005.jpg,0075_cut_005.jpg,75,medium_text,medium,1,medium_text,train,448
C:\Temp\deep\labeled_dataset\medium_text\0075_cut_008.jpg,0075_cut_008.jpg,75,medium_text,medium,1,medium_text,train,449
C:\Temp\deep\labeled_dataset\medium_text\0075_cut_009.jpg,0075_cut_009.jpg,75,medium_text,medium,1,medium_text,train,450
C:\Temp\deep\labeled_dataset\medium_text\0075_cut_010.jpg,0075_cut_010.jpg,75,medium_text,medium,1,medium_text,train,451
C:\Temp\deep\labeled_dataset\medium_text\0077_cut_009.jpg,0077_cut_009.jpg,77,medium_text,medium,1,medium_text,test,452
C:\Temp\deep\labeled_dataset\medium_text\0080_cut_003.jpg,0080_cut_003.jpg,80,medium_text,medium,1,medium_text,train,453
C:\Temp\deep\labeled_dataset\medium_text\0080_cut_004.jpg,0080_cut_004.jpg,80,medium_text,medium,1,medium_text,train,454
C:\Temp\deep\labeled_dataset\medium_text\0080_cut_011.jpg,0080_cut_011.jpg,80,medium_text,medium,1,medium_text,train,455
C:\Temp\deep\labeled_dataset\medium_text\0082_cut_001.jpg,0082_cut_001.jpg,82,medium_text,medium,1,medium_text,val,456
C:\Temp\deep\labeled_dataset\medium_text\0082_cut_002.jpg,0082_cut_002.jpg,82,medium_text,medium,1,medium_text,val,457
C:\Temp\deep\labeled_dataset\medium_text\0082_cut_004.jpg,0082_cut_004.jpg,82,medium_text,medium,1,medium_text,val,458
C:\Temp\deep\labeled_dataset\medium_text\0082_cut_005.jpg,0082_cut_005.jpg,82,medium_text,medium,1,medium_text,val,459
C:\Temp\deep\labeled_dataset\medium_text\0082_cut_007.jpg,0082_cut_007.jpg,82,medium_text,medium,1,medium_text,val,460
C:\Temp\deep\labeled_dataset\medium_text\0082_cut_008.jpg,0082_cut_008.jpg,82,medium_text,medium,1,medium_text,val,461
C:\Temp\deep\labeled_dataset\medium_text\0082_cut_009.jpg,0082_cut_009.jpg,82,medium_text,medium,1,medium_text,val,462
C:\Temp\deep\labeled_dataset\medium_text\0082_cut_010.jpg,0082_cut_010.jpg,82,medium_text,medium,1,medium_text,val,463
C:\Temp\deep\labeled_dataset\medium_text\0082_cut_011.jpg,0082_cut_011.jpg,82,medium_text,medium,1,medium_text,val,464
C:\Temp\deep\labeled_dataset\medium_text\0082_cut_012.jpg,0082_cut_012.jpg,82,medium_text,medium,1,medium_text,val,465
C:\Temp\deep\labeled_dataset\medium_text\0082_cut_013.jpg,0082_cut_013.jpg,82,medium_text,medium,1,medium_text,val,466
C:\Temp\deep\labeled_dataset\medium_text\0082_cut_014.jpg,0082_cut_014.jpg,82,medium_text,medium,1,medium_text,val,467
C:\Temp\deep\labeled_dataset\medium_text\0082_cut_018.jpg,0082_cut_018.jpg,82,medium_text,medium,1,medium_text,val,468
C:\Temp\deep\labeled_dataset\medium_text\0086_cut_001.jpg,0086_cut_001.jpg,86,medium_text,medium,1,medium_text,train,469
C:\Temp\deep\labeled_dataset\medium_text\0086_cut_002.jpg,0086_cut_002.jpg,86,medium_text,medium,1,medium_text,train,470
C:\Temp\deep\labeled_dataset\medium_text\0086_cut_003.jpg,0086_cut_003.jpg,86,medium_text,medium,1,medium_text,train,471
C:\Temp\deep\labeled_dataset\medium_text\0086_cut_004.jpg,0086_cut_004.jpg,86,medium_text,medium,1,medium_text,train,472
C:\Temp\deep\labeled_dataset\medium_text\0087_cut_003.jpg,0087_cut_003.jpg,87,medium_text,medium,1,medium_text,test,473
C:\Temp\deep\labeled_dataset\medium_text\0087_cut_004.jpg,0087_cut_004.jpg,87,medium_text,medium,1,medium_text,test,474
C:\Temp\deep\labeled_dataset\medium_text\0087_cut_005.jpg,0087_cut_005.jpg,87,medium_text,medium,1,medium_text,test,475
C:\Temp\deep\labeled_dataset\medium_text\0087_cut_006.jpg,0087_cut_006.jpg,87,medium_text,medium,1,medium_text,test,476
C:\Temp\deep\labeled_dataset\medium_text\0087_cut_008.jpg,0087_cut_008.jpg,87,medium_text,medium,1,medium_text,test,477
C:\Temp\deep\labeled_dataset\medium_text\0087_cut_009.jpg,0087_cut_009.jpg,87,medium_text,medium,1,medium_text,test,478
C:\Temp\deep\labeled_dataset\medium_text\0087_cut_010.jpg,0087_cut_010.jpg,87,medium_text,medium,1,medium_text,test,479
C:\Temp\deep\labeled_dataset\medium_text\0087_cut_011.jpg,0087_cut_011.jpg,87,medium_text,medium,1,medium_text,test,480
C:\Temp\deep\labeled_dataset\medium_text\0087_cut_013.jpg,0087_cut_013.jpg,87,medium_text,medium,1,medium_text,test,481
C:\Temp\deep\labeled_dataset\medium_text\0087_cut_014.jpg,0087_cut_014.jpg,87,medium_text,medium,1,medium_text,test,482
C:\Temp\deep\labeled_dataset\medium_text\0088_cut_001.jpg,0088_cut_001.jpg,88,medium_text,medium,1,medium_text,train,483
C:\Temp\deep\labeled_dataset\medium_text\0089_cut_008.jpg,0089_cut_008.jpg,89,medium_text,medium,1,medium_text,val,484
C:\Temp\deep\labeled_dataset\medium_text\0089_cut_009.jpg,0089_cut_009.jpg,89,medium_text,medium,1,medium_text,val,485
C:\Temp\deep\labeled_dataset\medium_text\0091_cut_006.jpg,0091_cut_006.jpg,91,medium_text,medium,1,medium_text,val,486
C:\Temp\deep\labeled_dataset\medium_text\0092_cut_017.jpg,0092_cut_017.jpg,92,medium_text,medium,1,medium_text,train,487
C:\Temp\deep\labeled_dataset\medium_text\0092_cut_018.jpg,0092_cut_018.jpg,92,medium_text,medium,1,medium_text,train,488
C:\Temp\deep\labeled_dataset\medium_text\0093_cut_003.jpg,0093_cut_003.jpg,93,medium_text,medium,1,medium_text,val,489
C:\Temp\deep\labeled_dataset\medium_text\0093_cut_004.jpg,0093_cut_004.jpg,93,medium_text,medium,1,medium_text,val,490
C:\Temp\deep\labeled_dataset\medium_text\0093_cut_005.jpg,0093_cut_005.jpg,93,medium_text,medium,1,medium_text,val,491
C:\Temp\deep\labeled_dataset\medium_text\0093_cut_008.jpg,0093_cut_008.jpg,93,medium_text,medium,1,medium_text,val,492
C:\Temp\deep\labeled_dataset\medium_text\0093_cut_009.jpg,0093_cut_009.jpg,93,medium_text,medium,1,medium_text,val,493
C:\Temp\deep\labeled_dataset\medium_text\0093_cut_011.jpg,0093_cut_011.jpg,93,medium_text,medium,1,medium_text,val,494
C:\Temp\deep\labeled_dataset\medium_text\0093_cut_013.jpg,0093_cut_013.jpg,93,medium_text,medium,1,medium_text,val,495
C:\Temp\deep\labeled_dataset\medium_text\0093_cut_014.jpg,0093_cut_014.jpg,93,medium_text,medium,1,medium_text,val,496
C:\Temp\deep\labeled_dataset\medium_text\0093_cut_015.jpg,0093_cut_015.jpg,93,medium_text,medium,1,medium_text,val,497
C:\Temp\deep\labeled_dataset\medium_text\0093_cut_016.jpg,0093_cut_016.jpg,93,medium_text,medium,1,medium_text,val,498
C:\Temp\deep\labeled_dataset\medium_text\0096_cut_001.jpg,0096_cut_001.jpg,96,medium_text,medium,1,medium_text,train,499
C:\Temp\deep\labeled_dataset\medium_text\0096_cut_002.jpg,0096_cut_002.jpg,96,medium_text,medium,1,medium_text,train,500
C:\Temp\deep\labeled_dataset\medium_text\0096_cut_003.jpg,0096_cut_003.jpg,96,medium_text,medium,1,medium_text,train,501
C:\Temp\deep\labeled_dataset\medium_text\0096_cut_004.jpg,0096_cut_004.jpg,96,medium_text,medium,1,medium_text,train,502
C:\Temp\deep\labeled_dataset\medium_text\0096_cut_007.jpg,0096_cut_007.jpg,96,medium_text,medium,1,medium_text,train,503
C:\Temp\deep\labeled_dataset\medium_text\0096_cut_008.jpg,0096_cut_008.jpg,96,medium_text,medium,1,medium_text,train,504
C:\Temp\deep\labeled_dataset\medium_text\0096_cut_009.jpg,0096_cut_009.jpg,96,medium_text,medium,1,medium_text,train,505
C:\Temp\deep\labeled_dataset\medium_text\0097_cut_008.jpg,0097_cut_008.jpg,97,medium_text,medium,1,medium_text,train,506
C:\Temp\deep\labeled_dataset\medium_text\0098_cut_001.jpg,0098_cut_001.jpg,98,medium_text,medium,1,medium_text,train,507
C:\Temp\deep\labeled_dataset\medium_text\0099_cut_003.jpg,0099_cut_003.jpg,99,medium_text,medium,1,medium_text,test,508
C:\Temp\deep\labeled_dataset\medium_text\0105_cut_009.jpg,0105_cut_009.jpg,105,medium_text,medium,1,medium_text,train,509
C:\Temp\deep\labeled_dataset\medium_text\0108_cut_006.jpg,0108_cut_006.jpg,108,medium_text,medium,1,medium_text,train,510
C:\Temp\deep\labeled_dataset\medium_text\0108_cut_008.jpg,0108_cut_008.jpg,108,medium_text,medium,1,medium_text,train,511
C:\Temp\deep\labeled_dataset\medium_text\0109_cut_001.jpg,0109_cut_001.jpg,109,medium_text,medium,1,medium_text,train,512
C:\Temp\deep\labeled_dataset\medium_text\0109_cut_002.jpg,0109_cut_002.jpg,109,medium_text,medium,1,medium_text,train,513
C:\Temp\deep\labeled_dataset\medium_text\0109_cut_003.jpg,0109_cut_003.jpg,109,medium_text,medium,1,medium_text,train,514
C:\Temp\deep\labeled_dataset\medium_text\0109_cut_008.jpg,0109_cut_008.jpg,109,medium_text,medium,1,medium_text,train,515
C:\Temp\deep\labeled_dataset\medium_text\0109_cut_009.jpg,0109_cut_009.jpg,109,medium_text,medium,1,medium_text,train,516
C:\Temp\deep\labeled_dataset\medium_text\0109_cut_011.jpg,0109_cut_011.jpg,109,medium_text,medium,1,medium_text,train,517
C:\Temp\deep\labeled_dataset\medium_text\0109_cut_013.jpg,0109_cut_013.jpg,109,medium_text,medium,1,medium_text,train,518
C:\Temp\deep\labeled_dataset\medium_text\0109_cut_014.jpg,0109_cut_014.jpg,109,medium_text,medium,1,medium_text,train,519
C:\Temp\deep\labeled_dataset\medium_text\0109_cut_015.jpg,0109_cut_015.jpg,109,medium_text,medium,1,medium_text,train,520
C:\Temp\deep\labeled_dataset\medium_text\0109_cut_017.jpg,0109_cut_017.jpg,109,medium_text,medium,1,medium_text,train,521
C:\Temp\deep\labeled_dataset\medium_text\0109_cut_018.jpg,0109_cut_018.jpg,109,medium_text,medium,1,medium_text,train,522
C:\Temp\deep\labeled_dataset\medium_text\0109_cut_019.jpg,0109_cut_019.jpg,109,medium_text,medium,1,medium_text,train,523
C:\Temp\deep\labeled_dataset\medium_text\0109_cut_020.jpg,0109_cut_020.jpg,109,medium_text,medium,1,medium_text,train,524
C:\Temp\deep\labeled_dataset\medium_text\0110_cut_003.jpg,0110_cut_003.jpg,110,medium_text,medium,1,medium_text,train,525
C:\Temp\deep\labeled_dataset\medium_text\0112_cut_001.jpg,0112_cut_001.jpg,112,medium_text,medium,1,medium_text,train,526
C:\Temp\deep\labeled_dataset\medium_text\0112_cut_002.jpg,0112_cut_002.jpg,112,medium_text,medium,1,medium_text,train,527
C:\Temp\deep\labeled_dataset\medium_text\0112_cut_003.jpg,0112_cut_003.jpg,112,medium_text,medium,1,medium_text,train,528
C:\Temp\deep\labeled_dataset\medium_text\0112_cut_004.jpg,0112_cut_004.jpg,112,medium_text,medium,1,medium_text,train,529
C:\Temp\deep\labeled_dataset\medium_text\0112_cut_005.jpg,0112_cut_005.jpg,112,medium_text,medium,1,medium_text,train,530
C:\Temp\deep\labeled_dataset\medium_text\0112_cut_006.jpg,0112_cut_006.jpg,112,medium_text,medium,1,medium_text,train,531
C:\Temp\deep\labeled_dataset\medium_text\0112_cut_007.jpg,0112_cut_007.jpg,112,medium_text,medium,1,medium_text,train,532
C:\Temp\deep\labeled_dataset\medium_text\0112_cut_008.jpg,0112_cut_008.jpg,112,medium_text,medium,1,medium_text,train,533
C:\Temp\deep\labeled_dataset\medium_text\0112_cut_009.jpg,0112_cut_009.jpg,112,medium_text,medium,1,medium_text,train,534
C:\Temp\deep\labeled_dataset\medium_text\0112_cut_010.jpg,0112_cut_010.jpg,112,medium_text,medium,1,medium_text,train,535
C:\Temp\deep\labeled_dataset\medium_text\0112_cut_011.jpg,0112_cut_011.jpg,112,medium_text,medium,1,medium_text,train,536
C:\Temp\deep\labeled_dataset\medium_text\0112_cut_012.jpg,0112_cut_012.jpg,112,medium_text,medium,1,medium_text,train,537
C:\Temp\deep\labeled_dataset\medium_text\0113_cut_001.jpg,0113_cut_001.jpg,113,medium_text,medium,1,medium_text,train,538
C:\Temp\deep\labeled_dataset\medium_text\0113_cut_004.jpg,0113_cut_004.jpg,113,medium_text,medium,1,medium_text,train,539
C:\Temp\deep\labeled_dataset\medium_text\0113_cut_005.jpg,0113_cut_005.jpg,113,medium_text,medium,1,medium_text,train,540
C:\Temp\deep\labeled_dataset\medium_text\0113_cut_006.jpg,0113_cut_006.jpg,113,medium_text,medium,1,medium_text,train,541
C:\Temp\deep\labeled_dataset\medium_text\0113_cut_007.jpg,0113_cut_007.jpg,113,medium_text,medium,1,medium_text,train,542
C:\Temp\deep\labeled_dataset\medium_text\0113_cut_008.jpg,0113_cut_008.jpg,113,medium_text,medium,1,medium_text,train,543
C:\Temp\deep\labeled_dataset\medium_text\0114_cut_009.jpg,0114_cut_009.jpg,114,medium_text,medium,1,medium_text,test,544
C:\Temp\deep\labeled_dataset\medium_text\0114_cut_012.jpg,0114_cut_012.jpg,114,medium_text,medium,1,medium_text,test,545
C:\Temp\deep\labeled_dataset\medium_text\0115_cut_001.jpg,0115_cut_001.jpg,115,medium_text,medium,1,medium_text,test,546
C:\Temp\deep\labeled_dataset\medium_text\0119_cut_007.jpg,0119_cut_007.jpg,119,medium_text,medium,1,medium_text,train,547
C:\Temp\deep\labeled_dataset\medium_text\0119_cut_015.jpg,0119_cut_015.jpg,119,medium_text,medium,1,medium_text,train,548
C:\Temp\deep\labeled_dataset\medium_text\0129_cut_001.jpg,0129_cut_001.jpg,129,medium_text,medium,1,medium_text,train,549
C:\Temp\deep\labeled_dataset\medium_text\0129_cut_002.jpg,0129_cut_002.jpg,129,medium_text,medium,1,medium_text,train,550
C:\Temp\deep\labeled_dataset\medium_text\0129_cut_004.jpg,0129_cut_004.jpg,129,medium_text,medium,1,medium_text,train,551
C:\Temp\deep\labeled_dataset\object_notext\0005_cut_001.jpg,0005_cut_001.jpg,5,object_notext,object,0,object_notext,train,552
C:\Temp\deep\labeled_dataset\object_notext\0013_cut_003.jpg,0013_cut_003.jpg,13,object_notext,object,0,object_notext,train,553
C:\Temp\deep\labeled_dataset\object_notext\0013_cut_004.jpg,0013_cut_004.jpg,13,object_notext,object,0,object_notext,train,554
C:\Temp\deep\labeled_dataset\object_notext\0013_cut_005.jpg,0013_cut_005.jpg,13,object_notext,object,0,object_notext,train,555
C:\Temp\deep\labeled_dataset\object_notext\0013_cut_007.jpg,0013_cut_007.jpg,13,object_notext,object,0,object_notext,train,556
C:\Temp\deep\labeled_dataset\object_notext\0013_cut_008.jpg,0013_cut_008.jpg,13,object_notext,object,0,object_notext,train,557
C:\Temp\deep\labeled_dataset\object_notext\0013_cut_010.jpg,0013_cut_010.jpg,13,object_notext,object,0,object_notext,train,558
C:\Temp\deep\labeled_dataset\object_notext\0013_cut_011.jpg,0013_cut_011.jpg,13,object_notext,object,0,object_notext,train,559
C:\Temp\deep\labeled_dataset\object_notext\0013_cut_013.jpg,0013_cut_013.jpg,13,object_notext,object,0,object_notext,train,560
C:\Temp\deep\labeled_dataset\object_notext\0013_cut_015.jpg,0013_cut_015.jpg,13,object_notext,object,0,object_notext,train,561
C:\Temp\deep\labeled_dataset\object_notext\0013_cut_016.jpg,0013_cut_016.jpg,13,object_notext,object,0,object_notext,train,562
C:\Temp\deep\labeled_dataset\object_notext\0013_cut_018.jpg,0013_cut_018.jpg,13,object_notext,object,0,object_notext,train,563
C:\Temp\deep\labeled_dataset\object_notext\0013_cut_019.jpg,0013_cut_019.jpg,13,object_notext,object,0,object_notext,train,564
C:\Temp\deep\labeled_dataset\object_notext\0022_cut_001.jpg,0022_cut_001.jpg,22,object_notext,object,0,object_notext,test,565
C:\Temp\deep\labeled_dataset\object_notext\0036_cut_003.jpg,0036_cut_003.jpg,36,object_notext,object,0,object_notext,train,566
C:\Temp\deep\labeled_dataset\object_notext\0044_cut_002.jpg,0044_cut_002.jpg,44,object_notext,object,0,object_notext,train,567
C:\Temp\deep\labeled_dataset\object_notext\0044_cut_015.jpg,0044_cut_015.jpg,44,object_notext,object,0,object_notext,train,568
C:\Temp\deep\labeled_dataset\object_notext\0048_cut_005.jpg,0048_cut_005.jpg,48,object_notext,object,0,object_notext,test,569
C:\Temp\deep\labeled_dataset\object_notext\0052_cut_004.jpg,0052_cut_004.jpg,52,object_notext,object,0,object_notext,val,570
C:\Temp\deep\labeled_dataset\object_notext\0052_cut_006.jpg,0052_cut_006.jpg,52,object_notext,object,0,object_notext,val,571
C:\Temp\deep\labeled_dataset\object_notext\0052_cut_022.jpg,0052_cut_022.jpg,52,object_notext,object,0,object_notext,val,572
C:\Temp\deep\labeled_dataset\object_notext\0055_cut_004.jpg,0055_cut_004.jpg,55,object_notext,object,0,object_notext,train,573
C:\Temp\deep\labeled_dataset\object_notext\0055_cut_007.jpg,0055_cut_007.jpg,55,object_notext,object,0,object_notext,train,574
C:\Temp\deep\labeled_dataset\object_notext\0061_cut_003.jpg,0061_cut_003.jpg,61,object_notext,object,0,object_notext,train,575
C:\Temp\deep\labeled_dataset\object_notext\0061_cut_005.jpg,0061_cut_005.jpg,61,object_notext,object,0,object_notext,train,576
C:\Temp\deep\labeled_dataset\object_notext\0062_cut_003.jpg,0062_cut_003.jpg,62,object_notext,object,0,object_notext,train,577
C:\Temp\deep\labeled_dataset\object_notext\0065_cut_001.jpg,0065_cut_001.jpg,65,object_notext,object,0,object_notext,test,578
C:\Temp\deep\labeled_dataset\object_notext\0068_cut_006.jpg,0068_cut_006.jpg,68,object_notext,object,0,object_notext,val,579
C:\Temp\deep\labeled_dataset\object_notext\0073_cut_002.jpg,0073_cut_002.jpg,73,object_notext,object,0,object_notext,train,580
C:\Temp\deep\labeled_dataset\object_notext\0073_cut_003.jpg,0073_cut_003.jpg,73,object_notext,object,0,object_notext,train,581
C:\Temp\deep\labeled_dataset\object_notext\0095_cut_001.jpg,0095_cut_001.jpg,95,object_notext,object,0,object_notext,train,582
C:\Temp\deep\labeled_dataset\object_notext\0104_cut_003.jpg,0104_cut_003.jpg,104,object_notext,object,0,object_notext,train,583
C:\Temp\deep\labeled_dataset\object_notext\0105_cut_008.jpg,0105_cut_008.jpg,105,object_notext,object,0,object_notext,train,584
C:\Temp\deep\labeled_dataset\object_notext\0108_cut_013.jpg,0108_cut_013.jpg,108,object_notext,object,0,object_notext,train,585
C:\Temp\deep\labeled_dataset\object_notext\0109_cut_021.jpg,0109_cut_021.jpg,109,object_notext,object,0,object_notext,train,586
C:\Temp\deep\labeled_dataset\object_notext\0117_cut_004.jpg,0117_cut_004.jpg,117,object_notext,object,0,object_notext,val,587
C:\Temp\deep\labeled_dataset\object_notext\0122_cut_002.jpg,0122_cut_002.jpg,122,object_notext,object,0,object_notext,train,588
C:\Temp\deep\labeled_dataset\object_notext\0125_cut_002.jpg,0125_cut_002.jpg,125,object_notext,object,0,object_notext,test,589
C:\Temp\deep\labeled_dataset\object_notext\0128_cut_002.jpg,0128_cut_002.jpg,128,object_notext,object,0,object_notext,train,590
C:\Temp\deep\labeled_dataset\object_text\0002_cut_001.jpg,0002_cut_001.jpg,2,object_text,object,1,object_text,train,591
C:\Temp\deep\labeled_dataset\object_text\0002_cut_015.jpg,0002_cut_015.jpg,2,object_text,object,1,object_text,train,592
C:\Temp\deep\labeled_dataset\object_text\0004_cut_001.jpg,0004_cut_001.jpg,4,object_text,object,1,object_text,val,593
C:\Temp\deep\labeled_dataset\object_text\0004_cut_002.jpg,0004_cut_002.jpg,4,object_text,object,1,object_text,val,594
C:\Temp\deep\labeled_dataset\object_text\0004_cut_003.jpg,0004_cut_003.jpg,4,object_text,object,1,object_text,val,595
C:\Temp\deep\labeled_dataset\object_text\0004_cut_004.jpg,0004_cut_004.jpg,4,object_text,object,1,object_text,val,596
C:\Temp\deep\labeled_dataset\object_text\0004_cut_005.jpg,0004_cut_005.jpg,4,object_text,object,1,object_text,val,597
C:\Temp\deep\labeled_dataset\object_text\0004_cut_007.jpg,0004_cut_007.jpg,4,object_text,object,1,object_text,val,598
C:\Temp\deep\labeled_dataset\object_text\0004_cut_008.jpg,0004_cut_008.jpg,4,object_text,object,1,object_text,val,599
C:\Temp\deep\labeled_dataset\object_text\0004_cut_011.jpg,0004_cut_011.jpg,4,object_text,object,1,object_text,val,600
C:\Temp\deep\labeled_dataset\object_text\0005_cut_003.jpg,0005_cut_003.jpg,5,object_text,object,1,object_text,train,601
C:\Temp\deep\labeled_dataset\object_text\0005_cut_005.jpg,0005_cut_005.jpg,5,object_text,object,1,object_text,train,602
C:\Temp\deep\labeled_dataset\object_text\0005_cut_007.jpg,0005_cut_007.jpg,5,object_text,object,1,object_text,train,603
C:\Temp\deep\labeled_dataset\object_text\0005_cut_008.jpg,0005_cut_008.jpg,5,object_text,object,1,object_text,train,604
C:\Temp\deep\labeled_dataset\object_text\0005_cut_010.jpg,0005_cut_010.jpg,5,object_text,object,1,object_text,train,605
C:\Temp\deep\labeled_dataset\object_text\0005_cut_012.jpg,0005_cut_012.jpg,5,object_text,object,1,object_text,train,606
C:\Temp\deep\labeled_dataset\object_text\0005_cut_014.jpg,0005_cut_014.jpg,5,object_text,object,1,object_text,train,607
C:\Temp\deep\labeled_dataset\object_text\0005_cut_016.jpg,0005_cut_016.jpg,5,object_text,object,1,object_text,train,608
C:\Temp\deep\labeled_dataset\object_text\0005_cut_017.jpg,0005_cut_017.jpg,5,object_text,object,1,object_text,train,609
C:\Temp\deep\labeled_dataset\object_text\0005_cut_018.jpg,0005_cut_018.jpg,5,object_text,object,1,object_text,train,610
C:\Temp\deep\labeled_dataset\object_text\0005_cut_019.jpg,0005_cut_019.jpg,5,object_text,object,1,object_text,train,611
C:\Temp\deep\labeled_dataset\object_text\0005_cut_020.jpg,0005_cut_020.jpg,5,object_text,object,1,object_text,train,612
C:\Temp\deep\labeled_dataset\object_text\0005_cut_021.jpg,0005_cut_021.jpg,5,object_text,object,1,object_text,train,613
C:\Temp\deep\labeled_dataset\object_text\0007_cut_002.jpg,0007_cut_002.jpg,7,object_text,object,1,object_text,test,614
C:\Temp\deep\labeled_dataset\object_text\0007_cut_003.jpg,0007_cut_003.jpg,7,object_text,object,1,object_text,test,615
C:\Temp\deep\labeled_dataset\object_text\0007_cut_004.jpg,0007_cut_004.jpg,7,object_text,object,1,object_text,test,616
C:\Temp\deep\labeled_dataset\object_text\0008_cut_003.jpg,0008_cut_003.jpg,8,object_text,object,1,object_text,test,617
C:\Temp\deep\labeled_dataset\object_text\0008_cut_009.jpg,0008_cut_009.jpg,8,object_text,object,1,object_text,test,618
C:\Temp\deep\labeled_dataset\object_text\0008_cut_011.jpg,0008_cut_011.jpg,8,object_text,object,1,object_text,test,619
C:\Temp\deep\labeled_dataset\object_text\0008_cut_012.jpg,0008_cut_012.jpg,8,object_text,object,1,object_text,test,620
C:\Temp\deep\labeled_dataset\object_text\0008_cut_013.jpg,0008_cut_013.jpg,8,object_text,object,1,object_text,test,621
C:\Temp\deep\labeled_dataset\object_text\0008_cut_016.jpg,0008_cut_016.jpg,8,object_text,object,1,object_text,test,622
C:\Temp\deep\labeled_dataset\object_text\0008_cut_017.jpg,0008_cut_017.jpg,8,object_text,object,1,object_text,test,623
C:\Temp\deep\labeled_dataset\object_text\0008_cut_021.jpg,0008_cut_021.jpg,8,object_text,object,1,object_text,test,624
C:\Temp\deep\labeled_dataset\object_text\0008_cut_022.jpg,0008_cut_022.jpg,8,object_text,object,1,object_text,test,625
C:\Temp\deep\labeled_dataset\object_text\0008_cut_023.jpg,0008_cut_023.jpg,8,object_text,object,1,object_text,test,626
C:\Temp\deep\labeled_dataset\object_text\0009_cut_001.jpg,0009_cut_001.jpg,9,object_text,object,1,object_text,train,627
C:\Temp\deep\labeled_dataset\object_text\0009_cut_002.jpg,0009_cut_002.jpg,9,object_text,object,1,object_text,train,628
C:\Temp\deep\labeled_dataset\object_text\0009_cut_003.jpg,0009_cut_003.jpg,9,object_text,object,1,object_text,train,629
C:\Temp\deep\labeled_dataset\object_text\0009_cut_004.jpg,0009_cut_004.jpg,9,object_text,object,1,object_text,train,630
C:\Temp\deep\labeled_dataset\object_text\0009_cut_005.jpg,0009_cut_005.jpg,9,object_text,object,1,object_text,train,631
C:\Temp\deep\labeled_dataset\object_text\0010_cut_004.jpg,0010_cut_004.jpg,10,object_text,object,1,object_text,val,632
C:\Temp\deep\labeled_dataset\object_text\0010_cut_005.jpg,0010_cut_005.jpg,10,object_text,object,1,object_text,val,633
C:\Temp\deep\labeled_dataset\object_text\0010_cut_006.jpg,0010_cut_006.jpg,10,object_text,object,1,object_text,val,634
C:\Temp\deep\labeled_dataset\object_text\0010_cut_007.jpg,0010_cut_007.jpg,10,object_text,object,1,object_text,val,635
C:\Temp\deep\labeled_dataset\object_text\0010_cut_009.jpg,0010_cut_009.jpg,10,object_text,object,1,object_text,val,636
C:\Temp\deep\labeled_dataset\object_text\0010_cut_010.jpg,0010_cut_010.jpg,10,object_text,object,1,object_text,val,637
C:\Temp\deep\labeled_dataset\object_text\0010_cut_014.jpg,0010_cut_014.jpg,10,object_text,object,1,object_text,val,638
C:\Temp\deep\labeled_dataset\object_text\0010_cut_017.jpg,0010_cut_017.jpg,10,object_text,object,1,object_text,val,639
C:\Temp\deep\labeled_dataset\object_text\0010_cut_018.jpg,0010_cut_018.jpg,10,object_text,object,1,object_text,val,640
C:\Temp\deep\labeled_dataset\object_text\0010_cut_020.jpg,0010_cut_020.jpg,10,object_text,object,1,object_text,val,641
C:\Temp\deep\labeled_dataset\object_text\0011_cut_008.jpg,0011_cut_008.jpg,11,object_text,object,1,object_text,train,642
C:\Temp\deep\labeled_dataset\object_text\0012_cut_002.jpg,0012_cut_002.jpg,12,object_text,object,1,object_text,train,643
C:\Temp\deep\labeled_dataset\object_text\0012_cut_005.jpg,0012_cut_005.jpg,12,object_text,object,1,object_text,train,644
C:\Temp\deep\labeled_dataset\object_text\0012_cut_006.jpg,0012_cut_006.jpg,12,object_text,object,1,object_text,train,645
C:\Temp\deep\labeled_dataset\object_text\0013_cut_001.jpg,0013_cut_001.jpg,13,object_text,object,1,object_text,train,646
C:\Temp\deep\labeled_dataset\object_text\0015_cut_008.jpg,0015_cut_008.jpg,15,object_text,object,1,object_text,train,647
C:\Temp\deep\labeled_dataset\object_text\0019_cut_003.jpg,0019_cut_003.jpg,19,object_text,object,1,object_text,test,648
C:\Temp\deep\labeled_dataset\object_text\0029_cut_004.jpg,0029_cut_004.jpg,29,object_text,object,1,object_text,train,649
C:\Temp\deep\labeled_dataset\object_text\0029_cut_006.jpg,0029_cut_006.jpg,29,object_text,object,1,object_text,train,650
C:\Temp\deep\labeled_dataset\object_text\0029_cut_015.jpg,0029_cut_015.jpg,29,object_text,object,1,object_text,train,651
C:\Temp\deep\labeled_dataset\object_text\0029_cut_020.jpg,0029_cut_020.jpg,29,object_text,object,1,object_text,train,652
C:\Temp\deep\labeled_dataset\object_text\0029_cut_021.jpg,0029_cut_021.jpg,29,object_text,object,1,object_text,train,653
C:\Temp\deep\labeled_dataset\object_text\0029_cut_027.jpg,0029_cut_027.jpg,29,object_text,object,1,object_text,train,654
C:\Temp\deep\labeled_dataset\object_text\0037_cut_013.jpg,0037_cut_013.jpg,37,object_text,object,1,object_text,test,655
C:\Temp\deep\labeled_dataset\object_text\0040_cut_003.jpg,0040_cut_003.jpg,40,object_text,object,1,object_text,train,656
C:\Temp\deep\labeled_dataset\object_text\0040_cut_011.jpg,0040_cut_011.jpg,40,object_text,object,1,object_text,train,657
C:\Temp\deep\labeled_dataset\object_text\0040_cut_012.jpg,0040_cut_012.jpg,40,object_text,object,1,object_text,train,658
C:\Temp\deep\labeled_dataset\object_text\0042_cut_004.jpg,0042_cut_004.jpg,42,object_text,object,1,object_text,train,659
C:\Temp\deep\labeled_dataset\object_text\0048_cut_009.jpg,0048_cut_009.jpg,48,object_text,object,1,object_text,test,660
C:\Temp\deep\labeled_dataset\object_text\0048_cut_010.jpg,0048_cut_010.jpg,48,object_text,object,1,object_text,test,661
C:\Temp\deep\labeled_dataset\object_text\0048_cut_011.jpg,0048_cut_011.jpg,48,object_text,object,1,object_text,test,662
C:\Temp\deep\labeled_dataset\object_text\0048_cut_012.jpg,0048_cut_012.jpg,48,object_text,object,1,object_text,test,663
C:\Temp\deep\labeled_dataset\object_text\0052_cut_002.jpg,0052_cut_002.jpg,52,object_text,object,1,object_text,val,664
C:\Temp\deep\labeled_dataset\object_text\0052_cut_003.jpg,0052_cut_003.jpg,52,object_text,object,1,object_text,val,665
C:\Temp\deep\labeled_dataset\object_text\0052_cut_005.jpg,0052_cut_005.jpg,52,object_text,object,1,object_text,val,666
C:\Temp\deep\labeled_dataset\object_text\0052_cut_007.jpg,0052_cut_007.jpg,52,object_text,object,1,object_text,val,667
C:\Temp\deep\labeled_dataset\object_text\0052_cut_011.jpg,0052_cut_011.jpg,52,object_text,object,1,object_text,val,668
C:\Temp\deep\labeled_dataset\object_text\0052_cut_012.jpg,0052_cut_012.jpg,52,object_text,object,1,object_text,val,669
C:\Temp\deep\labeled_dataset\object_text\0052_cut_013.jpg,0052_cut_013.jpg,52,object_text,object,1,object_text,val,670
C:\Temp\deep\labeled_dataset\object_text\0052_cut_017.jpg,0052_cut_017.jpg,52,object_text,object,1,object_text,val,671
C:\Temp\deep\labeled_dataset\object_text\0052_cut_018.jpg,0052_cut_018.jpg,52,object_text,object,1,object_text,val,672
C:\Temp\deep\labeled_dataset\object_text\0052_cut_020.jpg,0052_cut_020.jpg,52,object_text,object,1,object_text,val,673
C:\Temp\deep\labeled_dataset\object_text\0056_cut_004.jpg,0056_cut_004.jpg,56,object_text,object,1,object_text,train,674
C:\Temp\deep\labeled_dataset\object_text\0056_cut_005.jpg,0056_cut_005.jpg,56,object_text,object,1,object_text,train,675
C:\Temp\deep\labeled_dataset\object_text\0056_cut_006.jpg,0056_cut_006.jpg,56,object_text,object,1,object_text,train,676
C:\Temp\deep\labeled_dataset\object_text\0056_cut_010.jpg,0056_cut_010.jpg,56,object_text,object,1,object_text,train,677
C:\Temp\deep\labeled_dataset\object_text\0056_cut_013.jpg,0056_cut_013.jpg,56,object_text,object,1,object_text,train,678
C:\Temp\deep\labeled_dataset\object_text\0056_cut_015.jpg,0056_cut_015.jpg,56,object_text,object,1,object_text,train,679
C:\Temp\deep\labeled_dataset\object_text\0056_cut_016.jpg,0056_cut_016.jpg,56,object_text,object,1,object_text,train,680
C:\Temp\deep\labeled_dataset\object_text\0056_cut_017.jpg,0056_cut_017.jpg,56,object_text,object,1,object_text,train,681
C:\Temp\deep\labeled_dataset\object_text\0056_cut_022.jpg,0056_cut_022.jpg,56,object_text,object,1,object_text,train,682
C:\Temp\deep\labeled_dataset\object_text\0056_cut_023.jpg,0056_cut_023.jpg,56,object_text,object,1,object_text,train,683
C:\Temp\deep\labeled_dataset\object_text\0056_cut_024.jpg,0056_cut_024.jpg,56,object_text,object,1,object_text,train,684
C:\Temp\deep\labeled_dataset\object_text\0056_cut_025.jpg,0056_cut_025.jpg,56,object_text,object,1,object_text,train,685
C:\Temp\deep\labeled_dataset\object_text\0056_cut_027.jpg,0056_cut_027.jpg,56,object_text,object,1,object_text,train,686
C:\Temp\deep\labeled_dataset\object_text\0056_cut_029.jpg,0056_cut_029.jpg,56,object_text,object,1,object_text,train,687
C:\Temp\deep\labeled_dataset\object_text\0056_cut_031.jpg,0056_cut_031.jpg,56,object_text,object,1,object_text,train,688
C:\Temp\deep\labeled_dataset\object_text\0056_cut_032.jpg,0056_cut_032.jpg,56,object_text,object,1,object_text,train,689
C:\Temp\deep\labeled_dataset\object_text\0056_cut_033.jpg,0056_cut_033.jpg,56,object_text,object,1,object_text,train,690
C:\Temp\deep\labeled_dataset\object_text\0056_cut_034.jpg,0056_cut_034.jpg,56,object_text,object,1,object_text,train,691
C:\Temp\deep\labeled_dataset\object_text\0056_cut_035.jpg,0056_cut_035.jpg,56,object_text,object,1,object_text,train,692
C:\Temp\deep\labeled_dataset\object_text\0057_cut_005.jpg,0057_cut_005.jpg,57,object_text,object,1,object_text,train,693
C:\Temp\deep\labeled_dataset\object_text\0057_cut_006.jpg,0057_cut_006.jpg,57,object_text,object,1,object_text,train,694
C:\Temp\deep\labeled_dataset\object_text\0057_cut_007.jpg,0057_cut_007.jpg,57,object_text,object,1,object_text,train,695
C:\Temp\deep\labeled_dataset\object_text\0057_cut_008.jpg,0057_cut_008.jpg,57,object_text,object,1,object_text,train,696
C:\Temp\deep\labeled_dataset\object_text\0058_cut_001.jpg,0058_cut_001.jpg,58,object_text,object,1,object_text,train,697
C:\Temp\deep\labeled_dataset\object_text\0058_cut_002.jpg,0058_cut_002.jpg,58,object_text,object,1,object_text,train,698
C:\Temp\deep\labeled_dataset\object_text\0058_cut_004.jpg,0058_cut_004.jpg,58,object_text,object,1,object_text,train,699
C:\Temp\deep\labeled_dataset\object_text\0058_cut_005.jpg,0058_cut_005.jpg,58,object_text,object,1,object_text,train,700
C:\Temp\deep\labeled_dataset\object_text\0058_cut_006.jpg,0058_cut_006.jpg,58,object_text,object,1,object_text,train,701
C:\Temp\deep\labeled_dataset\object_text\0058_cut_007.jpg,0058_cut_007.jpg,58,object_text,object,1,object_text,train,702
C:\Temp\deep\labeled_dataset\object_text\0058_cut_008.jpg,0058_cut_008.jpg,58,object_text,object,1,object_text,train,703
C:\Temp\deep\labeled_dataset\object_text\0059_cut_001.jpg,0059_cut_001.jpg,59,object_text,object,1,object_text,train,704
C:\Temp\deep\labeled_dataset\object_text\0059_cut_002.jpg,0059_cut_002.jpg,59,object_text,object,1,object_text,train,705
C:\Temp\deep\labeled_dataset\object_text\0059_cut_003.jpg,0059_cut_003.jpg,59,object_text,object,1,object_text,train,706
C:\Temp\deep\labeled_dataset\object_text\0059_cut_004.jpg,0059_cut_004.jpg,59,object_text,object,1,object_text,train,707
C:\Temp\deep\labeled_dataset\object_text\0059_cut_005.jpg,0059_cut_005.jpg,59,object_text,object,1,object_text,train,708
C:\Temp\deep\labeled_dataset\object_text\0059_cut_006.jpg,0059_cut_006.jpg,59,object_text,object,1,object_text,train,709
C:\Temp\deep\labeled_dataset\object_text\0060_cut_002.jpg,0060_cut_002.jpg,60,object_text,object,1,object_text,train,710
C:\Temp\deep\labeled_dataset\object_text\0060_cut_004.jpg,0060_cut_004.jpg,60,object_text,object,1,object_text,train,711
C:\Temp\deep\labeled_dataset\object_text\0060_cut_005.jpg,0060_cut_005.jpg,60,object_text,object,1,object_text,train,712
C:\Temp\deep\labeled_dataset\object_text\0060_cut_009.jpg,0060_cut_009.jpg,60,object_text,object,1,object_text,train,713
C:\Temp\deep\labeled_dataset\object_text\0061_cut_008.jpg,0061_cut_008.jpg,61,object_text,object,1,object_text,train,714
C:\Temp\deep\labeled_dataset\object_text\0062_cut_001.jpg,0062_cut_001.jpg,62,object_text,object,1,object_text,train,715
C:\Temp\deep\labeled_dataset\object_text\0063_cut_001.jpg,0063_cut_001.jpg,63,object_text,object,1,object_text,train,716
C:\Temp\deep\labeled_dataset\object_text\0063_cut_006.jpg,0063_cut_006.jpg,63,object_text,object,1,object_text,train,717
C:\Temp\deep\labeled_dataset\object_text\0068_cut_001.jpg,0068_cut_001.jpg,68,object_text,object,1,object_text,val,718
C:\Temp\deep\labeled_dataset\object_text\0068_cut_002.jpg,0068_cut_002.jpg,68,object_text,object,1,object_text,val,719
C:\Temp\deep\labeled_dataset\object_text\0068_cut_003.jpg,0068_cut_003.jpg,68,object_text,object,1,object_text,val,720
C:\Temp\deep\labeled_dataset\object_text\0068_cut_004.jpg,0068_cut_004.jpg,68,object_text,object,1,object_text,val,721
C:\Temp\deep\labeled_dataset\object_text\0068_cut_005.jpg,0068_cut_005.jpg,68,object_text,object,1,object_text,val,722
C:\Temp\deep\labeled_dataset\object_text\0069_cut_001.jpg,0069_cut_001.jpg,69,object_text,object,1,object_text,train,723
C:\Temp\deep\labeled_dataset\object_text\0069_cut_002.jpg,0069_cut_002.jpg,69,object_text,object,1,object_text,train,724
C:\Temp\deep\labeled_dataset\object_text\0069_cut_006.jpg,0069_cut_006.jpg,69,object_text,object,1,object_text,train,725
C:\Temp\deep\labeled_dataset\object_text\0069_cut_007.jpg,0069_cut_007.jpg,69,object_text,object,1,object_text,train,726
C:\Temp\deep\labeled_dataset\object_text\0069_cut_008.jpg,0069_cut_008.jpg,69,object_text,object,1,object_text,train,727
C:\Temp\deep\labeled_dataset\object_text\0069_cut_009.jpg,0069_cut_009.jpg,69,object_text,object,1,object_text,train,728
C:\Temp\deep\labeled_dataset\object_text\0070_cut_001.jpg,0070_cut_001.jpg,70,object_text,object,1,object_text,train,729
C:\Temp\deep\labeled_dataset\object_text\0070_cut_002.jpg,0070_cut_002.jpg,70,object_text,object,1,object_text,train,730
C:\Temp\deep\labeled_dataset\object_text\0071_cut_003.jpg,0071_cut_003.jpg,71,object_text,object,1,object_text,val,731
C:\Temp\deep\labeled_dataset\object_text\0071_cut_004.jpg,0071_cut_004.jpg,71,object_text,object,1,object_text,val,732
C:\Temp\deep\labeled_dataset\object_text\0071_cut_005.jpg,0071_cut_005.jpg,71,object_text,object,1,object_text,val,733
C:\Temp\deep\labeled_dataset\object_text\0073_cut_001.jpg,0073_cut_001.jpg,73,object_text,object,1,object_text,train,734
C:\Temp\deep\labeled_dataset\object_text\0074_cut_001.jpg,0074_cut_001.jpg,74,object_text,object,1,object_text,train,735
C:\Temp\deep\labeled_dataset\object_text\0074_cut_002.jpg,0074_cut_002.jpg,74,object_text,object,1,object_text,train,736
C:\Temp\deep\labeled_dataset\object_text\0074_cut_005.jpg,0074_cut_005.jpg,74,object_text,object,1,object_text,train,737
C:\Temp\deep\labeled_dataset\object_text\0076_cut_002.jpg,0076_cut_002.jpg,76,object_text,object,1,object_text,test,738
C:\Temp\deep\labeled_dataset\object_text\0076_cut_004.jpg,0076_cut_004.jpg,76,object_text,object,1,object_text,test,739
C:\Temp\deep\labeled_dataset\object_text\0076_cut_006.jpg,0076_cut_006.jpg,76,object_text,object,1,object_text,test,740
C:\Temp\deep\labeled_dataset\object_text\0076_cut_008.jpg,0076_cut_008.jpg,76,object_text,object,1,object_text,test,741
C:\Temp\deep\labeled_dataset\object_text\0076_cut_009.jpg,0076_cut_009.jpg,76,object_text,object,1,object_text,test,742
C:\Temp\deep\labeled_dataset\object_text\0076_cut_010.jpg,0076_cut_010.jpg,76,object_text,object,1,object_text,test,743
C:\Temp\deep\labeled_dataset\object_text\0077_cut_001.jpg,0077_cut_001.jpg,77,object_text,object,1,object_text,test,744
C:\Temp\deep\labeled_dataset\object_text\0077_cut_002.jpg,0077_cut_002.jpg,77,object_text,object,1,object_text,test,745
C:\Temp\deep\labeled_dataset\object_text\0077_cut_003.jpg,0077_cut_003.jpg,77,object_text,object,1,object_text,test,746
C:\Temp\deep\labeled_dataset\object_text\0077_cut_004.jpg,0077_cut_004.jpg,77,object_text,object,1,object_text,test,747
C:\Temp\deep\labeled_dataset\object_text\0077_cut_005.jpg,0077_cut_005.jpg,77,object_text,object,1,object_text,test,748
C:\Temp\deep\labeled_dataset\object_text\0077_cut_006.jpg,0077_cut_006.jpg,77,object_text,object,1,object_text,test,749
C:\Temp\deep\labeled_dataset\object_text\0077_cut_007.jpg,0077_cut_007.jpg,77,object_text,object,1,object_text,test,750
C:\Temp\deep\labeled_dataset\object_text\0077_cut_010.jpg,0077_cut_010.jpg,77,object_text,object,1,object_text,test,751
C:\Temp\deep\labeled_dataset\object_text\0077_cut_011.jpg,0077_cut_011.jpg,77,object_text,object,1,object_text,test,752
C:\Temp\deep\labeled_dataset\object_text\0077_cut_012.jpg,0077_cut_012.jpg,77,object_text,object,1,object_text,test,753
C:\Temp\deep\labeled_dataset\object_text\0079_cut_002.jpg,0079_cut_002.jpg,79,object_text,object,1,object_text,train,754
C:\Temp\deep\labeled_dataset\object_text\0079_cut_003.jpg,0079_cut_003.jpg,79,object_text,object,1,object_text,train,755
C:\Temp\deep\labeled_dataset\object_text\0079_cut_004.jpg,0079_cut_004.jpg,79,object_text,object,1,object_text,train,756
C:\Temp\deep\labeled_dataset\object_text\0079_cut_006.jpg,0079_cut_006.jpg,79,object_text,object,1,object_text,train,757
C:\Temp\deep\labeled_dataset\object_text\0079_cut_007.jpg,0079_cut_007.jpg,79,object_text,object,1,object_text,train,758
C:\Temp\deep\labeled_dataset\object_text\0079_cut_008.jpg,0079_cut_008.jpg,79,object_text,object,1,object_text,train,759
C:\Temp\deep\labeled_dataset\object_text\0079_cut_009.jpg,0079_cut_009.jpg,79,object_text,object,1,object_text,train,760
C:\Temp\deep\labeled_dataset\object_text\0079_cut_010.jpg,0079_cut_010.jpg,79,object_text,object,1,object_text,train,761
C:\Temp\deep\labeled_dataset\object_text\0080_cut_005.jpg,0080_cut_005.jpg,80,object_text,object,1,object_text,train,762
C:\Temp\deep\labeled_dataset\object_text\0080_cut_009.jpg,0080_cut_009.jpg,80,object_text,object,1,object_text,train,763
C:\Temp\deep\labeled_dataset\object_text\0080_cut_010.jpg,0080_cut_010.jpg,80,object_text,object,1,object_text,train,764
C:\Temp\deep\labeled_dataset\object_text\0080_cut_015.jpg,0080_cut_015.jpg,80,object_text,object,1,object_text,train,765
C:\Temp\deep\labeled_dataset\object_text\0082_cut_015.jpg,0082_cut_015.jpg,82,object_text,object,1,object_text,val,766
C:\Temp\deep\labeled_dataset\object_text\0087_cut_007.jpg,0087_cut_007.jpg,87,object_text,object,1,object_text,test,767
C:\Temp\deep\labeled_dataset\object_text\0089_cut_004.jpg,0089_cut_004.jpg,89,object_text,object,1,object_text,val,768
C:\Temp\deep\labeled_dataset\object_text\0089_cut_005.jpg,0089_cut_005.jpg,89,object_text,object,1,object_text,val,769
C:\Temp\deep\labeled_dataset\object_text\0089_cut_006.jpg,0089_cut_006.jpg,89,object_text,object,1,object_text,val,770
C:\Temp\deep\labeled_dataset\object_text\0089_cut_010.jpg,0089_cut_010.jpg,89,object_text,object,1,object_text,val,771
C:\Temp\deep\labeled_dataset\object_text\0089_cut_012.jpg,0089_cut_012.jpg,89,object_text,object,1,object_text,val,772
C:\Temp\deep\labeled_dataset\object_text\0091_cut_002.jpg,0091_cut_002.jpg,91,object_text,object,1,object_text,val,773
C:\Temp\deep\labeled_dataset\object_text\0091_cut_003.jpg,0091_cut_003.jpg,91,object_text,object,1,object_text,val,774
C:\Temp\deep\labeled_dataset\object_text\0091_cut_005.jpg,0091_cut_005.jpg,91,object_text,object,1,object_text,val,775
C:\Temp\deep\labeled_dataset\object_text\0092_cut_002.jpg,0092_cut_002.jpg,92,object_text,object,1,object_text,train,776
C:\Temp\deep\labeled_dataset\object_text\0092_cut_003.jpg,0092_cut_003.jpg,92,object_text,object,1,object_text,train,777
C:\Temp\deep\labeled_dataset\object_text\0092_cut_004.jpg,0092_cut_004.jpg,92,object_text,object,1,object_text,train,778
C:\Temp\deep\labeled_dataset\object_text\0092_cut_005.jpg,0092_cut_005.jpg,92,object_text,object,1,object_text,train,779
C:\Temp\deep\labeled_dataset\object_text\0092_cut_006.jpg,0092_cut_006.jpg,92,object_text,object,1,object_text,train,780
C:\Temp\deep\labeled_dataset\object_text\0092_cut_007.jpg,0092_cut_007.jpg,92,object_text,object,1,object_text,train,781
C:\Temp\deep\labeled_dataset\object_text\0092_cut_008.jpg,0092_cut_008.jpg,92,object_text,object,1,object_text,train,782
C:\Temp\deep\labeled_dataset\object_text\0092_cut_009.jpg,0092_cut_009.jpg,92,object_text,object,1,object_text,train,783
C:\Temp\deep\labeled_dataset\object_text\0092_cut_010.jpg,0092_cut_010.jpg,92,object_text,object,1,object_text,train,784
C:\Temp\deep\labeled_dataset\object_text\0092_cut_011.jpg,0092_cut_011.jpg,92,object_text,object,1,object_text,train,785
C:\Temp\deep\labeled_dataset\object_text\0092_cut_012.jpg,0092_cut_012.jpg,92,object_text,object,1,object_text,train,786
C:\Temp\deep\labeled_dataset\object_text\0092_cut_013.jpg,0092_cut_013.jpg,92,object_text,object,1,object_text,train,787
C:\Temp\deep\labeled_dataset\object_text\0092_cut_014.jpg,0092_cut_014.jpg,92,object_text,object,1,object_text,train,788
C:\Temp\deep\labeled_dataset\object_text\0095_cut_002.jpg,0095_cut_002.jpg,95,object_text,object,1,object_text,train,789
C:\Temp\deep\labeled_dataset\object_text\0095_cut_004.jpg,0095_cut_004.jpg,95,object_text,object,1,object_text,train,790
C:\Temp\deep\labeled_dataset\object_text\0095_cut_005.jpg,0095_cut_005.jpg,95,object_text,object,1,object_text,train,791
C:\Temp\deep\labeled_dataset\object_text\0095_cut_006.jpg,0095_cut_006.jpg,95,object_text,object,1,object_text,train,792
C:\Temp\deep\labeled_dataset\object_text\0095_cut_007.jpg,0095_cut_007.jpg,95,object_text,object,1,object_text,train,793
C:\Temp\deep\labeled_dataset\object_text\0096_cut_005.jpg,0096_cut_005.jpg,96,object_text,object,1,object_text,train,794
C:\Temp\deep\labeled_dataset\object_text\0096_cut_010.jpg,0096_cut_010.jpg,96,object_text,object,1,object_text,train,795
C:\Temp\deep\labeled_dataset\object_text\0096_cut_012.jpg,0096_cut_012.jpg,96,object_text,object,1,object_text,train,796
C:\Temp\deep\labeled_dataset\object_text\0099_cut_001.jpg,0099_cut_001.jpg,99,object_text,object,1,object_text,test,797
C:\Temp\deep\labeled_dataset\object_text\0099_cut_002.jpg,0099_cut_002.jpg,99,object_text,object,1,object_text,test,798
C:\Temp\deep\labeled_dataset\object_text\0100_cut_002.jpg,0100_cut_002.jpg,100,object_text,object,1,object_text,test,799
C:\Temp\deep\labeled_dataset\object_text\0100_cut_003.jpg,0100_cut_003.jpg,100,object_text,object,1,object_text,test,800
C:\Temp\deep\labeled_dataset\object_text\0100_cut_006.jpg,0100_cut_006.jpg,100,object_text,object,1,object_text,test,801
C:\Temp\deep\labeled_dataset\object_text\0100_cut_007.jpg,0100_cut_007.jpg,100,object_text,object,1,object_text,test,802
C:\Temp\deep\labeled_dataset\object_text\0100_cut_010.jpg,0100_cut_010.jpg,100,object_text,object,1,object_text,test,803
C:\Temp\deep\labeled_dataset\object_text\0102_cut_001.jpg,0102_cut_001.jpg,102,object_text,object,1,object_text,test,804
C:\Temp\deep\labeled_dataset\object_text\0102_cut_003.jpg,0102_cut_003.jpg,102,object_text,object,1,object_text,test,805
C:\Temp\deep\labeled_dataset\object_text\0102_cut_004.jpg,0102_cut_004.jpg,102,object_text,object,1,object_text,test,806
C:\Temp\deep\labeled_dataset\object_text\0102_cut_005.jpg,0102_cut_005.jpg,102,object_text,object,1,object_text,test,807
C:\Temp\deep\labeled_dataset\object_text\0102_cut_006.jpg,0102_cut_006.jpg,102,object_text,object,1,object_text,test,808
C:\Temp\deep\labeled_dataset\object_text\0102_cut_009.jpg,0102_cut_009.jpg,102,object_text,object,1,object_text,test,809
C:\Temp\deep\labeled_dataset\object_text\0102_cut_010.jpg,0102_cut_010.jpg,102,object_text,object,1,object_text,test,810
C:\Temp\deep\labeled_dataset\object_text\0102_cut_011.jpg,0102_cut_011.jpg,102,object_text,object,1,object_text,test,811
C:\Temp\deep\labeled_dataset\object_text\0102_cut_012.jpg,0102_cut_012.jpg,102,object_text,object,1,object_text,test,812
C:\Temp\deep\labeled_dataset\object_text\0103_cut_001.jpg,0103_cut_001.jpg,103,object_text,object,1,object_text,val,813
C:\Temp\deep\labeled_dataset\object_text\0103_cut_002.jpg,0103_cut_002.jpg,103,object_text,object,1,object_text,val,814
C:\Temp\deep\labeled_dataset\object_text\0103_cut_004.jpg,0103_cut_004.jpg,103,object_text,object,1,object_text,val,815
C:\Temp\deep\labeled_dataset\object_text\0103_cut_005.jpg,0103_cut_005.jpg,103,object_text,object,1,object_text,val,816
C:\Temp\deep\labeled_dataset\object_text\0103_cut_006.jpg,0103_cut_006.jpg,103,object_text,object,1,object_text,val,817
C:\Temp\deep\labeled_dataset\object_text\0103_cut_007.jpg,0103_cut_007.jpg,103,object_text,object,1,object_text,val,818
C:\Temp\deep\labeled_dataset\object_text\0104_cut_001.jpg,0104_cut_001.jpg,104,object_text,object,1,object_text,train,819
C:\Temp\deep\labeled_dataset\object_text\0104_cut_002.jpg,0104_cut_002.jpg,104,object_text,object,1,object_text,train,820
C:\Temp\deep\labeled_dataset\object_text\0105_cut_005.jpg,0105_cut_005.jpg,105,object_text,object,1,object_text,train,821
C:\Temp\deep\labeled_dataset\object_text\0105_cut_006.jpg,0105_cut_006.jpg,105,object_text,object,1,object_text,train,822
C:\Temp\deep\labeled_dataset\object_text\0105_cut_007.jpg,0105_cut_007.jpg,105,object_text,object,1,object_text,train,823
C:\Temp\deep\labeled_dataset\object_text\0108_cut_003.jpg,0108_cut_003.jpg,108,object_text,object,1,object_text,train,824
C:\Temp\deep\labeled_dataset\object_text\0108_cut_005.jpg,0108_cut_005.jpg,108,object_text,object,1,object_text,train,825
C:\Temp\deep\labeled_dataset\object_text\0108_cut_007.jpg,0108_cut_007.jpg,108,object_text,object,1,object_text,train,826
C:\Temp\deep\labeled_dataset\object_text\0108_cut_009.jpg,0108_cut_009.jpg,108,object_text,object,1,object_text,train,827
C:\Temp\deep\labeled_dataset\object_text\0108_cut_010.jpg,0108_cut_010.jpg,108,object_text,object,1,object_text,train,828
C:\Temp\deep\labeled_dataset\object_text\0108_cut_011.jpg,0108_cut_011.jpg,108,object_text,object,1,object_text,train,829
C:\Temp\deep\labeled_dataset\object_text\0108_cut_012.jpg,0108_cut_012.jpg,108,object_text,object,1,object_text,train,830
C:\Temp\deep\labeled_dataset\object_text\0110_cut_001.jpg,0110_cut_001.jpg,110,object_text,object,1,object_text,train,831
C:\Temp\deep\labeled_dataset\object_text\0110_cut_004.jpg,0110_cut_004.jpg,110,object_text,object,1,object_text,train,832
C:\Temp\deep\labeled_dataset\object_text\0110_cut_005.jpg,0110_cut_005.jpg,110,object_text,object,1,object_text,train,833
C:\Temp\deep\labeled_dataset\object_text\0114_cut_003.jpg,0114_cut_003.jpg,114,object_text,object,1,object_text,test,834
C:\Temp\deep\labeled_dataset\object_text\0114_cut_008.jpg,0114_cut_008.jpg,114,object_text,object,1,object_text,test,835
C:\Temp\deep\labeled_dataset\object_text\0120_cut_004.jpg,0120_cut_004.jpg,120,object_text,object,1,object_text,train,836
C:\Temp\deep\labeled_dataset\object_text\0120_cut_006.jpg,0120_cut_006.jpg,120,object_text,object,1,object_text,train,837
C:\Temp\deep\labeled_dataset\object_text\0125_cut_001.jpg,0125_cut_001.jpg,125,object_text,object,1,object_text,test,838
C:\Temp\deep\labeled_dataset\object_text\0125_cut_003.jpg,0125_cut_003.jpg,125,object_text,object,1,object_text,test,839
C:\Temp\deep\labeled_dataset\object_text\0125_cut_004.jpg,0125_cut_004.jpg,125,object_text,object,1,object_text,test,840
C:\Temp\deep\labeled_dataset\object_text\0125_cut_006.jpg,0125_cut_006.jpg,125,object_text,object,1,object_text,test,841
C:\Temp\deep\labeled_dataset\object_text\0129_cut_003.jpg,0129_cut_003.jpg,129,object_text,object,1,object_text,train,842
C:\Temp\deep\labeled_dataset\object_text\0129_cut_005.jpg,0129_cut_005.jpg,129,object_text,object,1,object_text,train,843
C:\Temp\deep\labeled_dataset\object_text\0129_cut_006.jpg,0129_cut_006.jpg,129,object_text,object,1,object_text,train,844
C:\Temp\deep\labeled_dataset\object_text\0129_cut_008.jpg,0129_cut_008.jpg,129,object_text,object,1,object_text,train,845
C:\Temp\deep\labeled_dataset\object_text\0129_cut_010.jpg,0129_cut_010.jpg,129,object_text,object,1,object_text,train,846
C:\Temp\deep\labeled_dataset\object_text\0129_cut_011.jpg,0129_cut_011.jpg,129,object_text,object,1,object_text,train,847
C:\Temp\deep\labeled_dataset\space_notext\0037_cut_001.jpg,0037_cut_001.jpg,37,space_notext,space,0,space_notext,test,848
C:\Temp\deep\labeled_dataset\space_notext\0044_cut_021.jpg,0044_cut_021.jpg,44,space_notext,space,0,space_notext,train,849
C:\Temp\deep\labeled_dataset\space_notext\0055_cut_006.jpg,0055_cut_006.jpg,55,space_notext,space,0,space_notext,train,850
C:\Temp\deep\labeled_dataset\space_notext\0062_cut_002.jpg,0062_cut_002.jpg,62,space_notext,space,0,space_notext,train,851
C:\Temp\deep\labeled_dataset\space_notext\0062_cut_004.jpg,0062_cut_004.jpg,62,space_notext,space,0,space_notext,train,852
C:\Temp\deep\labeled_dataset\space_notext\0067_cut_001.jpg,0067_cut_001.jpg,67,space_notext,space,0,space_notext,train,853
C:\Temp\deep\labeled_dataset\space_notext\0067_cut_003.jpg,0067_cut_003.jpg,67,space_notext,space,0,space_notext,train,854
C:\Temp\deep\labeled_dataset\space_notext\0067_cut_005.jpg,0067_cut_005.jpg,67,space_notext,space,0,space_notext,train,855
C:\Temp\deep\labeled_dataset\space_notext\0070_cut_003.jpg,0070_cut_003.jpg,70,space_notext,space,0,space_notext,train,856
C:\Temp\deep\labeled_dataset\space_notext\0070_cut_004.jpg,0070_cut_004.jpg,70,space_notext,space,0,space_notext,train,857
C:\Temp\deep\labeled_dataset\space_notext\0073_cut_004.jpg,0073_cut_004.jpg,73,space_notext,space,0,space_notext,train,858
C:\Temp\deep\labeled_dataset\space_notext\0078_cut_001.jpg,0078_cut_001.jpg,78,space_notext,space,0,space_notext,train,859
C:\Temp\deep\labeled_dataset\space_notext\0090_cut_003.jpg,0090_cut_003.jpg,90,space_notext,space,0,space_notext,test,860
C:\Temp\deep\labeled_dataset\space_notext\0090_cut_004.jpg,0090_cut_004.jpg,90,space_notext,space,0,space_notext,test,861
C:\Temp\deep\labeled_dataset\space_notext\0090_cut_005.jpg,0090_cut_005.jpg,90,space_notext,space,0,space_notext,test,862
C:\Temp\deep\labeled_dataset\space_notext\0090_cut_006.jpg,0090_cut_006.jpg,90,space_notext,space,0,space_notext,test,863
C:\Temp\deep\labeled_dataset\space_notext\0101_cut_001.jpg,0101_cut_001.jpg,101,space_notext,space,0,space_notext,train,864
C:\Temp\deep\labeled_dataset\space_notext\0106_cut_001.jpg,0106_cut_001.jpg,106,space_notext,space,0,space_notext,val,865
C:\Temp\deep\labeled_dataset\space_notext\0106_cut_002.jpg,0106_cut_002.jpg,106,space_notext,space,0,space_notext,val,866
C:\Temp\deep\labeled_dataset\space_notext\0106_cut_004.jpg,0106_cut_004.jpg,106,space_notext,space,0,space_notext,val,867
C:\Temp\deep\labeled_dataset\space_notext\0106_cut_006.jpg,0106_cut_006.jpg,106,space_notext,space,0,space_notext,val,868
C:\Temp\deep\labeled_dataset\space_notext\0107_cut_001.jpg,0107_cut_001.jpg,107,space_notext,space,0,space_notext,train,869
C:\Temp\deep\labeled_dataset\space_notext\0108_cut_001.jpg,0108_cut_001.jpg,108,space_notext,space,0,space_notext,train,870
C:\Temp\deep\labeled_dataset\space_notext\0111_cut_001.jpg,0111_cut_001.jpg,111,space_notext,space,0,space_notext,train,871
C:\Temp\deep\labeled_dataset\space_notext\0111_cut_002.jpg,0111_cut_002.jpg,111,space_notext,space,0,space_notext,train,872
C:\Temp\deep\labeled_dataset\space_notext\0111_cut_003.jpg,0111_cut_003.jpg,111,space_notext,space,0,space_notext,train,873
C:\Temp\deep\labeled_dataset\space_notext\0111_cut_004.jpg,0111_cut_004.jpg,111,space_notext,space,0,space_notext,train,874
C:\Temp\deep\labeled_dataset\space_notext\0111_cut_005.jpg,0111_cut_005.jpg,111,space_notext,space,0,space_notext,train,875
C:\Temp\deep\labeled_dataset\space_text\0005_cut_009.jpg,0005_cut_009.jpg,5,space_text,space,1,space_text,train,876
C:\Temp\deep\labeled_dataset\space_text\0007_cut_006.jpg,0007_cut_006.jpg,7,space_text,space,1,space_text,test,877
C:\Temp\deep\labeled_dataset\space_text\0008_cut_001.jpg,0008_cut_001.jpg,8,space_text,space,1,space_text,test,878
C:\Temp\deep\labeled_dataset\space_text\0008_cut_002.jpg,0008_cut_002.jpg,8,space_text,space,1,space_text,test,879
C:\Temp\deep\labeled_dataset\space_text\0008_cut_004.jpg,0008_cut_004.jpg,8,space_text,space,1,space_text,test,880
C:\Temp\deep\labeled_dataset\space_text\0008_cut_005.jpg,0008_cut_005.jpg,8,space_text,space,1,space_text,test,881
C:\Temp\deep\labeled_dataset\space_text\0008_cut_006.jpg,0008_cut_006.jpg,8,space_text,space,1,space_text,test,882
C:\Temp\deep\labeled_dataset\space_text\0008_cut_007.jpg,0008_cut_007.jpg,8,space_text,space,1,space_text,test,883
C:\Temp\deep\labeled_dataset\space_text\0008_cut_010.jpg,0008_cut_010.jpg,8,space_text,space,1,space_text,test,884
C:\Temp\deep\labeled_dataset\space_text\0008_cut_014.jpg,0008_cut_014.jpg,8,space_text,space,1,space_text,test,885
C:\Temp\deep\labeled_dataset\space_text\0008_cut_018.jpg,0008_cut_018.jpg,8,space_text,space,1,space_text,test,886
C:\Temp\deep\labeled_dataset\space_text\0008_cut_019.jpg,0008_cut_019.jpg,8,space_text,space,1,space_text,test,887
C:\Temp\deep\labeled_dataset\space_text\0008_cut_024.jpg,0008_cut_024.jpg,8,space_text,space,1,space_text,test,888
C:\Temp\deep\labeled_dataset\space_text\0008_cut_025.jpg,0008_cut_025.jpg,8,space_text,space,1,space_text,test,889
C:\Temp\deep\labeled_dataset\space_text\0010_cut_019.jpg,0010_cut_019.jpg,10,space_text,space,1,space_text,val,890
C:\Temp\deep\labeled_dataset\space_text\0012_cut_001.jpg,0012_cut_001.jpg,12,space_text,space,1,space_text,train,891
C:\Temp\deep\labeled_dataset\space_text\0012_cut_003.jpg,0012_cut_003.jpg,12,space_text,space,1,space_text,train,892
C:\Temp\deep\labeled_dataset\space_text\0016_cut_002.jpg,0016_cut_002.jpg,16,space_text,space,1,space_text,val,893
C:\Temp\deep\labeled_dataset\space_text\0016_cut_004.jpg,0016_cut_004.jpg,16,space_text,space,1,space_text,val,894
C:\Temp\deep\labeled_dataset\space_text\0016_cut_006.jpg,0016_cut_006.jpg,16,space_text,space,1,space_text,val,895
C:\Temp\deep\labeled_dataset\space_text\0016_cut_008.jpg,0016_cut_008.jpg,16,space_text,space,1,space_text,val,896
C:\Temp\deep\labeled_dataset\space_text\0016_cut_012.jpg,0016_cut_012.jpg,16,space_text,space,1,space_text,val,897
C:\Temp\deep\labeled_dataset\space_text\0029_cut_002.jpg,0029_cut_002.jpg,29,space_text,space,1,space_text,train,898
C:\Temp\deep\labeled_dataset\space_text\0029_cut_003.jpg,0029_cut_003.jpg,29,space_text,space,1,space_text,train,899
C:\Temp\deep\labeled_dataset\space_text\0029_cut_008.jpg,0029_cut_008.jpg,29,space_text,space,1,space_text,train,900
C:\Temp\deep\labeled_dataset\space_text\0029_cut_011.jpg,0029_cut_011.jpg,29,space_text,space,1,space_text,train,901
C:\Temp\deep\labeled_dataset\space_text\0029_cut_013.jpg,0029_cut_013.jpg,29,space_text,space,1,space_text,train,902
C:\Temp\deep\labeled_dataset\space_text\0029_cut_014.jpg,0029_cut_014.jpg,29,space_text,space,1,space_text,train,903
C:\Temp\deep\labeled_dataset\space_text\0029_cut_016.jpg,0029_cut_016.jpg,29,space_text,space,1,space_text,train,904
C:\Temp\deep\labeled_dataset\space_text\0029_cut_017.jpg,0029_cut_017.jpg,29,space_text,space,1,space_text,train,905
C:\Temp\deep\labeled_dataset\space_text\0029_cut_018.jpg,0029_cut_018.jpg,29,space_text,space,1,space_text,train,906
C:\Temp\deep\labeled_dataset\space_text\0029_cut_023.jpg,0029_cut_023.jpg,29,space_text,space,1,space_text,train,907
C:\Temp\deep\labeled_dataset\space_text\0029_cut_024.jpg,0029_cut_024.jpg,29,space_text,space,1,space_text,train,908
C:\Temp\deep\labeled_dataset\space_text\0029_cut_025.jpg,0029_cut_025.jpg,29,space_text,space,1,space_text,train,909
C:\Temp\deep\labeled_dataset\space_text\0029_cut_026.jpg,0029_cut_026.jpg,29,space_text,space,1,space_text,train,910
C:\Temp\deep\labeled_dataset\space_text\0029_cut_028.jpg,0029_cut_028.jpg,29,space_text,space,1,space_text,train,911
C:\Temp\deep\labeled_dataset\space_text\0030_cut_012.jpg,0030_cut_012.jpg,30,space_text,space,1,space_text,val,912
C:\Temp\deep\labeled_dataset\space_text\0040_cut_006.jpg,0040_cut_006.jpg,40,space_text,space,1,space_text,train,913
C:\Temp\deep\labeled_dataset\space_text\0040_cut_007.jpg,0040_cut_007.jpg,40,space_text,space,1,space_text,train,914
C:\Temp\deep\labeled_dataset\space_text\0042_cut_005.jpg,0042_cut_005.jpg,42,space_text,space,1,space_text,train,915
C:\Temp\deep\labeled_dataset\space_text\0048_cut_003.jpg,0048_cut_003.jpg,48,space_text,space,1,space_text,test,916
C:\Temp\deep\labeled_dataset\space_text\0056_cut_003.jpg,0056_cut_003.jpg,56,space_text,space,1,space_text,train,917
C:\Temp\deep\labeled_dataset\space_text\0056_cut_007.jpg,0056_cut_007.jpg,56,space_text,space,1,space_text,train,918
C:\Temp\deep\labeled_dataset\space_text\0056_cut_008.jpg,0056_cut_008.jpg,56,space_text,space,1,space_text,train,919
C:\Temp\deep\labeled_dataset\space_text\0056_cut_009.jpg,0056_cut_009.jpg,56,space_text,space,1,space_text,train,920
C:\Temp\deep\labeled_dataset\space_text\0056_cut_011.jpg,0056_cut_011.jpg,56,space_text,space,1,space_text,train,921
C:\Temp\deep\labeled_dataset\space_text\0056_cut_012.jpg,0056_cut_012.jpg,56,space_text,space,1,space_text,train,922
C:\Temp\deep\labeled_dataset\space_text\0056_cut_014.jpg,0056_cut_014.jpg,56,space_text,space,1,space_text,train,923
C:\Temp\deep\labeled_dataset\space_text\0056_cut_019.jpg,0056_cut_019.jpg,56,space_text,space,1,space_text,train,924
C:\Temp\deep\labeled_dataset\space_text\0056_cut_021.jpg,0056_cut_021.jpg,56,space_text,space,1,space_text,train,925
C:\Temp\deep\labeled_dataset\space_text\0056_cut_026.jpg,0056_cut_026.jpg,56,space_text,space,1,space_text,train,926
C:\Temp\deep\labeled_dataset\space_text\0056_cut_028.jpg,0056_cut_028.jpg,56,space_text,space,1,space_text,train,927
C:\Temp\deep\labeled_dataset\space_text\0056_cut_030.jpg,0056_cut_030.jpg,56,space_text,space,1,space_text,train,928
C:\Temp\deep\labeled_dataset\space_text\0058_cut_003.jpg,0058_cut_003.jpg,58,space_text,space,1,space_text,train,929
C:\Temp\deep\labeled_dataset\space_text\0060_cut_003.jpg,0060_cut_003.jpg,60,space_text,space,1,space_text,train,930
C:\Temp\deep\labeled_dataset\space_text\0060_cut_006.jpg,0060_cut_006.jpg,60,space_text,space,1,space_text,train,931
C:\Temp\deep\labeled_dataset\space_text\0060_cut_007.jpg,0060_cut_007.jpg,60,space_text,space,1,space_text,train,932
C:\Temp\deep\labeled_dataset\space_text\0060_cut_008.jpg,0060_cut_008.jpg,60,space_text,space,1,space_text,train,933
C:\Temp\deep\labeled_dataset\space_text\0060_cut_010.jpg,0060_cut_010.jpg,60,space_text,space,1,space_text,train,934
C:\Temp\deep\labeled_dataset\space_text\0061_cut_001.jpg,0061_cut_001.jpg,61,space_text,space,1,space_text,train,935
C:\Temp\deep\labeled_dataset\space_text\0061_cut_002.jpg,0061_cut_002.jpg,61,space_text,space,1,space_text,train,936
C:\Temp\deep\labeled_dataset\space_text\0061_cut_004.jpg,0061_cut_004.jpg,61,space_text,space,1,space_text,train,937
C:\Temp\deep\labeled_dataset\space_text\0061_cut_007.jpg,0061_cut_007.jpg,61,space_text,space,1,space_text,train,938
C:\Temp\deep\labeled_dataset\space_text\0063_cut_005.jpg,0063_cut_005.jpg,63,space_text,space,1,space_text,train,939
C:\Temp\deep\labeled_dataset\space_text\0066_cut_002.jpg,0066_cut_002.jpg,66,space_text,space,1,space_text,val,940
C:\Temp\deep\labeled_dataset\space_text\0069_cut_003.jpg,0069_cut_003.jpg,69,space_text,space,1,space_text,train,941
C:\Temp\deep\labeled_dataset\space_text\0070_cut_005.jpg,0070_cut_005.jpg,70,space_text,space,1,space_text,train,942
C:\Temp\deep\labeled_dataset\space_text\0071_cut_006.jpg,0071_cut_006.jpg,71,space_text,space,1,space_text,val,943
C:\Temp\deep\labeled_dataset\space_text\0071_cut_007.jpg,0071_cut_007.jpg,71,space_text,space,1,space_text,val,944
C:\Temp\deep\labeled_dataset\space_text\0074_cut_004.jpg,0074_cut_004.jpg,74,space_text,space,1,space_text,train,945
C:\Temp\deep\labeled_dataset\space_text\0076_cut_005.jpg,0076_cut_005.jpg,76,space_text,space,1,space_text,test,946
C:\Temp\deep\labeled_dataset\space_text\0079_cut_001.jpg,0079_cut_001.jpg,79,space_text,space,1,space_text,train,947
C:\Temp\deep\labeled_dataset\space_text\0080_cut_001.jpg,0080_cut_001.jpg,80,space_text,space,1,space_text,train,948
C:\Temp\deep\labeled_dataset\space_text\0080_cut_002.jpg,0080_cut_002.jpg,80,space_text,space,1,space_text,train,949
C:\Temp\deep\labeled_dataset\space_text\0080_cut_013.jpg,0080_cut_013.jpg,80,space_text,space,1,space_text,train,950
C:\Temp\deep\labeled_dataset\space_text\0080_cut_014.jpg,0080_cut_014.jpg,80,space_text,space,1,space_text,train,951
C:\Temp\deep\labeled_dataset\space_text\0092_cut_015.jpg,0092_cut_015.jpg,92,space_text,space,1,space_text,train,952
C:\Temp\deep\labeled_dataset\space_text\0092_cut_016.jpg,0092_cut_016.jpg,92,space_text,space,1,space_text,train,953
C:\Temp\deep\labeled_dataset\space_text\0097_cut_002.jpg,0097_cut_002.jpg,97,space_text,space,1,space_text,train,954
C:\Temp\deep\labeled_dataset\space_text\0099_cut_005.jpg,0099_cut_005.jpg,99,space_text,space,1,space_text,test,955
C:\Temp\deep\labeled_dataset\space_text\0101_cut_002.jpg,0101_cut_002.jpg,101,space_text,space,1,space_text,train,956
C:\Temp\deep\labeled_dataset\space_text\0101_cut_003.jpg,0101_cut_003.jpg,101,space_text,space,1,space_text,train,957
C:\Temp\deep\labeled_dataset\space_text\0103_cut_003.jpg,0103_cut_003.jpg,103,space_text,space,1,space_text,val,958
C:\Temp\deep\labeled_dataset\space_text\0104_cut_004.jpg,0104_cut_004.jpg,104,space_text,space,1,space_text,train,959
C:\Temp\deep\labeled_dataset\space_text\0106_cut_003.jpg,0106_cut_003.jpg,106,space_text,space,1,space_text,val,960
C:\Temp\deep\labeled_dataset\space_text\0106_cut_005.jpg,0106_cut_005.jpg,106,space_text,space,1,space_text,val,961
C:\Temp\deep\labeled_dataset\space_text\0106_cut_007.jpg,0106_cut_007.jpg,106,space_text,space,1,space_text,val,962
C:\Temp\deep\labeled_dataset\space_text\0108_cut_002.jpg,0108_cut_002.jpg,108,space_text,space,1,space_text,train,963
C:\Temp\deep\labeled_dataset\space_text\0114_cut_007.jpg,0114_cut_007.jpg,114,space_text,space,1,space_text,test,964
C:\Temp\deep\labeled_dataset\space_text\0116_cut_002.jpg,0116_cut_002.jpg,116,space_text,space,1,space_text,train,965
C:\Temp\deep\labeled_dataset\space_text\0118_cut_001.jpg,0118_cut_001.jpg,118,space_text,space,1,space_text,test,966
C:\Temp\deep\labeled_dataset\space_text\0118_cut_002.jpg,0118_cut_002.jpg,118,space_text,space,1,space_text,test,967
C:\Temp\deep\labeled_dataset\space_text\0118_cut_003.jpg,0118_cut_003.jpg,118,space_text,space,1,space_text,test,968
C:\Temp\deep\labeled_dataset\space_text\0118_cut_004.jpg,0118_cut_004.jpg,118,space_text,space,1,space_text,test,969
C:\Temp\deep\labeled_dataset\space_text\0118_cut_005.jpg,0118_cut_005.jpg,118,space_text,space,1,space_text,test,970
C:\Temp\deep\labeled_dataset\space_text\0129_cut_009.jpg,0129_cut_009.jpg,129,space_text,space,1,space_text,train,971
C:\Temp\deep\labeled_dataset\wide_notext\0003_cut_003.jpg,0003_cut_003.jpg,3,wide_notext,wide,0,wide_notext,test,972
C:\Temp\deep\labeled_dataset\wide_notext\0003_cut_007.jpg,0003_cut_007.jpg,3,wide_notext,wide,0,wide_notext,test,973
C:\Temp\deep\labeled_dataset\wide_notext\0003_cut_010.jpg,0003_cut_010.jpg,3,wide_notext,wide,0,wide_notext,test,974
C:\Temp\deep\labeled_dataset\wide_notext\0003_cut_012.jpg,0003_cut_012.jpg,3,wide_notext,wide,0,wide_notext,test,975
C:\Temp\deep\labeled_dataset\wide_notext\0003_cut_014.jpg,0003_cut_014.jpg,3,wide_notext,wide,0,wide_notext,test,976
C:\Temp\deep\labeled_dataset\wide_notext\0013_cut_022.jpg,0013_cut_022.jpg,13,wide_notext,wide,0,wide_notext,train,977
C:\Temp\deep\labeled_dataset\wide_notext\0022_cut_002.jpg,0022_cut_002.jpg,22,wide_notext,wide,0,wide_notext,test,978
C:\Temp\deep\labeled_dataset\wide_notext\0030_cut_008.jpg,0030_cut_008.jpg,30,wide_notext,wide,0,wide_notext,val,979
C:\Temp\deep\labeled_dataset\wide_notext\0034_cut_004.jpg,0034_cut_004.jpg,34,wide_notext,wide,0,wide_notext,val,980
C:\Temp\deep\labeled_dataset\wide_notext\0035_cut_001.jpg,0035_cut_001.jpg,35,wide_notext,wide,0,wide_notext,train,981
C:\Temp\deep\labeled_dataset\wide_notext\0035_cut_003.jpg,0035_cut_003.jpg,35,wide_notext,wide,0,wide_notext,train,982
C:\Temp\deep\labeled_dataset\wide_notext\0036_cut_002.jpg,0036_cut_002.jpg,36,wide_notext,wide,0,wide_notext,train,983
C:\Temp\deep\labeled_dataset\wide_notext\0036_cut_007.jpg,0036_cut_007.jpg,36,wide_notext,wide,0,wide_notext,train,984
C:\Temp\deep\labeled_dataset\wide_notext\0038_cut_003.jpg,0038_cut_003.jpg,38,wide_notext,wide,0,wide_notext,train,985
C:\Temp\deep\labeled_dataset\wide_notext\0038_cut_004.jpg,0038_cut_004.jpg,38,wide_notext,wide,0,wide_notext,train,986
C:\Temp\deep\labeled_dataset\wide_notext\0038_cut_005.jpg,0038_cut_005.jpg,38,wide_notext,wide,0,wide_notext,train,987
C:\Temp\deep\labeled_dataset\wide_notext\0039_cut_005.jpg,0039_cut_005.jpg,39,wide_notext,wide,0,wide_notext,train,988
C:\Temp\deep\labeled_dataset\wide_notext\0043_cut_003.jpg,0043_cut_003.jpg,43,wide_notext,wide,0,wide_notext,train,989
C:\Temp\deep\labeled_dataset\wide_notext\0043_cut_004.jpg,0043_cut_004.jpg,43,wide_notext,wide,0,wide_notext,train,990
C:\Temp\deep\labeled_dataset\wide_notext\0043_cut_006.jpg,0043_cut_006.jpg,43,wide_notext,wide,0,wide_notext,train,991
C:\Temp\deep\labeled_dataset\wide_notext\0045_cut_001.jpg,0045_cut_001.jpg,45,wide_notext,wide,0,wide_notext,train,992
C:\Temp\deep\labeled_dataset\wide_notext\0046_cut_003.jpg,0046_cut_003.jpg,46,wide_notext,wide,0,wide_notext,train,993
C:\Temp\deep\labeled_dataset\wide_notext\0050_cut_002.jpg,0050_cut_002.jpg,50,wide_notext,wide,0,wide_notext,train,994
C:\Temp\deep\labeled_dataset\wide_notext\0050_cut_003.jpg,0050_cut_003.jpg,50,wide_notext,wide,0,wide_notext,train,995
C:\Temp\deep\labeled_dataset\wide_notext\0050_cut_006.jpg,0050_cut_006.jpg,50,wide_notext,wide,0,wide_notext,train,996
C:\Temp\deep\labeled_dataset\wide_notext\0050_cut_007.jpg,0050_cut_007.jpg,50,wide_notext,wide,0,wide_notext,train,997
C:\Temp\deep\labeled_dataset\wide_notext\0053_cut_017.jpg,0053_cut_017.jpg,53,wide_notext,wide,0,wide_notext,test,998
C:\Temp\deep\labeled_dataset\wide_notext\0054_cut_004.jpg,0054_cut_004.jpg,54,wide_notext,wide,0,wide_notext,train,999
C:\Temp\deep\labeled_dataset\wide_notext\0054_cut_006.jpg,0054_cut_006.jpg,54,wide_notext,wide,0,wide_notext,train,1000
C:\Temp\deep\labeled_dataset\wide_notext\0054_cut_007.jpg,0054_cut_007.jpg,54,wide_notext,wide,0,wide_notext,train,1001
C:\Temp\deep\labeled_dataset\wide_notext\0054_cut_009.jpg,0054_cut_009.jpg,54,wide_notext,wide,0,wide_notext,train,1002
C:\Temp\deep\labeled_dataset\wide_notext\0054_cut_011.jpg,0054_cut_011.jpg,54,wide_notext,wide,0,wide_notext,train,1003
C:\Temp\deep\labeled_dataset\wide_notext\0054_cut_014.jpg,0054_cut_014.jpg,54,wide_notext,wide,0,wide_notext,train,1004
C:\Temp\deep\labeled_dataset\wide_notext\0067_cut_002.jpg,0067_cut_002.jpg,67,wide_notext,wide,0,wide_notext,train,1005
C:\Temp\deep\labeled_dataset\wide_notext\0067_cut_004.jpg,0067_cut_004.jpg,67,wide_notext,wide,0,wide_notext,train,1006
C:\Temp\deep\labeled_dataset\wide_notext\0076_cut_001.jpg,0076_cut_001.jpg,76,wide_notext,wide,0,wide_notext,test,1007
C:\Temp\deep\labeled_dataset\wide_notext\0081_cut_001.jpg,0081_cut_001.jpg,81,wide_notext,wide,0,wide_notext,train,1008
C:\Temp\deep\labeled_dataset\wide_notext\0081_cut_005.jpg,0081_cut_005.jpg,81,wide_notext,wide,0,wide_notext,train,1009
C:\Temp\deep\labeled_dataset\wide_notext\0084_cut_006.jpg,0084_cut_006.jpg,84,wide_notext,wide,0,wide_notext,train,1010
C:\Temp\deep\labeled_dataset\wide_notext\0090_cut_002.jpg,0090_cut_002.jpg,90,wide_notext,wide,0,wide_notext,test,1011
C:\Temp\deep\labeled_dataset\wide_notext\0094_cut_002.jpg,0094_cut_002.jpg,94,wide_notext,wide,0,wide_notext,train,1012
C:\Temp\deep\labeled_dataset\wide_notext\0107_cut_002.jpg,0107_cut_002.jpg,107,wide_notext,wide,0,wide_notext,train,1013
C:\Temp\deep\labeled_dataset\wide_notext\0107_cut_003.jpg,0107_cut_003.jpg,107,wide_notext,wide,0,wide_notext,train,1014
C:\Temp\deep\labeled_dataset\wide_notext\0107_cut_004.jpg,0107_cut_004.jpg,107,wide_notext,wide,0,wide_notext,train,1015
C:\Temp\deep\labeled_dataset\wide_notext\0109_cut_006.jpg,0109_cut_006.jpg,109,wide_notext,wide,0,wide_notext,train,1016
C:\Temp\deep\labeled_dataset\wide_notext\0109_cut_007.jpg,0109_cut_007.jpg,109,wide_notext,wide,0,wide_notext,train,1017
C:\Temp\deep\labeled_dataset\wide_notext\0119_cut_008.jpg,0119_cut_008.jpg,119,wide_notext,wide,0,wide_notext,train,1018
C:\Temp\deep\labeled_dataset\wide_notext\0120_cut_001.jpg,0120_cut_001.jpg,120,wide_notext,wide,0,wide_notext,train,1019
C:\Temp\deep\labeled_dataset\wide_notext\0121_cut_001.jpg,0121_cut_001.jpg,121,wide_notext,wide,0,wide_notext,train,1020
C:\Temp\deep\labeled_dataset\wide_notext\0121_cut_002.jpg,0121_cut_002.jpg,121,wide_notext,wide,0,wide_notext,train,1021
C:\Temp\deep\labeled_dataset\wide_notext\0123_cut_004.jpg,0123_cut_004.jpg,123,wide_notext,wide,0,wide_notext,train,1022
C:\Temp\deep\labeled_dataset\wide_notext\0123_cut_005.jpg,0123_cut_005.jpg,123,wide_notext,wide,0,wide_notext,train,1023
C:\Temp\deep\labeled_dataset\wide_notext\0123_cut_006.jpg,0123_cut_006.jpg,123,wide_notext,wide,0,wide_notext,train,1024
C:\Temp\deep\labeled_dataset\wide_notext\0123_cut_007.jpg,0123_cut_007.jpg,123,wide_notext,wide,0,wide_notext,train,1025
C:\Temp\deep\labeled_dataset\wide_notext\0123_cut_008.jpg,0123_cut_008.jpg,123,wide_notext,wide,0,wide_notext,train,1026
C:\Temp\deep\labeled_dataset\wide_notext\0124_cut_002.jpg,0124_cut_002.jpg,124,wide_notext,wide,0,wide_notext,test,1027
C:\Temp\deep\labeled_dataset\wide_notext\0124_cut_003.jpg,0124_cut_003.jpg,124,wide_notext,wide,0,wide_notext,test,1028
C:\Temp\deep\labeled_dataset\wide_notext\0124_cut_004.jpg,0124_cut_004.jpg,124,wide_notext,wide,0,wide_notext,test,1029
C:\Temp\deep\labeled_dataset\wide_notext\0124_cut_007.jpg,0124_cut_007.jpg,124,wide_notext,wide,0,wide_notext,test,1030
C:\Temp\deep\labeled_dataset\wide_notext\0124_cut_008.jpg,0124_cut_008.jpg,124,wide_notext,wide,0,wide_notext,test,1031
C:\Temp\deep\labeled_dataset\wide_notext\0124_cut_010.jpg,0124_cut_010.jpg,124,wide_notext,wide,0,wide_notext,test,1032
C:\Temp\deep\labeled_dataset\wide_notext\0126_cut_002.jpg,0126_cut_002.jpg,126,wide_notext,wide,0,wide_notext,test,1033
C:\Temp\deep\labeled_dataset\wide_notext\0126_cut_003.jpg,0126_cut_003.jpg,126,wide_notext,wide,0,wide_notext,test,1034
C:\Temp\deep\labeled_dataset\wide_notext\0126_cut_004.jpg,0126_cut_004.jpg,126,wide_notext,wide,0,wide_notext,test,1035
C:\Temp\deep\labeled_dataset\wide_notext\0126_cut_005.jpg,0126_cut_005.jpg,126,wide_notext,wide,0,wide_notext,test,1036
C:\Temp\deep\labeled_dataset\wide_notext\0126_cut_006.jpg,0126_cut_006.jpg,126,wide_notext,wide,0,wide_notext,test,1037
C:\Temp\deep\labeled_dataset\wide_notext\0126_cut_007.jpg,0126_cut_007.jpg,126,wide_notext,wide,0,wide_notext,test,1038
C:\Temp\deep\labeled_dataset\wide_notext\0126_cut_008.jpg,0126_cut_008.jpg,126,wide_notext,wide,0,wide_notext,test,1039
C:\Temp\deep\labeled_dataset\wide_notext\0126_cut_009.jpg,0126_cut_009.jpg,126,wide_notext,wide,0,wide_notext,test,1040
C:\Temp\deep\labeled_dataset\wide_notext\0127_cut_003.jpg,0127_cut_003.jpg,127,wide_notext,wide,0,wide_notext,train,1041
C:\Temp\deep\labeled_dataset\wide_notext\0127_cut_004.jpg,0127_cut_004.jpg,127,wide_notext,wide,0,wide_notext,train,1042
C:\Temp\deep\labeled_dataset\wide_notext\0130_cut_002.jpg,0130_cut_002.jpg,130,wide_notext,wide,0,wide_notext,train,1043
C:\Temp\deep\labeled_dataset\wide_notext\0130_cut_003.jpg,0130_cut_003.jpg,130,wide_notext,wide,0,wide_notext,train,1044
C:\Temp\deep\labeled_dataset\wide_text\0001_cut_003.jpg,0001_cut_003.jpg,1,wide_text,wide,1,wide_text,test,1045
C:\Temp\deep\labeled_dataset\wide_text\0003_cut_001.jpg,0003_cut_001.jpg,3,wide_text,wide,1,wide_text,test,1046
C:\Temp\deep\labeled_dataset\wide_text\0004_cut_012.jpg,0004_cut_012.jpg,4,wide_text,wide,1,wide_text,val,1047
C:\Temp\deep\labeled_dataset\wide_text\0005_cut_002.jpg,0005_cut_002.jpg,5,wide_text,wide,1,wide_text,train,1048
C:\Temp\deep\labeled_dataset\wide_text\0005_cut_004.jpg,0005_cut_004.jpg,5,wide_text,wide,1,wide_text,train,1049
C:\Temp\deep\labeled_dataset\wide_text\0005_cut_011.jpg,0005_cut_011.jpg,5,wide_text,wide,1,wide_text,train,1050
C:\Temp\deep\labeled_dataset\wide_text\0007_cut_005.jpg,0007_cut_005.jpg,7,wide_text,wide,1,wide_text,test,1051
C:\Temp\deep\labeled_dataset\wide_text\0007_cut_007.jpg,0007_cut_007.jpg,7,wide_text,wide,1,wide_text,test,1052
C:\Temp\deep\labeled_dataset\wide_text\0007_cut_008.jpg,0007_cut_008.jpg,7,wide_text,wide,1,wide_text,test,1053
C:\Temp\deep\labeled_dataset\wide_text\0008_cut_015.jpg,0008_cut_015.jpg,8,wide_text,wide,1,wide_text,test,1054
C:\Temp\deep\labeled_dataset\wide_text\0011_cut_004.jpg,0011_cut_004.jpg,11,wide_text,wide,1,wide_text,train,1055
C:\Temp\deep\labeled_dataset\wide_text\0011_cut_006.jpg,0011_cut_006.jpg,11,wide_text,wide,1,wide_text,train,1056
C:\Temp\deep\labeled_dataset\wide_text\0011_cut_007.jpg,0011_cut_007.jpg,11,wide_text,wide,1,wide_text,train,1057
C:\Temp\deep\labeled_dataset\wide_text\0011_cut_011.jpg,0011_cut_011.jpg,11,wide_text,wide,1,wide_text,train,1058
C:\Temp\deep\labeled_dataset\wide_text\0012_cut_004.jpg,0012_cut_004.jpg,12,wide_text,wide,1,wide_text,train,1059
C:\Temp\deep\labeled_dataset\wide_text\0014_cut_001.jpg,0014_cut_001.jpg,14,wide_text,wide,1,wide_text,train,1060
C:\Temp\deep\labeled_dataset\wide_text\0014_cut_002.jpg,0014_cut_002.jpg,14,wide_text,wide,1,wide_text,train,1061
C:\Temp\deep\labeled_dataset\wide_text\0014_cut_003.jpg,0014_cut_003.jpg,14,wide_text,wide,1,wide_text,train,1062
C:\Temp\deep\labeled_dataset\wide_text\0014_cut_004.jpg,0014_cut_004.jpg,14,wide_text,wide,1,wide_text,train,1063
C:\Temp\deep\labeled_dataset\wide_text\0014_cut_005.jpg,0014_cut_005.jpg,14,wide_text,wide,1,wide_text,train,1064
C:\Temp\deep\labeled_dataset\wide_text\0014_cut_008.jpg,0014_cut_008.jpg,14,wide_text,wide,1,wide_text,train,1065
C:\Temp\deep\labeled_dataset\wide_text\0016_cut_005.jpg,0016_cut_005.jpg,16,wide_text,wide,1,wide_text,val,1066
C:\Temp\deep\labeled_dataset\wide_text\0016_cut_007.jpg,0016_cut_007.jpg,16,wide_text,wide,1,wide_text,val,1067
C:\Temp\deep\labeled_dataset\wide_text\0017_cut_001.jpg,0017_cut_001.jpg,17,wide_text,wide,1,wide_text,train,1068
C:\Temp\deep\labeled_dataset\wide_text\0017_cut_002.jpg,0017_cut_002.jpg,17,wide_text,wide,1,wide_text,train,1069
C:\Temp\deep\labeled_dataset\wide_text\0017_cut_008.jpg,0017_cut_008.jpg,17,wide_text,wide,1,wide_text,train,1070
C:\Temp\deep\labeled_dataset\wide_text\0017_cut_009.jpg,0017_cut_009.jpg,17,wide_text,wide,1,wide_text,train,1071
C:\Temp\deep\labeled_dataset\wide_text\0017_cut_011.jpg,0017_cut_011.jpg,17,wide_text,wide,1,wide_text,train,1072
C:\Temp\deep\labeled_dataset\wide_text\0017_cut_013.jpg,0017_cut_013.jpg,17,wide_text,wide,1,wide_text,train,1073
C:\Temp\deep\labeled_dataset\wide_text\0017_cut_014.jpg,0017_cut_014.jpg,17,wide_text,wide,1,wide_text,train,1074
C:\Temp\deep\labeled_dataset\wide_text\0018_cut_001.jpg,0018_cut_001.jpg,18,wide_text,wide,1,wide_text,val,1075
C:\Temp\deep\labeled_dataset\wide_text\0018_cut_002.jpg,0018_cut_002.jpg,18,wide_text,wide,1,wide_text,val,1076
C:\Temp\deep\labeled_dataset\wide_text\0019_cut_004.jpg,0019_cut_004.jpg,19,wide_text,wide,1,wide_text,test,1077
C:\Temp\deep\labeled_dataset\wide_text\0021_cut_002.jpg,0021_cut_002.jpg,21,wide_text,wide,1,wide_text,val,1078
C:\Temp\deep\labeled_dataset\wide_text\0021_cut_003.jpg,0021_cut_003.jpg,21,wide_text,wide,1,wide_text,val,1079
C:\Temp\deep\labeled_dataset\wide_text\0022_cut_003.jpg,0022_cut_003.jpg,22,wide_text,wide,1,wide_text,test,1080
C:\Temp\deep\labeled_dataset\wide_text\0022_cut_004.jpg,0022_cut_004.jpg,22,wide_text,wide,1,wide_text,test,1081
C:\Temp\deep\labeled_dataset\wide_text\0023_cut_003.jpg,0023_cut_003.jpg,23,wide_text,wide,1,wide_text,train,1082
C:\Temp\deep\labeled_dataset\wide_text\0024_cut_001.jpg,0024_cut_001.jpg,24,wide_text,wide,1,wide_text,train,1083
C:\Temp\deep\labeled_dataset\wide_text\0024_cut_005.jpg,0024_cut_005.jpg,24,wide_text,wide,1,wide_text,train,1084
C:\Temp\deep\labeled_dataset\wide_text\0024_cut_006.jpg,0024_cut_006.jpg,24,wide_text,wide,1,wide_text,train,1085
C:\Temp\deep\labeled_dataset\wide_text\0024_cut_007.jpg,0024_cut_007.jpg,24,wide_text,wide,1,wide_text,train,1086
C:\Temp\deep\labeled_dataset\wide_text\0024_cut_015.jpg,0024_cut_015.jpg,24,wide_text,wide,1,wide_text,train,1087
C:\Temp\deep\labeled_dataset\wide_text\0025_cut_002.jpg,0025_cut_002.jpg,25,wide_text,wide,1,wide_text,test,1088
C:\Temp\deep\labeled_dataset\wide_text\0026_cut_002.jpg,0026_cut_002.jpg,26,wide_text,wide,1,wide_text,train,1089
C:\Temp\deep\labeled_dataset\wide_text\0030_cut_010.jpg,0030_cut_010.jpg,30,wide_text,wide,1,wide_text,val,1090
C:\Temp\deep\labeled_dataset\wide_text\0030_cut_014.jpg,0030_cut_014.jpg,30,wide_text,wide,1,wide_text,val,1091
C:\Temp\deep\labeled_dataset\wide_text\0030_cut_016.jpg,0030_cut_016.jpg,30,wide_text,wide,1,wide_text,val,1092
C:\Temp\deep\labeled_dataset\wide_text\0030_cut_017.jpg,0030_cut_017.jpg,30,wide_text,wide,1,wide_text,val,1093
C:\Temp\deep\labeled_dataset\wide_text\0030_cut_018.jpg,0030_cut_018.jpg,30,wide_text,wide,1,wide_text,val,1094
C:\Temp\deep\labeled_dataset\wide_text\0030_cut_019.jpg,0030_cut_019.jpg,30,wide_text,wide,1,wide_text,val,1095
C:\Temp\deep\labeled_dataset\wide_text\0030_cut_020.jpg,0030_cut_020.jpg,30,wide_text,wide,1,wide_text,val,1096
C:\Temp\deep\labeled_dataset\wide_text\0030_cut_021.jpg,0030_cut_021.jpg,30,wide_text,wide,1,wide_text,val,1097
C:\Temp\deep\labeled_dataset\wide_text\0031_cut_001.jpg,0031_cut_001.jpg,31,wide_text,wide,1,wide_text,train,1098
C:\Temp\deep\labeled_dataset\wide_text\0031_cut_002.jpg,0031_cut_002.jpg,31,wide_text,wide,1,wide_text,train,1099
C:\Temp\deep\labeled_dataset\wide_text\0031_cut_003.jpg,0031_cut_003.jpg,31,wide_text,wide,1,wide_text,train,1100
C:\Temp\deep\labeled_dataset\wide_text\0032_cut_001.jpg,0032_cut_001.jpg,32,wide_text,wide,1,wide_text,train,1101
C:\Temp\deep\labeled_dataset\wide_text\0034_cut_001.jpg,0034_cut_001.jpg,34,wide_text,wide,1,wide_text,val,1102
C:\Temp\deep\labeled_dataset\wide_text\0034_cut_005.jpg,0034_cut_005.jpg,34,wide_text,wide,1,wide_text,val,1103
C:\Temp\deep\labeled_dataset\wide_text\0035_cut_002.jpg,0035_cut_002.jpg,35,wide_text,wide,1,wide_text,train,1104
C:\Temp\deep\labeled_dataset\wide_text\0035_cut_004.jpg,0035_cut_004.jpg,35,wide_text,wide,1,wide_text,train,1105
C:\Temp\deep\labeled_dataset\wide_text\0036_cut_004.jpg,0036_cut_004.jpg,36,wide_text,wide,1,wide_text,train,1106
C:\Temp\deep\labeled_dataset\wide_text\0037_cut_012.jpg,0037_cut_012.jpg,37,wide_text,wide,1,wide_text,test,1107
C:\Temp\deep\labeled_dataset\wide_text\0038_cut_002.jpg,0038_cut_002.jpg,38,wide_text,wide,1,wide_text,train,1108
C:\Temp\deep\labeled_dataset\wide_text\0039_cut_001.jpg,0039_cut_001.jpg,39,wide_text,wide,1,wide_text,train,1109
C:\Temp\deep\labeled_dataset\wide_text\0039_cut_003.jpg,0039_cut_003.jpg,39,wide_text,wide,1,wide_text,train,1110
C:\Temp\deep\labeled_dataset\wide_text\0039_cut_004.jpg,0039_cut_004.jpg,39,wide_text,wide,1,wide_text,train,1111
C:\Temp\deep\labeled_dataset\wide_text\0039_cut_006.jpg,0039_cut_006.jpg,39,wide_text,wide,1,wide_text,train,1112
C:\Temp\deep\labeled_dataset\wide_text\0040_cut_002.jpg,0040_cut_002.jpg,40,wide_text,wide,1,wide_text,train,1113
C:\Temp\deep\labeled_dataset\wide_text\0040_cut_010.jpg,0040_cut_010.jpg,40,wide_text,wide,1,wide_text,train,1114
C:\Temp\deep\labeled_dataset\wide_text\0040_cut_014.jpg,0040_cut_014.jpg,40,wide_text,wide,1,wide_text,train,1115
C:\Temp\deep\labeled_dataset\wide_text\0040_cut_016.jpg,0040_cut_016.jpg,40,wide_text,wide,1,wide_text,train,1116
C:\Temp\deep\labeled_dataset\wide_text\0042_cut_002.jpg,0042_cut_002.jpg,42,wide_text,wide,1,wide_text,train,1117
C:\Temp\deep\labeled_dataset\wide_text\0042_cut_006.jpg,0042_cut_006.jpg,42,wide_text,wide,1,wide_text,train,1118
C:\Temp\deep\labeled_dataset\wide_text\0046_cut_001.jpg,0046_cut_001.jpg,46,wide_text,wide,1,wide_text,train,1119
C:\Temp\deep\labeled_dataset\wide_text\0047_cut_001.jpg,0047_cut_001.jpg,47,wide_text,wide,1,wide_text,train,1120
C:\Temp\deep\labeled_dataset\wide_text\0047_cut_002.jpg,0047_cut_002.jpg,47,wide_text,wide,1,wide_text,train,1121
C:\Temp\deep\labeled_dataset\wide_text\0048_cut_004.jpg,0048_cut_004.jpg,48,wide_text,wide,1,wide_text,test,1122
C:\Temp\deep\labeled_dataset\wide_text\0048_cut_006.jpg,0048_cut_006.jpg,48,wide_text,wide,1,wide_text,test,1123
C:\Temp\deep\labeled_dataset\wide_text\0048_cut_007.jpg,0048_cut_007.jpg,48,wide_text,wide,1,wide_text,test,1124
C:\Temp\deep\labeled_dataset\wide_text\0049_cut_002.jpg,0049_cut_002.jpg,49,wide_text,wide,1,wide_text,train,1125
C:\Temp\deep\labeled_dataset\wide_text\0049_cut_003.jpg,0049_cut_003.jpg,49,wide_text,wide,1,wide_text,train,1126
C:\Temp\deep\labeled_dataset\wide_text\0050_cut_001.jpg,0050_cut_001.jpg,50,wide_text,wide,1,wide_text,train,1127
C:\Temp\deep\labeled_dataset\wide_text\0052_cut_019.jpg,0052_cut_019.jpg,52,wide_text,wide,1,wide_text,val,1128
C:\Temp\deep\labeled_dataset\wide_text\0054_cut_001.jpg,0054_cut_001.jpg,54,wide_text,wide,1,wide_text,train,1129
C:\Temp\deep\labeled_dataset\wide_text\0054_cut_013.jpg,0054_cut_013.jpg,54,wide_text,wide,1,wide_text,train,1130
C:\Temp\deep\labeled_dataset\wide_text\0056_cut_002.jpg,0056_cut_002.jpg,56,wide_text,wide,1,wide_text,train,1131
C:\Temp\deep\labeled_dataset\wide_text\0071_cut_002.jpg,0071_cut_002.jpg,71,wide_text,wide,1,wide_text,val,1132
C:\Temp\deep\labeled_dataset\wide_text\0074_cut_006.jpg,0074_cut_006.jpg,74,wide_text,wide,1,wide_text,train,1133
C:\Temp\deep\labeled_dataset\wide_text\0075_cut_001.jpg,0075_cut_001.jpg,75,wide_text,wide,1,wide_text,train,1134
C:\Temp\deep\labeled_dataset\wide_text\0075_cut_003.jpg,0075_cut_003.jpg,75,wide_text,wide,1,wide_text,train,1135
C:\Temp\deep\labeled_dataset\wide_text\0075_cut_006.jpg,0075_cut_006.jpg,75,wide_text,wide,1,wide_text,train,1136
C:\Temp\deep\labeled_dataset\wide_text\0075_cut_007.jpg,0075_cut_007.jpg,75,wide_text,wide,1,wide_text,train,1137
C:\Temp\deep\labeled_dataset\wide_text\0076_cut_007.jpg,0076_cut_007.jpg,76,wide_text,wide,1,wide_text,test,1138
C:\Temp\deep\labeled_dataset\wide_text\0080_cut_006.jpg,0080_cut_006.jpg,80,wide_text,wide,1,wide_text,train,1139
C:\Temp\deep\labeled_dataset\wide_text\0080_cut_008.jpg,0080_cut_008.jpg,80,wide_text,wide,1,wide_text,train,1140
C:\Temp\deep\labeled_dataset\wide_text\0082_cut_003.jpg,0082_cut_003.jpg,82,wide_text,wide,1,wide_text,val,1141
C:\Temp\deep\labeled_dataset\wide_text\0082_cut_006.jpg,0082_cut_006.jpg,82,wide_text,wide,1,wide_text,val,1142
C:\Temp\deep\labeled_dataset\wide_text\0082_cut_016.jpg,0082_cut_016.jpg,82,wide_text,wide,1,wide_text,val,1143
C:\Temp\deep\labeled_dataset\wide_text\0082_cut_017.jpg,0082_cut_017.jpg,82,wide_text,wide,1,wide_text,val,1144
C:\Temp\deep\labeled_dataset\wide_text\0083_cut_001.jpg,0083_cut_001.jpg,83,wide_text,wide,1,wide_text,test,1145
C:\Temp\deep\labeled_dataset\wide_text\0083_cut_002.jpg,0083_cut_002.jpg,83,wide_text,wide,1,wide_text,test,1146
C:\Temp\deep\labeled_dataset\wide_text\0083_cut_003.jpg,0083_cut_003.jpg,83,wide_text,wide,1,wide_text,test,1147
C:\Temp\deep\labeled_dataset\wide_text\0083_cut_004.jpg,0083_cut_004.jpg,83,wide_text,wide,1,wide_text,test,1148
C:\Temp\deep\labeled_dataset\wide_text\0087_cut_002.jpg,0087_cut_002.jpg,87,wide_text,wide,1,wide_text,test,1149
C:\Temp\deep\labeled_dataset\wide_text\0089_cut_002.jpg,0089_cut_002.jpg,89,wide_text,wide,1,wide_text,val,1150
C:\Temp\deep\labeled_dataset\wide_text\0089_cut_013.jpg,0089_cut_013.jpg,89,wide_text,wide,1,wide_text,val,1151
C:\Temp\deep\labeled_dataset\wide_text\0089_cut_014.jpg,0089_cut_014.jpg,89,wide_text,wide,1,wide_text,val,1152
C:\Temp\deep\labeled_dataset\wide_text\0090_cut_001.jpg,0090_cut_001.jpg,90,wide_text,wide,1,wide_text,test,1153
C:\Temp\deep\labeled_dataset\wide_text\0093_cut_006.jpg,0093_cut_006.jpg,93,wide_text,wide,1,wide_text,val,1154
C:\Temp\deep\labeled_dataset\wide_text\0093_cut_007.jpg,0093_cut_007.jpg,93,wide_text,wide,1,wide_text,val,1155
C:\Temp\deep\labeled_dataset\wide_text\0093_cut_017.jpg,0093_cut_017.jpg,93,wide_text,wide,1,wide_text,val,1156
C:\Temp\deep\labeled_dataset\wide_text\0099_cut_004.jpg,0099_cut_004.jpg,99,wide_text,wide,1,wide_text,test,1157
C:\Temp\deep\labeled_dataset\wide_text\0108_cut_004.jpg,0108_cut_004.jpg,108,wide_text,wide,1,wide_text,train,1158
C:\Temp\deep\labeled_dataset\wide_text\0109_cut_004.jpg,0109_cut_004.jpg,109,wide_text,wide,1,wide_text,train,1159
C:\Temp\deep\labeled_dataset\wide_text\0109_cut_005.jpg,0109_cut_005.jpg,109,wide_text,wide,1,wide_text,train,1160
C:\Temp\deep\labeled_dataset\wide_text\0110_cut_002.jpg,0110_cut_002.jpg,110,wide_text,wide,1,wide_text,train,1161
C:\Temp\deep\labeled_dataset\wide_text\0113_cut_002.jpg,0113_cut_002.jpg,113,wide_text,wide,1,wide_text,train,1162
C:\Temp\deep\labeled_dataset\wide_text\0113_cut_003.jpg,0113_cut_003.jpg,113,wide_text,wide,1,wide_text,train,1163
C:\Temp\deep\labeled_dataset\wide_text\0113_cut_009.jpg,0113_cut_009.jpg,113,wide_text,wide,1,wide_text,train,1164
C:\Temp\deep\labeled_dataset\wide_text\0113_cut_010.jpg,0113_cut_010.jpg,113,wide_text,wide,1,wide_text,train,1165
C:\Temp\deep\labeled_dataset\wide_text\0113_cut_011.jpg,0113_cut_011.jpg,113,wide_text,wide,1,wide_text,train,1166
C:\Temp\deep\labeled_dataset\wide_text\0113_cut_012.jpg,0113_cut_012.jpg,113,wide_text,wide,1,wide_text,train,1167
C:\Temp\deep\labeled_dataset\wide_text\0113_cut_013.jpg,0113_cut_013.jpg,113,wide_text,wide,1,wide_text,train,1168
C:\Temp\deep\labeled_dataset\wide_text\0115_cut_002.jpg,0115_cut_002.jpg,115,wide_text,wide,1,wide_text,test,1169
C:\Temp\deep\labeled_dataset\wide_text\0115_cut_003.jpg,0115_cut_003.jpg,115,wide_text,wide,1,wide_text,test,1170
C:\Temp\deep\labeled_dataset\wide_text\0115_cut_004.jpg,0115_cut_004.jpg,115,wide_text,wide,1,wide_text,test,1171
C:\Temp\deep\labeled_dataset\wide_text\0119_cut_009.jpg,0119_cut_009.jpg,119,wide_text,wide,1,wide_text,train,1172
C:\Temp\deep\labeled_dataset\wide_text\0119_cut_010.jpg,0119_cut_010.jpg,119,wide_text,wide,1,wide_text,train,1173
C:\Temp\deep\labeled_dataset\wide_text\0120_cut_003.jpg,0120_cut_003.jpg,120,wide_text,wide,1,wide_text,train,1174
C:\Temp\deep\labeled_dataset\wide_text\0120_cut_005.jpg,0120_cut_005.jpg,120,wide_text,wide,1,wide_text,train,1175
C:\Temp\deep\labeled_dataset\wide_text\0120_cut_007.jpg,0120_cut_007.jpg,120,wide_text,wide,1,wide_text,train,1176
C:\Temp\deep\labeled_dataset\wide_text\0124_cut_001.jpg,0124_cut_001.jpg,124,wide_text,wide,1,wide_text,test,1177
C:\Temp\deep\labeled_dataset\wide_text\0124_cut_005.jpg,0124_cut_005.jpg,124,wide_text,wide,1,wide_text,test,1178
C:\Temp\deep\labeled_dataset\wide_text\0124_cut_006.jpg,0124_cut_006.jpg,124,wide_text,wide,1,wide_text,test,1179
C:\Temp\deep\labeled_dataset\wide_text\0124_cut_009.jpg,0124_cut_009.jpg,124,wide_text,wide,1,wide_text,test,1180
C:\Temp\deep\labeled_dataset\wide_text\0124_cut_011.jpg,0124_cut_011.jpg,124,wide_text,wide,1,wide_text,test,1181
C:\Temp\deep\labeled_dataset\wide_text\0125_cut_005.jpg,0125_cut_005.jpg,125,wide_text,wide,1,wide_text,test,1182
C:\Temp\deep\labeled_dataset\wide_text\0126_cut_001.jpg,0126_cut_001.jpg,126,wide_text,wide,1,wide_text,test,1183
C:\Temp\deep\labeled_dataset\wide_text\0128_cut_001.jpg,0128_cut_001.jpg,128,wide_text,wide,1,wide_text,train,1184
C:\Temp\deep\labeled_dataset\wide_text\0129_cut_012.jpg,0129_cut_012.jpg,129,wide_text,wide,1,wide_text,train,1185
C:\Temp\deep\labeled_dataset\wide_text\0130_cut_001.jpg,0130_cut_001.jpg,130,wide_text,wide,1,wide_text,train,1186
C:\Temp\deep\labeled_dataset\wide_text\0130_cut_007.jpg,0130_cut_007.jpg,130,wide_text,wide,1,wide_text,train,1187
